Workbook

Sheet Consolidado
A1: Prioridade no Contato? | B1: Data Envio Paciente | C1: Motivo Envio | D1: Origem | E1: MO | F1: Nome do paciente | G1: CPF | H1: Data de Nascimento | I1: Idade | J1: Genero | K1: Estado | L1: Município | M1: Bairro | N1: Nível de Rede | O1: Telefone atualizado | P1: Profissional | Q1: Status BNF Linha | R1: Data de Inclusão | S1: Data da Alta, Inatividade ou Recusa | T1: Status Do Contato | U1: Situação Atual Do Paciente | V1: Tentativa de Contato 1 | W1: Tentativa de Contato 2 | X1: Tentativa de Contato 3 | Y1: Observações Importantes | Z1: Medicação Emagrecimento (SOMENTE DE EMAGRECIMENTO) | AA1: Peso Inicial (SEPARAR POR VIRGULA, SOMENTE NÚMEROS) | AB1: Altura Inicial (SEPARAR POR VIRGULA, SOMENTE NÚMEROS) | AC1: IMC Inicial | AD1: Resultado IMC | AE1: Local de Acomapanhamento | AF1: Status Pré Consulta Enfermagem | AG1: Data 1ª Consulta de Enfermagem | AH1: Status da 1ª Consulta Enfermagem | AI1: Se reagendado, sinalizar datas | AJ1: Complexidade | AK1: Resultado da Escala | AL1: Critério da Linha | AM1: Realizou a Cirurgia Bariátrica? | AN1: Data da Cirurgia | AO1: Tempo De Programa | AP1: Flag | AQ1: Encaminhado p/ Consolidado? | AR1: Laudo emitido (CMDP)? | AS1: Linha | AT1: Mês/Ano | AU1: Semana | AV1: Mês/Ano Inclusão | AW1: Semana Inclusão | AX1: SLA Captação | AY1: SLA Exclusão | AZ1: SLA Tent. Contatos | BA1: SLA Consulta | BB1: Ativo/Inativo
A2: Não | B2: 46083 | C2: Transbordo Navegação | D2: Captado pela Amil | E2: 88147444 | F2: ANTONIO ZACARIAS LIMA JUNIOR | H2: 28075 | I2: 49 | J2: M | K2: SP | N2: 60 | O2: 11987029701 | P2: Equipe Emagrecimento | Q2: 3. Alta por exclusão do plano | R2: 46155 | S2: 46181 | T2: Contato Com Sucesso | U2: Fora da Linha | V2: 46118 | W2: 46150 | Y2: contato com sucesso em 08/05 | Z2: Não Informado | AC2: =SUM(AA2/(AB2^2)) -> #DIV/0! | AD2: =IF(AC2<18.5,"ABAIXO DO PESO", (IF(AC2<=24.9,"PESO NORMAL", (IF(AC2<=29.9,"SOBREPESO", (IF(AC2<=34.9,"OBESIDADE I", (IF(AC2<=39.9,"OBESIDADE II", (IF(AC2<=999,"OBESIDADE III","VAZIO"))))))))))) -> #DIV/0! | AE2: Sem Dados | AO2: =IF(R2="","",IF(R2>TODAY(),"0 meses",DATEDIF(R2,TODAY(),"m") & " meses")) -> 0 meses | AP2: Não | AQ2: Sim | AS2: Emagrecimento | AT2: =MONTH(B2)&"/"&YEAR(B2) -> 3/2026 | AU2: =WEEKNUM(B2)-WEEKNUM(EOMONTH(B2,-1)+1)+1 -> 1 | AV2: =MONTH(R2)&"/"&YEAR(R2) -> 5/2026 | AW2: =WEEKNUM(R2)-WEEKNUM(EOMONTH(R2,-1)+1)+1 -> 3 | AX2: =IF(BB2="S",IF(Q2="1. Aceitou o programa",R2-B2,0),0) -> 0 | AY2: =IF(BB2="S",IF(AND(S2<>"",R2<>""),S2-R2,0),0) -> 26 | AZ2: =IF(BB2="S",IF(Q2="1. Aceitou o programa",IF(OR(X2="Não se Aplica",X2=""),IF(OR(W2="Não se Aplica",W2=""),0,W2-V2),AVERAGE(X2-W2,W2-V2)),0),0) -> 0 | BA2: =IF(BB2="S",IF(AND(Q2="1. Aceitou o programa",AH2="Realizada"),IFERROR(IF(AG2="",0,AG2-R2),0),0),0) -> 0 | BB2: =_xlfn.XLOOKUP(U2,'Lista Suspensa'!$AA$20:$AA$23,'Lista Suspensa'!$AB$20:$AB$23,"N/A") -> S
A3: Não | B3: 46083 | C3: Transbordo Navegação | D3: Captado pela Amil | E3: 92913655 | F3: ERIKA LOURENCO BAPTISTA SOUZA | H3: 28990 | I3: 47 | J3: F | K3: SP | N3: 60 | O3: 11957868696 | P3: Daniela | Q3: 3. Alta por exclusão do plano | R3: 46155 | S3: 46181 | T3: Contato Com Sucesso | U3: Fora da Linha | V3: 46126 | W3: 46150 | Y3: 14/04/2026 17:40:00 contato com sucesso em | Z3: Não Informado | AC3: =SUM(AA3/(AB3^2)) -> #DIV/0! | AD3: =IF(AC3<18.5,"ABAIXO DO PESO", (IF(AC3<=24.9,"PESO NORMAL", (IF(AC3<=29.9,"SOBREPESO", (IF(AC3<=34.9,"OBESIDADE I", (IF(AC3<=39.9,"OBESIDADE II", (IF(AC3<=999,"OBESIDADE III","VAZIO"))))))))))) -> #DIV/0! | AE3: Sem Dados | AO3: =IF(R3="","",IF(R3>TODAY(),"0 meses",DATEDIF(R3,TODAY(),"m") & " meses")) -> 0 meses | AP3: Não | AQ3: Sim | AS3: Emagrecimento | AT3: =MONTH(B3)&"/"&YEAR(B3) -> 3/2026 | AU3: =WEEKNUM(B3)-WEEKNUM(EOMONTH(B3,-1)+1)+1 -> 1 | AV3: =MONTH(R3)&"/"&YEAR(R3) -> 5/2026 | AW3: =WEEKNUM(R3)-WEEKNUM(EOMONTH(R3,-1)+1)+1 -> 3 | AX3: =IF(BB3="S",IF(Q3="1. Aceitou o programa",R3-B3,0),0) -> 0 | AY3: =IF(BB3="S",IF(AND(S3<>"",R3<>""),S3-R3,0),0) -> 26 | AZ3: =IF(BB3="S",IF(Q3="1. Aceitou o programa",IF(OR(X3="Não se Aplica",X3=""),IF(OR(W3="Não se Aplica",W3=""),0,W3-V3),AVERAGE(X3-W3,W3-V3)),0),0) -> 0 | BA3: =IF(BB3="S",IF(AND(Q3="1. Aceitou o programa",AH3="Realizada"),IFERROR(IF(AG3="",0,AG3-R3),0),0),0) -> 0 | BB3: =_xlfn.XLOOKUP(U3,'Lista Suspensa'!$AA$20:$AA$23,'Lista Suspensa'!$AB$20:$AB$23,"N/A") -> S
A4: Não | B4: 46083 | C4: Transbordo Navegação | D4: Captado pela Amil | E4: 94031113 | F4: CINTHIA SANTOS PINHEIRO | H4: 29196 | I4: 46 | J4: F | K4: SP | N4: 110 | O4: 11-998481982 | P4: Equipe Emagrecimento | Q4: 3. Alta por exclusão do plano | R4: 46155 | S4: 46181 | T4: Contato Com Sucesso | U4: Fora da Linha | V4: 46125 | W4: 46150 | Y4: 13/04/2026 17:06:00 contato com sucesso em | Z4: Não Informado | AC4: =SUM(AA4/(AB4^2)) -> #DIV/0! | AD4: =IF(AC4<18.5,"ABAIXO DO PESO", (IF(AC4<=24.9,"PESO NORMAL", (IF(AC4<=29.9,"SOBREPESO", (IF(AC4<=34.9,"OBESIDADE I", (IF(AC4<=39.9,"OBESIDADE II", (IF(AC4<=999,"OBESIDADE III","VAZIO"))))))))))) -> #DIV/0! | AE4: Sem Dados | AO4: =IF(R4="","",IF(R4>TODAY(),"0 meses",DATEDIF(R4,TODAY(),"m") & " meses")) -> 0 meses | AP4: Não | AQ4: Sim | AS4: Emagrecimento | AT4: =MONTH(B4)&"/"&YEAR(B4) -> 3/2026 | AU4: =WEEKNUM(B4)-WEEKNUM(EOMONTH(B4,-1)+1)+1 -> 1 | AV4: =MONTH(R4)&"/"&YEAR(R4) -> 5/2026 | AW4: =WEEKNUM(R4)-WEEKNUM(EOMONTH(R4,-1)+1)+1 -> 3 | AX4: =IF(BB4="S",IF(Q4="1. Aceitou o programa",R4-B4,0),0) -> 0 | AY4: =IF(BB4="S",IF(AND(S4<>"",R4<>""),S4-R4,0),0) -> 26 | AZ4: =IF(BB4="S",IF(Q4="1. Aceitou o programa",IF(OR(X4="Não se Aplica",X4=""),IF(OR(W4="Não se Aplica",W4=""),0,W4-V4),AVERAGE(X4-W4,W4-V4)),0),0) -> 0 | BA4: =IF(BB4="S",IF(AND(Q4="1. Aceitou o programa",AH4="Realizada"),IFERROR(IF(AG4="",0,AG4-R4),0),0),0) -> 0 | BB4: =_xlfn.XLOOKUP(U4,'Lista Suspensa'!$AA$20:$AA$23,'Lista Suspensa'!$AB$20:$AB$23,"N/A") -> S
A5: Não | B5: 46083 | C5: Transbordo Navegação | D5: Captado pela Amil | E5: 94418702 | F5: MAURILIO CABRAL DE MELLO NETO | H5: 29576 | I5: 45 | J5: M | K5: SP | N5: 450 | O5: 11-940013778 | P5: Daniela | Q5: 3. Alta por exclusão do plano | R5: 46155 | S5: 46181 | T5: Contato Com Sucesso | U5: Fora da Linha | V5: 46128 | W5: 46150 | Y5: 16/04/2026 17:48:00 contato com sucesso em | Z5: Não Informado | AC5: =SUM(AA5/(AB5^2)) -> #DIV/0! | AD5: =IF(AC5<18.5,"ABAIXO DO PESO", (IF(AC5<=24.9,"PESO NORMAL", (IF(AC5<=29.9,"SOBREPESO", (IF(AC5<=34.9,"OBESIDADE I", (IF(AC5<=39.9,"OBESIDADE II", (IF(AC5<=999,"OBESIDADE III","VAZIO"))))))))))) -> #DIV/0! | AE5: Sem Dados | AO5: =IF(R5="","",IF(R5>TODAY(),"0 meses",DATEDIF(R5,TODAY(),"m") & " meses")) -> 0 meses | AP5: Não | AQ5: Sim | AS5: Emagrecimento | AT5: =MONTH(B5)&"/"&YEAR(B5) -> 3/2026 | AU5: =WEEKNUM(B5)-WEEKNUM(EOMONTH(B5,-1)+1)+1 -> 1 | AV5: =MONTH(R5)&"/"&YEAR(R5) -> 5/2026 | AW5: =WEEKNUM(R5)-WEEKNUM(EOMONTH(R5,-1)+1)+1 -> 3 | AX5: =IF(BB5="S",IF(Q5="1. Aceitou o programa",R5-B5,0),0) -> 0 | AY5: =IF(BB5="S",IF(AND(S5<>"",R5<>""),S5-R5,0),0) -> 26 | AZ5: =IF(BB5="S",IF(Q5="1. Aceitou o programa",IF(OR(X5="Não se Aplica",X5=""),IF(OR(W5="Não se Aplica",W5=""),0,W5-V5),AVERAGE(X5-W5,W5-V5)),0),0) -> 0 | BA5: =IF(BB5="S",IF(AND(Q5="1. Aceitou o programa",AH5="Realizada"),IFERROR(IF(AG5="",0,AG5-R5),0),0),0) -> 0 | BB5: =_xlfn.XLOOKUP(U5,'Lista Suspensa'!$AA$20:$AA$23,'Lista Suspensa'!$AB$20:$AB$23,"N/A") -> S
A6: Não | B6: 46083 | C6: Transbordo Navegação | D6: Captado pela Amil | E6: 94386311 | F6: HEBERT DE CARVALHO | H6: 32236 | I6: 38 | J6: M | K6: SP | N6: 380 | O6: 11-985444555 | P6: Equipe Emagrecimento | Q6: 3. Alta por exclusão do plano | R6: 46155 | S6: 46181 | T6: Contato Com Sucesso | U6: Fora da Linha | V6: 46126 | W6: 46150 | Y6: 14/04/2026 17:08:00 contato com sucesso em | Z6: Não Informado | AC6: =SUM(AA6/(AB6^2)) -> #DIV/0! | AD6: =IF(AC6<18.5,"ABAIXO DO PESO", (IF(AC6<=24.9,"PESO NORMAL", (IF(AC6<=29.9,"SOBREPESO", (IF(AC6<=34.9,"OBESIDADE I", (IF(AC6<=39.9,"OBESIDADE II", (IF(AC6<=999,"OBESIDADE III","VAZIO"))))))))))) -> #DIV/0! | AE6: Sem Dados | AO6: =IF(R6="","",IF(R6>TODAY(),"0 meses",DATEDIF(R6,TODAY(),"m") & " meses")) -> 0 meses | AP6: Não | AQ6: Sim | AS6: Emagrecimento | AT6: =MONTH(B6)&"/"&YEAR(B6) -> 3/2026 | AU6: =WEEKNUM(B6)-WEEKNUM(EOMONTH(B6,-1)+1)+1 -> 1 | AV6: =MONTH(R6)&"/"&YEAR(R6) -> 5/2026 | AW6: =WEEKNUM(R6)-WEEKNUM(EOMONTH(R6,-1)+1)+1 -> 3 | AX6: =IF(BB6="S",IF(Q6="1. Aceitou o programa",R6-B6,0),0) -> 0 | AY6: =IF(BB6="S",IF(AND(S6<>"",R6<>""),S6-R6,0),0) -> 26 | AZ6: =IF(BB6="S",IF(Q6="1. Aceitou o programa",IF(OR(X6="Não se Aplica",X6=""),IF(OR(W6="Não se Aplica",W6=""),0,W6-V6),AVERAGE(X6-W6,W6-V6)),0),0) -> 0 | BA6: =IF(BB6="S",IF(AND(Q6="1. Aceitou o programa",AH6="Realizada"),IFERROR(IF(AG6="",0,AG6-R6),0),0),0) -> 0 | BB6: =_xlfn.XLOOKUP(U6,'Lista Suspensa'!$AA$20:$AA$23,'Lista Suspensa'!$AB$20:$AB$23,"N/A") -> S
A7: Não | B7: 46083 | C7: Transbordo Navegação | D7: Captado pela Amil | E7: 76307672 | F7: MANUEL AGOSTINHO OLIVEIRA GROVA | H7: 23376 | I7: 62 | J7: M | N7: 50 | O7: 21-964582309 | P7: Equipe Emagrecimento | Q7: 3. Alta por exclusão do plano | R7: 46155 | S7: 46181 | T7: Contato Com Sucesso | U7: Fora da Linha | V7: 46113 | W7: 46150 | Y7: 20/03/2026 18:22:00 contato com sucesso em | Z7: Não Informado | AC7: =SUM(AA7/(AB7^2)) -> #DIV/0! | AD7: =IF(AC7<18.5,"ABAIXO DO PESO", (IF(AC7<=24.9,"PESO NORMAL", (IF(AC7<=29.9,"SOBREPESO", (IF(AC7<=34.9,"OBESIDADE I", (IF(AC7<=39.9,"OBESIDADE II", (IF(AC7<=999,"OBESIDADE III","VAZIO"))))))))))) -> #DIV/0! | AE7: Sem Dados | AL7: Pós-Bariátrico | AM7: Sim - Não Acompanhou Pré Operatório conosco | AO7: =IF(R7="","",IF(R7>TODAY(),"0 meses",DATEDIF(R7,TODAY(),"m") & " meses")) -> 0 meses | AP7: Não | AQ7: Sim | AS7: Emagrecimento | AT7: =MONTH(B7)&"/"&YEAR(B7) -> 3/2026 | AU7: =WEEKNUM(B7)-WEEKNUM(EOMONTH(B7,-1)+1)+1 -> 1 | AV7: =MONTH(R7)&"/"&YEAR(R7) -> 5/2026 | AW7: =WEEKNUM(R7)-WEEKNUM(EOMONTH(R7,-1)+1)+1 -> 3 | AX7: =IF(BB7="S",IF(Q7="1. Aceitou o programa",R7-B7,0),0) -> 0 | AY7: =IF(BB7="S",IF(AND(S7<>"",R7<>""),S7-R7,0),0) -> 26 | AZ7: =IF(BB7="S",IF(Q7="1. Aceitou o programa",IF(OR(X7="Não se Aplica",X7=""),IF(OR(W7="Não se Aplica",W7=""),0,W7-V7),AVERAGE(X7-W7,W7-V7)),0),0) -> 0 | BA7: =IF(BB7="S",IF(AND(Q7="1. Aceitou o programa",AH7="Realizada"),IFERROR(IF(AG7="",0,AG7-R7),0),0),0) -> 0 | BB7: =_xlfn.XLOOKUP(U7,'Lista Suspensa'!$AA$20:$AA$23,'Lista Suspensa'!$AB$20:$AB$23,"N/A") -> S
A8: Não | B8: 46083 | C8: Transbordo Navegação | D8: Captado pela Amil | E8: 88147442 | F8: PRISCILLA REBELO SOARES CONCEICAO | H8: 31318 | I8: 40 | J8: F | N8: 60 | O8: 11-972720940 | P8: Alessandra | Q8: 3. Alta por exclusão do plano | R8: 46155 | S8: 46181 | T8: Contato Com Sucesso | U8: Fora da Linha | V8: 46118 | W8: 46143 | X8: 46142 | Y8: contato com sucesso 04/05 | Z8: Não Informado | AC8: =SUM(AA8/(AB8^2)) -> #DIV/0! | AD8: =IF(AC8<18.5,"ABAIXO DO PESO", (IF(AC8<=24.9,"PESO NORMAL", (IF(AC8<=29.9,"SOBREPESO", (IF(AC8<=34.9,"OBESIDADE I", (IF(AC8<=39.9,"OBESIDADE II", (IF(AC8<=999,"OBESIDADE III","VAZIO"))))))))))) -> #DIV/0! | AE8: Sem Dados | AO8: =IF(R8="","",IF(R8>TODAY(),"0 meses",DATEDIF(R8,TODAY(),"m") & " meses")) -> 0 meses | AP8: Não | AQ8: Sim | AS8: Emagrecimento | AT8: =MONTH(B8)&"/"&YEAR(B8) -> 3/2026 | AU8: =WEEKNUM(B8)-WEEKNUM(EOMONTH(B8,-1)+1)+1 -> 1 | AV8: =MONTH(R8)&"/"&YEAR(R8) -> 5/2026 | AW8: =WEEKNUM(R8)-WEEKNUM(EOMONTH(R8,-1)+1)+1 -> 3 | AX8: =IF(BB8="S",IF(Q8="1. Aceitou o programa",R8-B8,0),0) -> 0 | AY8: =IF(BB8="S",IF(AND(S8<>"",R8<>""),S8-R8,0),0) -> 26 | AZ8: =IF(BB8="S",IF(Q8="1. Aceitou o programa",IF(OR(X8="Não se Aplica",X8=""),IF(OR(W8="Não se Aplica",W8=""),0,W8-V8),AVERAGE(X8-W8,W8-V8)),0),0) -> 0 | BA8: =IF(BB8="S",IF(AND(Q8="1. Aceitou o programa",AH8="Realizada"),IFERROR(IF(AG8="",0,AG8-R8),0),0),0) -> 0 | BB8: =_xlfn.XLOOKUP(U8,'Lista Suspensa'!$AA$20:$AA$23,'Lista Suspensa'!$AB$20:$AB$23,"N/A") -> S
A9: Não | B9: 46083 | C9: Transbordo Navegação | D9: Captado pela Amil | E9: 86340731 | F9: CRISTIANE MARTINS DA SILVA | H9: 31505 | I9: 40 | J9: F | N9: 80 | O9: 11-960719415 | P9: Equipe Emagrecimento | Q9: 3. Alta por exclusão do plano | R9: 46155 | S9: 46181 | T9: Contato Com Sucesso | U9: Fora da Linha | V9: 46114 | W9: 46142 | X9: 46150 | Y9: 29/04/2026 17:58:00 contato com sucesso em | Z9: Não Informado | AC9: =SUM(AA9/(AB9^2)) -> #DIV/0! | AD9: =IF(AC9<18.5,"ABAIXO DO PESO", (IF(AC9<=24.9,"PESO NORMAL", (IF(AC9<=29.9,"SOBREPESO", (IF(AC9<=34.9,"OBESIDADE I", (IF(AC9<=39.9,"OBESIDADE II", (IF(AC9<=999,"OBESIDADE III","VAZIO"))))))))))) -> #DIV/0! | AE9: Sem Dados | AO9: =IF(R9="","",IF(R9>TODAY(),"0 meses",DATEDIF(R9,TODAY(),"m") & " meses")) -> 0 meses | AP9: Não | AQ9: Sim | AS9: Emagrecimento | AT9: =MONTH(B9)&"/"&YEAR(B9) -> 3/2026 | AU9: =WEEKNUM(B9)-WEEKNUM(EOMONTH(B9,-1)+1)+1 -> 1 | AV9: =MONTH(R9)&"/"&YEAR(R9) -> 5/2026 | AW9: =WEEKNUM(R9)-WEEKNUM(EOMONTH(R9,-1)+1)+1 -> 3 | AX9: =IF(BB9="S",IF(Q9="1. Aceitou o programa",R9-B9,0),0) -> 0 | AY9: =IF(BB9="S",IF(AND(S9<>"",R9<>""),S9-R9,0),0) -> 26 | AZ9: =IF(BB9="S",IF(Q9="1. Aceitou o programa",IF(OR(X9="Não se Aplica",X9=""),IF(OR(W9="Não se Aplica",W9=""),0,W9-V9),AVERAGE(X9-W9,W9-V9)),0),0) -> 0 | BA9: =IF(BB9="S",IF(AND(Q9="1. Aceitou o programa",AH9="Realizada"),IFERROR(IF(AG9="",0,AG9-R9),0),0),0) -> 0 | BB9: =_xlfn.XLOOKUP(U9,'Lista Suspensa'!$AA$20:$AA$23,'Lista Suspensa'!$AB$20:$AB$23,"N/A") -> S
A10: Não | B10: 46083 | C10: Transbordo Navegação | D10: Captado pela Amil | E10: 93499995 | F10: LILIA PINTO DE SOUZA MOTA | H10: 32407 | I10: 37 | J10: F | N10: 60 | O10: 21-969271240 | P10: Daniela | Q10: 3. Alta por exclusão do plano | R10: 46155 | S10: 46181 | T10: Contato Com Sucesso | U10: Fora da Linha | V10: 46128 | Y10: 16/04/2026 18:02:00 contato com sucesso em | Z10: Não Informado | AC10: =SUM(AA10/(AB10^2)) -> #DIV/0! | AD10: =IF(AC10<18.5,"ABAIXO DO PESO", (IF(AC10<=24.9,"PESO NORMAL", (IF(AC10<=29.9,"SOBREPESO", (IF(AC10<=34.9,"OBESIDADE I", (IF(AC10<=39.9,"OBESIDADE II", (IF(AC10<=999,"OBESIDADE III","VAZIO"))))))))))) -> #DIV/0! | AE10: Sem Dados | AO10: =IF(R10="","",IF(R10>TODAY(),"0 meses",DATEDIF(R10,TODAY(),"m") & " meses")) -> 0 meses | AP10: Não | AQ10: Sim | AS10: Emagrecimento | AT10: =MONTH(B10)&"/"&YEAR(B10) -> 3/2026 | AU10: =WEEKNUM(B10)-WEEKNUM(EOMONTH(B10,-1)+1)+1 -> 1 | AV10: =MONTH(R10)&"/"&YEAR(R10) -> 5/2026 | AW10: =WEEKNUM(R10)-WEEKNUM(EOMONTH(R10,-1)+1)+1 -> 3 | AX10: =IF(BB10="S",IF(Q10="1. Aceitou o programa",R10-B10,0),0) -> 0 | AY10: =IF(BB10="S",IF(AND(S10<>"",R10<>""),S10-R10,0),0) -> 26 | AZ10: =IF(BB10="S",IF(Q10="1. Aceitou o programa",IF(OR(X10="Não se Aplica",X10=""),IF(OR(W10="Não se Aplica",W10=""),0,W10-V10),AVERAGE(X10-W10,W10-V10)),0),0) -> 0 | BA10: =IF(BB10="S",IF(AND(Q10="1. Aceitou o programa",AH10="Realizada"),IFERROR(IF(AG10="",0,AG10-R10),0),0),0) -> 0 | BB10: =_xlfn.XLOOKUP(U10,'Lista Suspensa'!$AA$20:$AA$23,'Lista Suspensa'!$AB$20:$AB$23,"N/A") -> S
A11: Não | B11: 46083 | C11: Transbordo Navegação | D11: Captado pela Amil | E11: 89007976 | F11: AMANDA CARDOZO DA PENHA SENA | H11: 32472 | I11: 37 | J11: F | N11: 120 | O11: 21-999101770 | P11: Equipe Emagrecimento | Q11: 3. Alta por exclusão do plano | R11: 46155 | S11: 46181 | T11: Contato Com Sucesso | U11: Fora da Linha | V11: 46112 | W11: 46155 | Y11: contato com suceesso em 13/05 | Z11: Não Informado | AC11: =SUM(AA11/(AB11^2)) -> #DIV/0! | AD11: =IF(AC11<18.5,"ABAIXO DO PESO", (IF(AC11<=24.9,"PESO NORMAL", (IF(AC11<=29.9,"SOBREPESO", (IF(AC11<=34.9,"OBESIDADE I", (IF(AC11<=39.9,"OBESIDADE II", (IF(AC11<=999,"OBESIDADE III","VAZIO"))))))))))) -> #DIV/0! | AE11: Sem Dados | AO11: =IF(R11="","",IF(R11>TODAY(),"0 meses",DATEDIF(R11,TODAY(),"m") & " meses")) -> 0 meses | AP11: Não | AQ11: Sim | AS11: Emagrecimento | AT11: =MONTH(B11)&"/"&YEAR(B11) -> 3/2026 | AU11: =WEEKNUM(B11)-WEEKNUM(EOMONTH(B11,-1)+1)+1 -> 1 | AV11: =MONTH(R11)&"/"&YEAR(R11) -> 5/2026 | AW11: =WEEKNUM(R11)-WEEKNUM(EOMONTH(R11,-1)+1)+1 -> 3 | AX11: =IF(BB11="S",IF(Q11="1. Aceitou o programa",R11-B11,0),0) -> 0 | AY11: =IF(BB11="S",IF(AND(S11<>"",R11<>""),S11-R11,0),0) -> 26 | AZ11: =IF(BB11="S",IF(Q11="1. Aceitou o programa",IF(OR(X11="Não se Aplica",X11=""),IF(OR(W11="Não se Aplica",W11=""),0,W11-V11),AVERAGE(X11-W11,W11-V11)),0),0) -> 0 | BA11: =IF(BB11="S",IF(AND(Q11="1. Aceitou o programa",AH11="Realizada"),IFERROR(IF(AG11="",0,AG11-R11),0),0),0) -> 0 | BB11: =_xlfn.XLOOKUP(U11,'Lista Suspensa'!$AA$20:$AA$23,'Lista Suspensa'!$AB$20:$AB$23,"N/A") -> S
A12: Não | B12: 46083 | C12: Transbordo Navegação | D12: Captado pela Amil | E12: 93882577 | F12: VANIA SILVA DE PAIVA FARIAS | H12: 31461 | I12: 40 | J12: F | K12: RJ | N12: 120 | O12: 21970004629 | P12: Equipe Emagrecimento | Q12: 3. Alta por exclusão do plano | R12: 46155 | S12: 46181 | T12: Contato Com Sucesso | U12: Fora da Linha | V12: 46149 | Y12: contato com sucesso em 08/05 | Z12: Não Informado | AC12: =SUM(AA12/(AB12^2)) -> #DIV/0! | AD12: =IF(AC12<18.5,"ABAIXO DO PESO", (IF(AC12<=24.9,"PESO NORMAL", (IF(AC12<=29.9,"SOBREPESO", (IF(AC12<=34.9,"OBESIDADE I", (IF(AC12<=39.9,"OBESIDADE II", (IF(AC12<=999,"OBESIDADE III","VAZIO"))))))))))) -> #DIV/0! | AE12: Sem Dados | AO12: =IF(R12="","",IF(R12>TODAY(),"0 meses",DATEDIF(R12,TODAY(),"m") & " meses")) -> 0 meses | AP12: Não | AQ12: Sim | AS12: Emagrecimento | AT12: =MONTH(B12)&"/"&YEAR(B12) -> 3/2026 | AU12: =WEEKNUM(B12)-WEEKNUM(EOMONTH(B12,-1)+1)+1 -> 1 | AV12: =MONTH(R12)&"/"&YEAR(R12) -> 5/2026 | AW12: =WEEKNUM(R12)-WEEKNUM(EOMONTH(R12,-1)+1)+1 -> 3 | AX12: =IF(BB12="S",IF(Q12="1. Aceitou o programa",R12-B12,0),0) -> 0 | AY12: =IF(BB12="S",IF(AND(S12<>"",R12<>""),S12-R12,0),0) -> 26 | AZ12: =IF(BB12="S",IF(Q12="1. Aceitou o programa",IF(OR(X12="Não se Aplica",X12=""),IF(OR(W12="Não se Aplica",W12=""),0,W12-V12),AVERAGE(X12-W12,W12-V12)),0),0) -> 0 | BA12: =IF(BB12="S",IF(AND(Q12="1. Aceitou o programa",AH12="Realizada"),IFERROR(IF(AG12="",0,AG12-R12),0),0),0) -> 0 | BB12: =_xlfn.XLOOKUP(U12,'Lista Suspensa'!$AA$20:$AA$23,'Lista Suspensa'!$AB$20:$AB$23,"N/A") -> S
A13: Não | B13: 46083 | C13: Transbordo Navegação | D13: Captado pela Amil | E13: 94701068 | F13: PAULA NOGUEIRA DO NASCIMENTO GABRIEL | H13: 31724 | I13: 39 | J13: F | K13: RJ | N13: 120 | O13: 21-986426870 | P13: Equipe Emagrecimento | Q13: 3. Alta por exclusão do plano | R13: 46155 | S13: 46181 | T13: Contato Com Sucesso | U13: Fora da Linha | V13: 46149 | Y13: 17/04/2026 18:04:00 contato com sucesso em | Z13: Não Informado | AC13: =SUM(AA13/(AB13^2)) -> #DIV/0! | AD13: =IF(AC13<18.5,"ABAIXO DO PESO", (IF(AC13<=24.9,"PESO NORMAL", (IF(AC13<=29.9,"SOBREPESO", (IF(AC13<=34.9,"OBESIDADE I", (IF(AC13<=39.9,"OBESIDADE II", (IF(AC13<=999,"OBESIDADE III","VAZIO"))))))))))) -> #DIV/0! | AE13: Sem Dados | AO13: =IF(R13="","",IF(R13>TODAY(),"0 meses",DATEDIF(R13,TODAY(),"m") & " meses")) -> 0 meses | AP13: Não | AQ13: Sim | AS13: Emagrecimento | AT13: =MONTH(B13)&"/"&YEAR(B13) -> 3/2026 | AU13: =WEEKNUM(B13)-WEEKNUM(EOMONTH(B13,-1)+1)+1 -> 1 | AV13: =MONTH(R13)&"/"&YEAR(R13) -> 5/2026 | AW13: =WEEKNUM(R13)-WEEKNUM(EOMONTH(R13,-1)+1)+1 -> 3 | AX13: =IF(BB13="S",IF(Q13="1. Aceitou o programa",R13-B13,0),0) -> 0 | AY13: =IF(BB13="S",IF(AND(S13<>"",R13<>""),S13-R13,0),0) -> 26 | AZ13: =IF(BB13="S",IF(Q13="1. Aceitou o programa",IF(OR(X13="Não se Aplica",X13=""),IF(OR(W13="Não se Aplica",W13=""),0,W13-V13),AVERAGE(X13-W13,W13-V13)),0),0) -> 0 | BA13: =IF(BB13="S",IF(AND(Q13="1. Aceitou o programa",AH13="Realizada"),IFERROR(IF(AG13="",0,AG13-R13),0),0),0) -> 0 | BB13: =_xlfn.XLOOKUP(U13,'Lista Suspensa'!$AA$20:$AA$23,'Lista Suspensa'!$AB$20:$AB$23,"N/A") -> S
A14: Não | B14: 46083 | C14: Transbordo Navegação | D14: Captado pela Amil | E14: 94504450 | F14: VIVIAN VILLELA CORTOPASSI ALVES | H14: 27221 | I14: 51 | J14: F | K14: SP | N14: 750 | O14: 11-987565673 | P14: Equipe Emagrecimento | Q14: 3. Alta por exclusão do plano | R14: 46155 | S14: 46181 | T14: Contato Com Sucesso | U14: Fora da Linha | V14: 46149 | Y14: 20/04/2026 17:28:00 contato com sucesso em | Z14: Não Informado | AC14: =SUM(AA14/(AB14^2)) -> #DIV/0! | AD14: =IF(AC14<18.5,"ABAIXO DO PESO", (IF(AC14<=24.9,"PESO NORMAL", (IF(AC14<=29.9,"SOBREPESO", (IF(AC14<=34.9,"OBESIDADE I", (IF(AC14<=39.9,"OBESIDADE II", (IF(AC14<=999,"OBESIDADE III","VAZIO"))))))))))) -> #DIV/0! | AE14: Sem Dados | AO14: =IF(R14="","",IF(R14>TODAY(),"0 meses",DATEDIF(R14,TODAY(),"m") & " meses")) -> 0 meses | AP14: Não | AQ14: Sim | AS14: Emagrecimento | AT14: =MONTH(B14)&"/"&YEAR(B14) -> 3/2026 | AU14: =WEEKNUM(B14)-WEEKNUM(EOMONTH(B14,-1)+1)+1 -> 1 | AV14: =MONTH(R14)&"/"&YEAR(R14) -> 5/2026 | AW14: =WEEKNUM(R14)-WEEKNUM(EOMONTH(R14,-1)+1)+1 -> 3 | AX14: =IF(BB14="S",IF(Q14="1. Aceitou o programa",R14-B14,0),0) -> 0 | AY14: =IF(BB14="S",IF(AND(S14<>"",R14<>""),S14-R14,0),0) -> 26 | AZ14: =IF(BB14="S",IF(Q14="1. Aceitou o programa",IF(OR(X14="Não se Aplica",X14=""),IF(OR(W14="Não se Aplica",W14=""),0,W14-V14),AVERAGE(X14-W14,W14-V14)),0),0) -> 0 | BA14: =IF(BB14="S",IF(AND(Q14="1. Aceitou o programa",AH14="Realizada"),IFERROR(IF(AG14="",0,AG14-R14),0),0),0) -> 0 | BB14: =_xlfn.XLOOKUP(U14,'Lista Suspensa'!$AA$20:$AA$23,'Lista Suspensa'!$AB$20:$AB$23,"N/A") -> S
A15: Não | B15: 46083 | C15: Transbordo Navegação | D15: Captado pela Amil | E15: 92957507 | F15: ROSANE CANDIDO DE JESUS | H15: 27520 | I15: 51 | J15: F | K15: SP | N15: 110 | O15: 11-952003415 | P15: Equipe Emagrecimento | Q15: 1. Aceitou o programa | R15: 46155 | T15: Contato Com Sucesso | U15: Ativo | V15: 46149 | Y15: 17/04/2026 17:06:00 contato com sucesso em | Z15: Não Informado | AC15: =SUM(AA15/(AB15^2)) -> #DIV/0! | AD15: =IF(AC15<18.5,"ABAIXO DO PESO", (IF(AC15<=24.9,"PESO NORMAL", (IF(AC15<=29.9,"SOBREPESO", (IF(AC15<=34.9,"OBESIDADE I", (IF(AC15<=39.9,"OBESIDADE II", (IF(AC15<=999,"OBESIDADE III","VAZIO"))))))))))) -> #DIV/0! | AE15: Sem Dados | AO15: =IF(R15="","",IF(R15>TODAY(),"0 meses",DATEDIF(R15,TODAY(),"m") & " meses")) -> 0 meses | AP15: Não | AQ15: Sim | AS15: Emagrecimento | AT15: =MONTH(B15)&"/"&YEAR(B15) -> 3/2026 | AU15: =WEEKNUM(B15)-WEEKNUM(EOMONTH(B15,-1)+1)+1 -> 1 | AV15: =MONTH(R15)&"/"&YEAR(R15) -> 5/2026 | AW15: =WEEKNUM(R15)-WEEKNUM(EOMONTH(R15,-1)+1)+1 -> 3 | AX15: =IF(BB15="S",IF(Q15="1. Aceitou o programa",R15-B15,0),0) -> 72 | AY15: =IF(BB15="S",IF(AND(S15<>"",R15<>""),S15-R15,0),0) -> 0 | AZ15: =IF(BB15="S",IF(Q15="1. Aceitou o programa",IF(OR(X15="Não se Aplica",X15=""),IF(OR(W15="Não se Aplica",W15=""),0,W15-V15),AVERAGE(X15-W15,W15-V15)),0),0) -> 0 | BA15: =IF(BB15="S",IF(AND(Q15="1. Aceitou o programa",AH15="Realizada"),IFERROR(IF(AG15="",0,AG15-R15),0),0),0) -> 0 | BB15: =_xlfn.XLOOKUP(U15,'Lista Suspensa'!$AA$20:$AA$23,'Lista Suspensa'!$AB$20:$AB$23,"N/A") -> S
A16: Não | B16: 46083 | C16: Transbordo Navegação | D16: Captado pela Amil | E16: 94108842 | F16: KATIA CARAPIA | H16: 30716 | I16: 42 | J16: F | K16: SP | N16: 110 | O16: 11-965159730 | P16: Equipe Emagrecimento | Q16: 3. Alta por exclusão do plano | R16: 46155 | S16: 46181 | T16: Contato Com Sucesso | U16: Fora da Linha | V16: 46149 | Y16: 15/04/2026 18:06:00 contato com sucesso em | Z16: Não Informado | AC16: =SUM(AA16/(AB16^2)) -> #DIV/0! | AD16: =IF(AC16<18.5,"ABAIXO DO PESO", (IF(AC16<=24.9,"PESO NORMAL", (IF(AC16<=29.9,"SOBREPESO", (IF(AC16<=34.9,"OBESIDADE I", (IF(AC16<=39.9,"OBESIDADE II", (IF(AC16<=999,"OBESIDADE III","VAZIO"))))))))))) -> #DIV/0! | AE16: Sem Dados | AO16: =IF(R16="","",IF(R16>TODAY(),"0 meses",DATEDIF(R16,TODAY(),"m") & " meses")) -> 0 meses | AP16: Não | AQ16: Sim | AS16: Emagrecimento | AT16: =MONTH(B16)&"/"&YEAR(B16) -> 3/2026 | AU16: =WEEKNUM(B16)-WEEKNUM(EOMONTH(B16,-1)+1)+1 -> 1 | AV16: =MONTH(R16)&"/"&YEAR(R16) -> 5/2026 | AW16: =WEEKNUM(R16)-WEEKNUM(EOMONTH(R16,-1)+1)+1 -> 3 | AX16: =IF(BB16="S",IF(Q16="1. Aceitou o programa",R16-B16,0),0) -> 0 | AY16: =IF(BB16="S",IF(AND(S16<>"",R16<>""),S16-R16,0),0) -> 26 | AZ16: =IF(BB16="S",IF(Q16="1. Aceitou o programa",IF(OR(X16="Não se Aplica",X16=""),IF(OR(W16="Não se Aplica",W16=""),0,W16-V16),AVERAGE(X16-W16,W16-V16)),0),0) -> 0 | BA16: =IF(BB16="S",IF(AND(Q16="1. Aceitou o programa",AH16="Realizada"),IFERROR(IF(AG16="",0,AG16-R16),0),0),0) -> 0 | BB16: =_xlfn.XLOOKUP(U16,'Lista Suspensa'!$AA$20:$AA$23,'Lista Suspensa'!$AB$20:$AB$23,"N/A") -> S
A17: Não | B17: 46083 | C17: Transbordo Navegação | D17: Captado pela Amil | E17: 92687232 | F17: VINICIUS MATHIAS VAZ | H17: 32334 | I17: 37 | J17: M | N17: 80 | O17: 21-998869501 | P17: Equipe Emagrecimento | Q17: 3. Alta por exclusão do plano | R17: 46155 | S17: 46181 | T17: Contato Com Sucesso | U17: Fora da Linha | V17: 46149 | Y17: 20/04/2026 17:26:00 contato com sucesso em | Z17: Não Informado | AC17: =SUM(AA17/(AB17^2)) -> #DIV/0! | AD17: =IF(AC17<18.5,"ABAIXO DO PESO", (IF(AC17<=24.9,"PESO NORMAL", (IF(AC17<=29.9,"SOBREPESO", (IF(AC17<=34.9,"OBESIDADE I", (IF(AC17<=39.9,"OBESIDADE II", (IF(AC17<=999,"OBESIDADE III","VAZIO"))))))))))) -> #DIV/0! | AE17: Sem Dados | AO17: =IF(R17="","",IF(R17>TODAY(),"0 meses",DATEDIF(R17,TODAY(),"m") & " meses")) -> 0 meses | AP17: Não | AQ17: Sim | AS17: Emagrecimento | AT17: =MONTH(B17)&"/"&YEAR(B17) -> 3/2026 | AU17: =WEEKNUM(B17)-WEEKNUM(EOMONTH(B17,-1)+1)+1 -> 1 | AV17: =MONTH(R17)&"/"&YEAR(R17) -> 5/2026 | AW17: =WEEKNUM(R17)-WEEKNUM(EOMONTH(R17,-1)+1)+1 -> 3 | AX17: =IF(BB17="S",IF(Q17="1. Aceitou o programa",R17-B17,0),0) -> 0 | AY17: =IF(BB17="S",IF(AND(S17<>"",R17<>""),S17-R17,0),0) -> 26 | AZ17: =IF(BB17="S",IF(Q17="1. Aceitou o programa",IF(OR(X17="Não se Aplica",X17=""),IF(OR(W17="Não se Aplica",W17=""),0,W17-V17),AVERAGE(X17-W17,W17-V17)),0),0) -> 0 | BA17: =IF(BB17="S",IF(AND(Q17="1. Aceitou o programa",AH17="Realizada"),IFERROR(IF(AG17="",0,AG17-R17),0),0),0) -> 0 | BB17: =_xlfn.XLOOKUP(U17,'Lista Suspensa'!$AA$20:$AA$23,'Lista Suspensa'!$AB$20:$AB$23,"N/A") -> S
A18: Não | B18: 46083 | C18: Transbordo Navegação | D18: Captado pela Amil | E18: 92947782 | F18: PALOMMA FELIX BARRETO | H18: 33737 | I18: 34 | J18: F | N18: 380 | O18: 21-995953502 | P18: Equipe Emagrecimento | Q18: 1. Aceitou o programa | R18: 46155 | T18: Contato Com Sucesso | U18: Ativo | V18: 46149 | Y18: contato com sucesso em 08/05 | Z18: Não Informado | AC18: =SUM(AA18/(AB18^2)) -> #DIV/0! | AD18: =IF(AC18<18.5,"ABAIXO DO PESO", (IF(AC18<=24.9,"PESO NORMAL", (IF(AC18<=29.9,"SOBREPESO", (IF(AC18<=34.9,"OBESIDADE I", (IF(AC18<=39.9,"OBESIDADE II", (IF(AC18<=999,"OBESIDADE III","VAZIO"))))))))))) -> #DIV/0! | AE18: Sem Dados | AO18: =IF(R18="","",IF(R18>TODAY(),"0 meses",DATEDIF(R18,TODAY(),"m") & " meses")) -> 0 meses | AP18: Não | AQ18: Sim | AS18: Emagrecimento | AT18: =MONTH(B18)&"/"&YEAR(B18) -> 3/2026 | AU18: =WEEKNUM(B18)-WEEKNUM(EOMONTH(B18,-1)+1)+1 -> 1 | AV18: =MONTH(R18)&"/"&YEAR(R18) -> 5/2026 | AW18: =WEEKNUM(R18)-WEEKNUM(EOMONTH(R18,-1)+1)+1 -> 3 | AX18: =IF(BB18="S",IF(Q18="1. Aceitou o programa",R18-B18,0),0) -> 72 | AY18: =IF(BB18="S",IF(AND(S18<>"",R18<>""),S18-R18,0),0) -> 0 | AZ18: =IF(BB18="S",IF(Q18="1. Aceitou o programa",IF(OR(X18="Não se Aplica",X18=""),IF(OR(W18="Não se Aplica",W18=""),0,W18-V18),AVERAGE(X18-W18,W18-V18)),0),0) -> 0 | BA18: =IF(BB18="S",IF(AND(Q18="1. Aceitou o programa",AH18="Realizada"),IFERROR(IF(AG18="",0,AG18-R18),0),0),0) -> 0 | BB18: =_xlfn.XLOOKUP(U18,'Lista Suspensa'!$AA$20:$AA$23,'Lista Suspensa'!$AB$20:$AB$23,"N/A") -> S
A19: Fluxo Antigo | B19: 45292 | C19: Captação + Navegação | D19: Empresa - Light | E19: 87552831 | F19: LEONARDO MONTEIRO DO LAGO | H19: 30244 | I19: 43 | J19: M | O19: (21) 9671-52680 | P19: Equipe Emagrecimento | Q19: 1. Aceitou o programa | R19: 45734 | T19: Contato Com Sucesso | U19: Ativo | V19: 45734 | W19: Não se aplica | X19: Não se aplica | Y19: 28/01/2026 11:42:00 contato com sucesso em | Z19: Não Utiliza | AA19: 115 | AB19: 1.72 | AC19: =SUM(AA19/(AB19^2)) -> 38.872363 | AD19: =IF(AC19<18.5,"ABAIXO DO PESO", (IF(AC19<=24.9,"PESO NORMAL", (IF(AC19<=29.9,"SOBREPESO", (IF(AC19<=34.9,"OBESIDADE I", (IF(AC19<=39.9,"OBESIDADE II", (IF(AC19<=999,"OBESIDADE III","VAZIO"))))))))))) -> OBESIDADE II | AE19: AES - Campo Grande | AF19: Aguardando Agendamento | AL19: Linha de Intervenção II | AO19: =IF(R19="","",IF(R19>TODAY(),"0 meses",DATEDIF(R19,TODAY(),"m") & " meses")) -> 14 meses | AP19: Sim | AQ19: Sim | AS19: Emagrecimento | AT19: =MONTH(B19)&"/"&YEAR(B19) -> 1/2024 | AU19: =WEEKNUM(B19)-WEEKNUM(EOMONTH(B19,-1)+1)+1 -> 1 | AV19: =MONTH(R19)&"/"&YEAR(R19) -> 3/2025 | AW19: =WEEKNUM(R19)-WEEKNUM(EOMONTH(R19,-1)+1)+1 -> 4 | AX19: =IF(BB19="S",IF(Q19="1. Aceitou o programa",R19-B19,0),0) -> 442 | AY19: =IF(BB19="S",IF(AND(S19<>"",R19<>""),S19-R19,0),0) -> 0 | AZ19: =IF(BB19="S",IF(Q19="1. Aceitou o programa",IF(OR(X19="Não se Aplica",X19=""),IF(OR(W19="Não se Aplica",W19=""),0,W19-V19),AVERAGE(X19-W19,W19-V19)),0),0) -> 0 | BA19: =IF(BB19="S",IF(AND(Q19="1. Aceitou o programa",AH19="Realizada"),IFERROR(IF(AG19="",0,AG19-R19),0),0),0) -> 0 | BB19: =_xlfn.XLOOKUP(U19,'Lista Suspensa'!$AA$20:$AA$23,'Lista Suspensa'!$AB$20:$AB$23,"N/A") -> S
A20: Fluxo Antigo | B20: 45292 | C20: Captação + Navegação | D20: Empresa - Light | E20: 87554321 | F20: WILLIAM BRAGA TELLES | H20: 34361 | I20: 32 | J20: M | O20: (21) 964622733 | P20: Equipe Emagrecimento | Q20: 1. Aceitou o programa | R20: 45734 | T20: Contato Com Sucesso | U20: Ativo | V20: 45734 | W20: Não se aplica | X20: Não se aplica | Z20: Mounjaro | AA20: 127 | AB20: 1.85 | AC20: =SUM(AA20/(AB20^2)) -> 37.107378 | AD20: =IF(AC20<18.5,"ABAIXO DO PESO", (IF(AC20<=24.9,"PESO NORMAL", (IF(AC20<=29.9,"SOBREPESO", (IF(AC20<=34.9,"OBESIDADE I", (IF(AC20<=39.9,"OBESIDADE II", (IF(AC20<=999,"OBESIDADE III","VAZIO"))))))))))) -> OBESIDADE II | AE20: CMDP - Centro Médico Dom Pedro | AF20: Aguardando Agendamento | AL20: Linha de Intervenção I | AO20: =IF(R20="","",IF(R20>TODAY(),"0 meses",DATEDIF(R20,TODAY(),"m") & " meses")) -> 14 meses | AP20: Sim | AQ20: Sim | AS20: Emagrecimento | AT20: =MONTH(B20)&"/"&YEAR(B20) -> 1/2024 | AU20: =WEEKNUM(B20)-WEEKNUM(EOMONTH(B20,-1)+1)+1 -> 1 | AV20: =MONTH(R20)&"/"&YEAR(R20) -> 3/2025 | AW20: =WEEKNUM(R20)-WEEKNUM(EOMONTH(R20,-1)+1)+1 -> 4 | AX20: =IF(BB20="S",IF(Q20="1. Aceitou o programa",R20-B20,0),0) -> 442 | AY20: =IF(BB20="S",IF(AND(S20<>"",R20<>""),S20-R20,0),0) -> 0 | AZ20: =IF(BB20="S",IF(Q20="1. Aceitou o programa",IF(OR(X20="Não se Aplica",X20=""),IF(OR(W20="Não se Aplica",W20=""),0,W20-V20),AVERAGE(X20-W20,W20-V20)),0),0) -> 0 | BA20: =IF(BB20="S",IF(AND(Q20="1. Aceitou o programa",AH20="Realizada"),IFERROR(IF(AG20="",0,AG20-R20),0),0),0) -> 0 | BB20: =_xlfn.XLOOKUP(U20,'Lista Suspensa'!$AA$20:$AA$23,'Lista Suspensa'!$AB$20:$AB$23,"N/A") -> S
A21: Fluxo Antigo | B21: 45292 | C21: Captação + Navegação | D21: Empresa - Light | E21: 87554718 | F21: WAGNER DO BONFIM CORDEIRO | H21: 23935 | I21: 60 | J21: M | K21: RJ | O21: (21) 9700-52967 | P21: Equipe Emagrecimento | Q21: 1. Aceitou o programa | R21: 45735 | T21: Contato Com Sucesso | U21: Ativo | V21: 45735 | W21: Não se aplica | X21: Não se aplica | Z21: Não Utiliza | AA21: 125 | AB21: 1.75 | AC21: =SUM(AA21/(AB21^2)) -> 40.816327 | AD21: =IF(AC21<18.5,"ABAIXO DO PESO", (IF(AC21<=24.9,"PESO NORMAL", (IF(AC21<=29.9,"SOBREPESO", (IF(AC21<=34.9,"OBESIDADE I", (IF(AC21<=39.9,"OBESIDADE II", (IF(AC21<=999,"OBESIDADE III","VAZIO"))))))))))) -> OBESIDADE III | AE21: AES - Niteroi | AF21: Aguardando Agendamento | AL21: Linha de Intervenção II | AO21: =IF(R21="","",IF(R21>TODAY(),"0 meses",DATEDIF(R21,TODAY(),"m") & " meses")) -> 14 meses | AP21: Sim | AQ21: Sim | AS21: Emagrecimento | AT21: =MONTH(B21)&"/"&YEAR(B21) -> 1/2024 | AU21: =WEEKNUM(B21)-WEEKNUM(EOMONTH(B21,-1)+1)+1 -> 1 | AV21: =MONTH(R21)&"/"&YEAR(R21) -> 3/2025 | AW21: =WEEKNUM(R21)-WEEKNUM(EOMONTH(R21,-1)+1)+1 -> 4 | AX21: =IF(BB21="S",IF(Q21="1. Aceitou o programa",R21-B21,0),0) -> 443 | AY21: =IF(BB21="S",IF(AND(S21<>"",R21<>""),S21-R21,0),0) -> 0 | AZ21: =IF(BB21="S",IF(Q21="1. Aceitou o programa",IF(OR(X21="Não se Aplica",X21=""),IF(OR(W21="Não se Aplica",W21=""),0,W21-V21),AVERAGE(X21-W21,W21-V21)),0),0) -> 0 | BA21: =IF(BB21="S",IF(AND(Q21="1. Aceitou o programa",AH21="Realizada"),IFERROR(IF(AG21="",0,AG21-R21),0),0),0) -> 0 | BB21: =_xlfn.XLOOKUP(U21,'Lista Suspensa'!$AA$20:$AA$23,'Lista Suspensa'!$AB$20:$AB$23,"N/A") -> S
A22: Fluxo Antigo | B22: 45292 | C22: Captação + Navegação | D22: Empresa - Light | E22: 806074787 | F22: JOSE LUIZ DA SILVA | H22: 19582 | I22: 72 | J22: M | K22: SP | O22: (24) 988362520 | P22: Equipe Emagrecimento | Q22: 1. Aceitou o programa | R22: 45735 | T22: Contato Com Sucesso | U22: Ativo | V22: 45735 | W22: 46147 | X22: Não se aplica | Y22: Telemonitoramento com múltiplas tentativas de contato - mais de 3 em meses diferentes | Z22: Não Utiliza | AA22: 147 | AB22: 1.65 | AC22: =SUM(AA22/(AB22^2)) -> 53.99449 | AD22: =IF(AC22<18.5,"ABAIXO DO PESO", (IF(AC22<=24.9,"PESO NORMAL", (IF(AC22<=29.9,"SOBREPESO", (IF(AC22<=34.9,"OBESIDADE I", (IF(AC22<=39.9,"OBESIDADE II", (IF(AC22<=999,"OBESIDADE III","VAZIO"))))))))))) -> OBESIDADE III | AE22: CMDP - Centro Médico Dom Pedro | AF22: Aguardando Agendamento | AL22: Critério de Grade Especial | AO22: =IF(R22="","",IF(R22>TODAY(),"0 meses",DATEDIF(R22,TODAY(),"m") & " meses")) -> 14 meses | AP22: Sim | AQ22: Sim | AS22: Emagrecimento | AT22: =MONTH(B22)&"/"&YEAR(B22) -> 1/2024 | AU22: =WEEKNUM(B22)-WEEKNUM(EOMONTH(B22,-1)+1)+1 -> 1 | AV22: =MONTH(R22)&"/"&YEAR(R22) -> 3/2025 | AW22: =WEEKNUM(R22)-WEEKNUM(EOMONTH(R22,-1)+1)+1 -> 4 | AX22: =IF(BB22="S",IF(Q22="1. Aceitou o programa",R22-B22,0),0) -> 443 | AY22: =IF(BB22="S",IF(AND(S22<>"",R22<>""),S22-R22,0),0) -> 0 | AZ22: =IF(BB22="S",IF(Q22="1. Aceitou o programa",IF(OR(X22="Não se Aplica",X22=""),IF(OR(W22="Não se Aplica",W22=""),0,W22-V22),AVERAGE(X22-W22,W22-V22)),0),0) -> 412 | BA22: =IF(BB22="S",IF(AND(Q22="1. Aceitou o programa",AH22="Realizada"),IFERROR(IF(AG22="",0,AG22-R22),0),0),0) -> 0 | BB22: =_xlfn.XLOOKUP(U22,'Lista Suspensa'!$AA$20:$AA$23,'Lista Suspensa'!$AB$20:$AB$23,"N/A") -> S
A23: Fluxo Antigo | B23: 45292 | C23: Captação + Navegação | D23: Empresa - Light | E23: 87555996 | F23: SIDNEI MARCELO DOS SANTOS | H23: 25049 | I23: 57 | J23: M | K23: RJ | O23: 21999513007 | P23: Equipe Emagrecimento | Q23: 1. Aceitou o programa | R23: 45736 | T23: Contato Com Sucesso | U23: Ativo | V23: 45736 | W23: Não se aplica | X23: Não se aplica | Z23: Não Utiliza | AA23: 138 | AB23: 1.83 | AC23: =SUM(AA23/(AB23^2)) -> 41.207561 | AD23: =IF(AC23<18.5,"ABAIXO DO PESO", (IF(AC23<=24.9,"PESO NORMAL", (IF(AC23<=29.9,"SOBREPESO", (IF(AC23<=34.9,"OBESIDADE I", (IF(AC23<=39.9,"OBESIDADE II", (IF(AC23<=999,"OBESIDADE III","VAZIO"))))))))))) -> OBESIDADE III | AE23: CMDP - Centro Médico Dom Pedro | AF23: Aguardando Agendamento | AL23: Linha de Intervenção II | AO23: =IF(R23="","",IF(R23>TODAY(),"0 meses",DATEDIF(R23,TODAY(),"m") & " meses")) -> 14 meses | AP23: Sim | AQ23: Sim | AS23: Emagrecimento | AT23: =MONTH(B23)&"/"&YEAR(B23) -> 1/2024 | AU23: =WEEKNUM(B23)-WEEKNUM(EOMONTH(B23,-1)+1)+1 -> 1 | AV23: =MONTH(R23)&"/"&YEAR(R23) -> 3/2025 | AW23: =WEEKNUM(R23)-WEEKNUM(EOMONTH(R23,-1)+1)+1 -> 4 | AX23: =IF(BB23="S",IF(Q23="1. Aceitou o programa",R23-B23,0),0) -> 444 | AY23: =IF(BB23="S",IF(AND(S23<>"",R23<>""),S23-R23,0),0) -> 0 | AZ23: =IF(BB23="S",IF(Q23="1. Aceitou o programa",IF(OR(X23="Não se Aplica",X23=""),IF(OR(W23="Não se Aplica",W23=""),0,W23-V23),AVERAGE(X23-W23,W23-V23)),0),0) -> 0 | BA23: =IF(BB23="S",IF(AND(Q23="1. Aceitou o programa",AH23="Realizada"),IFERROR(IF(AG23="",0,AG23-R23),0),0),0) -> 0 | BB23: =_xlfn.XLOOKUP(U23,'Lista Suspensa'!$AA$20:$AA$23,'Lista Suspensa'!$AB$20:$AB$23,"N/A") -> S
A24: Fluxo Antigo | B24: 45292 | C24: Captação + Navegação | D24: Empresa - Light | E24: 87553741 | F24: ROBSON MUNIZ DE AMORIM | H24: 27649 | I24: 50 | J24: M | K24: RJ | O24: (21) 9891-67278 | P24: Equipe Emagrecimento | Q24: 1. Aceitou o programa | R24: 45736 | T24: Contato Com Sucesso | U24: Ativo | V24: 45736 | W24: Não se aplica | X24: Não se aplica | Y24: 03/02/2026 13:30:00 contato com sucesso em | Z24: Não Utiliza | AA24: 127 | AB24: 1.77 | AC24: =SUM(AA24/(AB24^2)) -> 40.537521 | AD24: =IF(AC24<18.5,"ABAIXO DO PESO", (IF(AC24<=24.9,"PESO NORMAL", (IF(AC24<=29.9,"SOBREPESO", (IF(AC24<=34.9,"OBESIDADE I", (IF(AC24<=39.9,"OBESIDADE II", (IF(AC24<=999,"OBESIDADE III","VAZIO"))))))))))) -> OBESIDADE III | AE24: CMDP - Centro Médico Dom Pedro | AF24: Aguardando Agendamento | AL24: Linha de Intervenção II | AO24: =IF(R24="","",IF(R24>TODAY(),"0 meses",DATEDIF(R24,TODAY(),"m") & " meses")) -> 14 meses | AP24: Sim | AQ24: Sim | AS24: Emagrecimento | AT24: =MONTH(B24)&"/"&YEAR(B24) -> 1/2024 | AU24: =WEEKNUM(B24)-WEEKNUM(EOMONTH(B24,-1)+1)+1 -> 1 | AV24: =MONTH(R24)&"/"&YEAR(R24) -> 3/2025 | AW24: =WEEKNUM(R24)-WEEKNUM(EOMONTH(R24,-1)+1)+1 -> 4 | AX24: =IF(BB24="S",IF(Q24="1. Aceitou o programa",R24-B24,0),0) -> 444 | AY24: =IF(BB24="S",IF(AND(S24<>"",R24<>""),S24-R24,0),0) -> 0 | AZ24: =IF(BB24="S",IF(Q24="1. Aceitou o programa",IF(OR(X24="Não se Aplica",X24=""),IF(OR(W24="Não se Aplica",W24=""),0,W24-V24),AVERAGE(X24-W24,W24-V24)),0),0) -> 0 | BA24: =IF(BB24="S",IF(AND(Q24="1. Aceitou o programa",AH24="Realizada"),IFERROR(IF(AG24="",0,AG24-R24),0),0),0) -> 0 | BB24: =_xlfn.XLOOKUP(U24,'Lista Suspensa'!$AA$20:$AA$23,'Lista Suspensa'!$AB$20:$AB$23,"N/A") -> S
A25: Fluxo Antigo | B25: 45292 | C25: Captação + Navegação | D25: Empresa - Light | E25: 87556502 | F25: CARLOS EDUARDO DE SOUSA | H25: 28749 | I25: 47 | J25: M | K25: RJ | O25: 21987478413 | P25: Equipe Emagrecimento | Q25: 1. Aceitou o programa | R25: 45737 | T25: Contato Com Sucesso | U25: Ativo | V25: 45737 | W25: Não se aplica | X25: Não se aplica | Z25: Não Utiliza | AA25: 118 | AB25: 1.69 | AC25: =SUM(AA25/(AB25^2)) -> 41.31508 | AD25: =IF(AC25<18.5,"ABAIXO DO PESO", (IF(AC25<=24.9,"PESO NORMAL", (IF(AC25<=29.9,"SOBREPESO", (IF(AC25<=34.9,"OBESIDADE I", (IF(AC25<=39.9,"OBESIDADE II", (IF(AC25<=999,"OBESIDADE III","VAZIO"))))))))))) -> OBESIDADE III | AE25: CMDP - Centro Médico Dom Pedro | AF25: Aguardando Agendamento | AL25: Linha de Intervenção I | AO25: =IF(R25="","",IF(R25>TODAY(),"0 meses",DATEDIF(R25,TODAY(),"m") & " meses")) -> 14 meses | AP25: Sim | AQ25: Sim | AS25: Emagrecimento | AT25: =MONTH(B25)&"/"&YEAR(B25) -> 1/2024 | AU25: =WEEKNUM(B25)-WEEKNUM(EOMONTH(B25,-1)+1)+1 -> 1 | AV25: =MONTH(R25)&"/"&YEAR(R25) -> 3/2025 | AW25: =WEEKNUM(R25)-WEEKNUM(EOMONTH(R25,-1)+1)+1 -> 4 | AX25: =IF(BB25="S",IF(Q25="1. Aceitou o programa",R25-B25,0),0) -> 445 | AY25: =IF(BB25="S",IF(AND(S25<>"",R25<>""),S25-R25,0),0) -> 0 | AZ25: =IF(BB25="S",IF(Q25="1. Aceitou o programa",IF(OR(X25="Não se Aplica",X25=""),IF(OR(W25="Não se Aplica",W25=""),0,W25-V25),AVERAGE(X25-W25,W25-V25)),0),0) -> 0 | BA25: =IF(BB25="S",IF(AND(Q25="1. Aceitou o programa",AH25="Realizada"),IFERROR(IF(AG25="",0,AG25-R25),0),0),0) -> 0 | BB25: =_xlfn.XLOOKUP(U25,'Lista Suspensa'!$AA$20:$AA$23,'Lista Suspensa'!$AB$20:$AB$23,"N/A") -> S
A26: Fluxo Antigo | B26: 45292 | C26: Captação + Navegação | D26: Empresa - Light | E26: 87554774 | F26: ALESSANDRO MARQUES DA COSTA THEODORO | H26: 31439 | I26: 40 | J26: M | O26: 21964260716 | P26: Equipe Emagrecimento | Q26: 1. Aceitou o programa | R26: 45740 | T26: Contato Com Sucesso | U26: Ativo | V26: 45740 | W26: Não se aplica | X26: Não se aplica | Y26: Telemonitoramento com múltiplas tentativas de contato - mais de 3 em meses diferentes | Z26: Não Utiliza | AA26: 125 | AB26: 1.74 | AC26: =SUM(AA26/(AB26^2)) -> 41.286828 | AD26: =IF(AC26<18.5,"ABAIXO DO PESO", (IF(AC26<=24.9,"PESO NORMAL", (IF(AC26<=29.9,"SOBREPESO", (IF(AC26<=34.9,"OBESIDADE I", (IF(AC26<=39.9,"OBESIDADE II", (IF(AC26<=999,"OBESIDADE III","VAZIO"))))))))))) -> OBESIDADE III | AE26: CMDP - Centro Médico Dom Pedro | AF26: Aguardando Agendamento | AL26: Linha de Intervenção II | AO26: =IF(R26="","",IF(R26>TODAY(),"0 meses",DATEDIF(R26,TODAY(),"m") & " meses")) -> 14 meses | AP26: Sim | AQ26: Sim | AS26: Emagrecimento | AT26: =MONTH(B26)&"/"&YEAR(B26) -> 1/2024 | AU26: =WEEKNUM(B26)-WEEKNUM(EOMONTH(B26,-1)+1)+1 -> 1 | AV26: =MONTH(R26)&"/"&YEAR(R26) -> 3/2025 | AW26: =WEEKNUM(R26)-WEEKNUM(EOMONTH(R26,-1)+1)+1 -> 5 | AX26: =IF(BB26="S",IF(Q26="1. Aceitou o programa",R26-B26,0),0) -> 448 | AY26: =IF(BB26="S",IF(AND(S26<>"",R26<>""),S26-R26,0),0) -> 0 | AZ26: =IF(BB26="S",IF(Q26="1. Aceitou o programa",IF(OR(X26="Não se Aplica",X26=""),IF(OR(W26="Não se Aplica",W26=""),0,W26-V26),AVERAGE(X26-W26,W26-V26)),0),0) -> 0 | BA26: =IF(BB26="S",IF(AND(Q26="1. Aceitou o programa",AH26="Realizada"),IFERROR(IF(AG26="",0,AG26-R26),0),0),0) -> 0 | BB26: =_xlfn.XLOOKUP(U26,'Lista Suspensa'!$AA$20:$AA$23,'Lista Suspensa'!$AB$20:$AB$23,"N/A") -> S
A27: Fluxo Antigo | B27: 45292 | C27: Captação + Navegação | D27: Empresa - Light | E27: 87555136 | F27: THIAGO SA JUNIOR | H27: 31553 | I27: 39 | J27: M | O27: 21993239225 | P27: Equipe Emagrecimento | Q27: 1. Aceitou o programa | R27: 45740 | T27: Contato Com Sucesso | U27: Ativo | V27: 45740 | W27: Não se aplica | X27: Não se aplica | Z27: Não Utiliza | AA27: 130 | AB27: 1.7 | AC27: =SUM(AA27/(AB27^2)) -> 44.982699 | AD27: =IF(AC27<18.5,"ABAIXO DO PESO", (IF(AC27<=24.9,"PESO NORMAL", (IF(AC27<=29.9,"SOBREPESO", (IF(AC27<=34.9,"OBESIDADE I", (IF(AC27<=39.9,"OBESIDADE II", (IF(AC27<=999,"OBESIDADE III","VAZIO"))))))))))) -> OBESIDADE III | AE27: CMDP - Centro Médico Dom Pedro | AF27: Aguardando Agendamento | AL27: Linha de Intervenção II | AO27: =IF(R27="","",IF(R27>TODAY(),"0 meses",DATEDIF(R27,TODAY(),"m") & " meses")) -> 14 meses | AP27: Sim | AQ27: Sim | AS27: Emagrecimento | AT27: =MONTH(B27)&"/"&YEAR(B27) -> 1/2024 | AU27: =WEEKNUM(B27)-WEEKNUM(EOMONTH(B27,-1)+1)+1 -> 1 | AV27: =MONTH(R27)&"/"&YEAR(R27) -> 3/2025 | AW27: =WEEKNUM(R27)-WEEKNUM(EOMONTH(R27,-1)+1)+1 -> 5 | AX27: =IF(BB27="S",IF(Q27="1. Aceitou o programa",R27-B27,0),0) -> 448 | AY27: =IF(BB27="S",IF(AND(S27<>"",R27<>""),S27-R27,0),0) -> 0 | AZ27: =IF(BB27="S",IF(Q27="1. Aceitou o programa",IF(OR(X27="Não se Aplica",X27=""),IF(OR(W27="Não se Aplica",W27=""),0,W27-V27),AVERAGE(X27-W27,W27-V27)),0),0) -> 0 | BA27: =IF(BB27="S",IF(AND(Q27="1. Aceitou o programa",AH27="Realizada"),IFERROR(IF(AG27="",0,AG27-R27),0),0),0) -> 0 | BB27: =_xlfn.XLOOKUP(U27,'Lista Suspensa'!$AA$20:$AA$23,'Lista Suspensa'!$AB$20:$AB$23,"N/A") -> S
A28: Fluxo Antigo | B28: 45292 | C28: Captação + Navegação | D28: Empresa - Light | E28: 87555028 | F28: VALCENIR ANGELO CONSTANTINO | H28: 32102 | I28: 38 | J28: M | O28: (21) 964034709 | P28: Equipe Emagrecimento | Q28: 1. Aceitou o programa | R28: 45742 | T28: Contato Com Sucesso | U28: Ativo | V28: 45742 | W28: Não se aplica | X28: Não se aplica | Y28: 03/02/2026 16:36:00 contato com sucesso em | Z28: Não Utiliza | AA28: 137 | AB28: 1.88 | AC28: =SUM(AA28/(AB28^2)) -> 38.761883 | AD28: =IF(AC28<18.5,"ABAIXO DO PESO", (IF(AC28<=24.9,"PESO NORMAL", (IF(AC28<=29.9,"SOBREPESO", (IF(AC28<=34.9,"OBESIDADE I", (IF(AC28<=39.9,"OBESIDADE II", (IF(AC28<=999,"OBESIDADE III","VAZIO"))))))))))) -> OBESIDADE II | AE28: CMDP - Centro Médico Dom Pedro | AF28: Aguardando Agendamento | AL28: Linha de Intervenção I | AO28: =IF(R28="","",IF(R28>TODAY(),"0 meses",DATEDIF(R28,TODAY(),"m") & " meses")) -> 14 meses | AP28: Sim | AQ28: Sim | AS28: Emagrecimento | AT28: =MONTH(B28)&"/"&YEAR(B28) -> 1/2024 | AU28: =WEEKNUM(B28)-WEEKNUM(EOMONTH(B28,-1)+1)+1 -> 1 | AV28: =MONTH(R28)&"/"&YEAR(R28) -> 3/2025 | AW28: =WEEKNUM(R28)-WEEKNUM(EOMONTH(R28,-1)+1)+1 -> 5 | AX28: =IF(BB28="S",IF(Q28="1. Aceitou o programa",R28-B28,0),0) -> 450 | AY28: =IF(BB28="S",IF(AND(S28<>"",R28<>""),S28-R28,0),0) -> 0 | AZ28: =IF(BB28="S",IF(Q28="1. Aceitou o programa",IF(OR(X28="Não se Aplica",X28=""),IF(OR(W28="Não se Aplica",W28=""),0,W28-V28),AVERAGE(X28-W28,W28-V28)),0),0) -> 0 | BA28: =IF(BB28="S",IF(AND(Q28="1. Aceitou o programa",AH28="Realizada"),IFERROR(IF(AG28="",0,AG28-R28),0),0),0) -> 0 | BB28: =_xlfn.XLOOKUP(U28,'Lista Suspensa'!$AA$20:$AA$23,'Lista Suspensa'!$AB$20:$AB$23,"N/A") -> S
A29: Fluxo Antigo | B29: 45292 | C29: Captação + Navegação | D29: Empresa - Light | E29: 87554581 | F29: JHONNY SULLIVAN COSTA MAIA | H29: 30976 | I29: 41 | J29: M | O29: (24) 99984-8181 | P29: Equipe Emagrecimento | Q29: 1. Aceitou o programa | R29: 45747 | T29: Contato Com Sucesso | U29: Ativo | V29: 45747 | W29: Não se aplica | X29: Não se aplica | Z29: Não Utiliza | AA29: 113 | AB29: 1.81 | AC29: =SUM(AA29/(AB29^2)) -> 34.492232 | AD29: =IF(AC29<18.5,"ABAIXO DO PESO", (IF(AC29<=24.9,"PESO NORMAL", (IF(AC29<=29.9,"SOBREPESO", (IF(AC29<=34.9,"OBESIDADE I", (IF(AC29<=39.9,"OBESIDADE II", (IF(AC29<=999,"OBESIDADE III","VAZIO"))))))))))) -> OBESIDADE I | AE29: CMDP - Centro Médico Dom Pedro | AF29: Aguardando Agendamento | AL29: Linha de Intervenção I | AO29: =IF(R29="","",IF(R29>TODAY(),"0 meses",DATEDIF(R29,TODAY(),"m") & " meses")) -> 14 meses | AP29: Sim | AQ29: Sim | AS29: Emagrecimento | AT29: =MONTH(B29)&"/"&YEAR(B29) -> 1/2024 | AU29: =WEEKNUM(B29)-WEEKNUM(EOMONTH(B29,-1)+1)+1 -> 1 | AV29: =MONTH(R29)&"/"&YEAR(R29) -> 3/2025 | AW29: =WEEKNUM(R29)-WEEKNUM(EOMONTH(R29,-1)+1)+1 -> 6 | AX29: =IF(BB29="S",IF(Q29="1. Aceitou o programa",R29-B29,0),0) -> 455 | AY29: =IF(BB29="S",IF(AND(S29<>"",R29<>""),S29-R29,0),0) -> 0 | AZ29: =IF(BB29="S",IF(Q29="1. Aceitou o programa",IF(OR(X29="Não se Aplica",X29=""),IF(OR(W29="Não se Aplica",W29=""),0,W29-V29),AVERAGE(X29-W29,W29-V29)),0),0) -> 0 | BA29: =IF(BB29="S",IF(AND(Q29="1. Aceitou o programa",AH29="Realizada"),IFERROR(IF(AG29="",0,AG29-R29),0),0),0) -> 0 | BB29: =_xlfn.XLOOKUP(U29,'Lista Suspensa'!$AA$20:$AA$23,'Lista Suspensa'!$AB$20:$AB$23,"N/A") -> S
A30: Fluxo Antigo | B30: 45292 | C30: Captação + Navegação | D30: Empresa - Light | E30: 87556485 | F30: JOHNATAN JACKSON DE JESUS RIBEIRO DOS SANTOS | H30: 33094 | I30: 35 | J30: M | O30: (21) 9841-68131 | P30: Equipe Emagrecimento | Q30: 1. Aceitou o programa | R30: 45747 | T30: Contato Com Sucesso | U30: Ativo | V30: 45747 | W30: Não se aplica | X30: Não se aplica | Z30: Mounjaro | AA30: 118 | AB30: 1.85 | AC30: =SUM(AA30/(AB30^2)) -> 34.477721 | AD30: =IF(AC30<18.5,"ABAIXO DO PESO", (IF(AC30<=24.9,"PESO NORMAL", (IF(AC30<=29.9,"SOBREPESO", (IF(AC30<=34.9,"OBESIDADE I", (IF(AC30<=39.9,"OBESIDADE II", (IF(AC30<=999,"OBESIDADE III","VAZIO"))))))))))) -> OBESIDADE I | AE30: CMDP - Centro Médico Dom Pedro | AF30: Aguardando Agendamento | AL30: Linha de Intervenção I | AO30: =IF(R30="","",IF(R30>TODAY(),"0 meses",DATEDIF(R30,TODAY(),"m") & " meses")) -> 14 meses | AP30: Sim | AQ30: Sim | AS30: Emagrecimento | AT30: =MONTH(B30)&"/"&YEAR(B30) -> 1/2024 | AU30: =WEEKNUM(B30)-WEEKNUM(EOMONTH(B30,-1)+1)+1 -> 1 | AV30: =MONTH(R30)&"/"&YEAR(R30) -> 3/2025 | AW30: =WEEKNUM(R30)-WEEKNUM(EOMONTH(R30,-1)+1)+1 -> 6 | AX30: =IF(BB30="S",IF(Q30="1. Aceitou o programa",R30-B30,0),0) -> 455 | AY30: =IF(BB30="S",IF(AND(S30<>"",R30<>""),S30-R30,0),0) -> 0 | AZ30: =IF(BB30="S",IF(Q30="1. Aceitou o programa",IF(OR(X30="Não se Aplica",X30=""),IF(OR(W30="Não se Aplica",W30=""),0,W30-V30),AVERAGE(X30-W30,W30-V30)),0),0) -> 0 | BA30: =IF(BB30="S",IF(AND(Q30="1. Aceitou o programa",AH30="Realizada"),IFERROR(IF(AG30="",0,AG30-R30),0),0),0) -> 0 | BB30: =_xlfn.XLOOKUP(U30,'Lista Suspensa'!$AA$20:$AA$23,'Lista Suspensa'!$AB$20:$AB$23,"N/A") -> S
A31: Não | B31: 46083 | C31: Transbordo Navegação | D31: Captado pela Amil | E31: 87733471 | F31: VANESSA GATTI CLEMENTE | H31: 31378 | I31: 40 | J31: F | N31: 60 | O31: 11-947416688 | P31: Daniela | Q31: 1. Aceitou o programa | R31: 45762 | T31: Contato Com Sucesso | U31: Ativo | V31: 46118 | W31: 46142 | X31: 46150 | Y31: 29/04/2026 17:48:00 contato com sucesso em | Z31: Não Utiliza | AA31: 103 | AB31: 1.67 | AC31: =SUM(AA31/(AB31^2)) -> 36.932124 | AD31: =IF(AC31<18.5,"ABAIXO DO PESO", (IF(AC31<=24.9,"PESO NORMAL", (IF(AC31<=29.9,"SOBREPESO", (IF(AC31<=34.9,"OBESIDADE I", (IF(AC31<=39.9,"OBESIDADE II", (IF(AC31<=999,"OBESIDADE III","VAZIO"))))))))))) -> OBESIDADE II | AE31: Sem Dados | AF31: Agendada | AG31: 09/06/2026 13:40 | AL31: Linha de Intervenção II | AO31: =IF(R31="","",IF(R31>TODAY(),"0 meses",DATEDIF(R31,TODAY(),"m") & " meses")) -> 13 meses | AP31: Sim | AQ31: Sim | AS31: Emagrecimento | AT31: =MONTH(B31)&"/"&YEAR(B31) -> 3/2026 | AU31: =WEEKNUM(B31)-WEEKNUM(EOMONTH(B31,-1)+1)+1 -> 1 | AV31: =MONTH(R31)&"/"&YEAR(R31) -> 4/2025 | AW31: =WEEKNUM(R31)-WEEKNUM(EOMONTH(R31,-1)+1)+1 -> 3 | AX31: =IF(BB31="S",IF(Q31="1. Aceitou o programa",R31-B31,0),0) -> -321 | AY31: =IF(BB31="S",IF(AND(S31<>"",R31<>""),S31-R31,0),0) -> 0 | AZ31: =IF(BB31="S",IF(Q31="1. Aceitou o programa",IF(OR(X31="Não se Aplica",X31=""),IF(OR(W31="Não se Aplica",W31=""),0,W31-V31),AVERAGE(X31-W31,W31-V31)),0),0) -> 16 | BA31: =IF(BB31="S",IF(AND(Q31="1. Aceitou o programa",AH31="Realizada"),IFERROR(IF(AG31="",0,AG31-R31),0),0),0) -> 0 | BB31: =_xlfn.XLOOKUP(U31,'Lista Suspensa'!$AA$20:$AA$23,'Lista Suspensa'!$AB$20:$AB$23,"N/A") -> S
A32: Fluxo Antigo | B32: 45292 | C32: Captação + Navegação | D32: CMDP Endocrino - Eduardo Cechinel Passos | E32: 77794439 | F32: ANDERSON GOMES DE ALMEIDA | H32: 27307 | I32: 51 | J32: M | O32: (11) 94830-8363 | P32: Equipe Emagrecimento | Q32: 1. Aceitou o programa | R32: 45786 | T32: Contato Com Sucesso | U32: Ativo | V32: 45786 | W32: Não se aplica | X32: Não se aplica | Z32: Rybelsus | AA32: 105 | AB32: 1.74 | AC32: =SUM(AA32/(AB32^2)) -> 34.680935 | AD32: =IF(AC32<18.5,"ABAIXO DO PESO", (IF(AC32<=24.9,"PESO NORMAL", (IF(AC32<=29.9,"SOBREPESO", (IF(AC32<=34.9,"OBESIDADE I", (IF(AC32<=39.9,"OBESIDADE II", (IF(AC32<=999,"OBESIDADE III","VAZIO"))))))))))) -> OBESIDADE I | AE32: CMDP - Centro Médico Dom Pedro | AF32: Aguardando Agendamento | AL32: Linha de Intervenção II | AO32: =IF(R32="","",IF(R32>TODAY(),"0 meses",DATEDIF(R32,TODAY(),"m") & " meses")) -> 13 meses | AP32: Sim | AQ32: Sim | AS32: Emagrecimento | AT32: =MONTH(B32)&"/"&YEAR(B32) -> 1/2024 | AU32: =WEEKNUM(B32)-WEEKNUM(EOMONTH(B32,-1)+1)+1 -> 1 | AV32: =MONTH(R32)&"/"&YEAR(R32) -> 5/2025 | AW32: =WEEKNUM(R32)-WEEKNUM(EOMONTH(R32,-1)+1)+1 -> 2 | AX32: =IF(BB32="S",IF(Q32="1. Aceitou o programa",R32-B32,0),0) -> 494 | AY32: =IF(BB32="S",IF(AND(S32<>"",R32<>""),S32-R32,0),0) -> 0 | AZ32: =IF(BB32="S",IF(Q32="1. Aceitou o programa",IF(OR(X32="Não se Aplica",X32=""),IF(OR(W32="Não se Aplica",W32=""),0,W32-V32),AVERAGE(X32-W32,W32-V32)),0),0) -> 0 | BA32: =IF(BB32="S",IF(AND(Q32="1. Aceitou o programa",AH32="Realizada"),IFERROR(IF(AG32="",0,AG32-R32),0),0),0) -> 0 | BB32: =_xlfn.XLOOKUP(U32,'Lista Suspensa'!$AA$20:$AA$23,'Lista Suspensa'!$AB$20:$AB$23,"N/A") -> S
A33: Fluxo Antigo | B33: 45292 | C33: Captação + Navegação | D33: Equipe - Clínica Sallet | E33: 85853351 | F33: ADINOAN FELIZ DA SILVA FERREIRA | H33: 29241 | I33: 46 | J33: F | O33: 11946806114 | P33: Equipe Emagrecimento | Q33: 1. Aceitou o programa | R33: 45812 | T33: Contato Com Sucesso | U33: Ativo | V33: 45812 | W33: Não se aplica | X33: Não se aplica | Z33: Rybelsus | AA33: 95.5 | AB33: 1.65 | AC33: =SUM(AA33/(AB33^2)) -> 35.078053 | AD33: =IF(AC33<18.5,"ABAIXO DO PESO", (IF(AC33<=24.9,"PESO NORMAL", (IF(AC33<=29.9,"SOBREPESO", (IF(AC33<=34.9,"OBESIDADE I", (IF(AC33<=39.9,"OBESIDADE II", (IF(AC33<=999,"OBESIDADE III","VAZIO"))))))))))) -> OBESIDADE II | AE33: CMDP - Centro Médico Dom Pedro | AF33: Aguardando Agendamento | AL33: Linha de Intervenção II | AO33: =IF(R33="","",IF(R33>TODAY(),"0 meses",DATEDIF(R33,TODAY(),"m") & " meses")) -> 12 meses | AP33: Sim | AQ33: Sim | AS33: Emagrecimento | AT33: =MONTH(B33)&"/"&YEAR(B33) -> 1/2024 | AU33: =WEEKNUM(B33)-WEEKNUM(EOMONTH(B33,-1)+1)+1 -> 1 | AV33: =MONTH(R33)&"/"&YEAR(R33) -> 6/2025 | AW33: =WEEKNUM(R33)-WEEKNUM(EOMONTH(R33,-1)+1)+1 -> 1 | AX33: =IF(BB33="S",IF(Q33="1. Aceitou o programa",R33-B33,0),0) -> 520 | AY33: =IF(BB33="S",IF(AND(S33<>"",R33<>""),S33-R33,0),0) -> 0 | AZ33: =IF(BB33="S",IF(Q33="1. Aceitou o programa",IF(OR(X33="Não se Aplica",X33=""),IF(OR(W33="Não se Aplica",W33=""),0,W33-V33),AVERAGE(X33-W33,W33-V33)),0),0) -> 0 | BA33: =IF(BB33="S",IF(AND(Q33="1. Aceitou o programa",AH33="Realizada"),IFERROR(IF(AG33="",0,AG33-R33),0),0),0) -> 0 | BB33: =_xlfn.XLOOKUP(U33,'Lista Suspensa'!$AA$20:$AA$23,'Lista Suspensa'!$AB$20:$AB$23,"N/A") -> S
A34: Fluxo Antigo | B34: 45292 | C34: Captação + Navegação | D34: Captado pela Amil | E34: 85230301 | F34: LUANA RAMOS DA SILVA | H34: 34684 | I34: 31 | J34: F | O34: (11) 947086731 | P34: Equipe Emagrecimento | Q34: 1. Aceitou o programa | R34: 45813 | T34: Contato Com Sucesso | U34: Ativo | V34: 45813 | W34: Não se aplica | X34: Não se aplica | Z34: Não Utiliza | AA34: 133 | AB34: 1.67 | AC34: =SUM(AA34/(AB34^2)) -> 47.689053 | AD34: =IF(AC34<18.5,"ABAIXO DO PESO", (IF(AC34<=24.9,"PESO NORMAL", (IF(AC34<=29.9,"SOBREPESO", (IF(AC34<=34.9,"OBESIDADE I", (IF(AC34<=39.9,"OBESIDADE II", (IF(AC34<=999,"OBESIDADE III","VAZIO"))))))))))) -> OBESIDADE III | AE34: CMDP - Centro Médico Dom Pedro | AF34: Aguardando Agendamento | AL34: Linha de Intervenção II | AO34: =IF(R34="","",IF(R34>TODAY(),"0 meses",DATEDIF(R34,TODAY(),"m") & " meses")) -> 12 meses | AP34: Sim | AQ34: Sim | AS34: Emagrecimento | AT34: =MONTH(B34)&"/"&YEAR(B34) -> 1/2024 | AU34: =WEEKNUM(B34)-WEEKNUM(EOMONTH(B34,-1)+1)+1 -> 1 | AV34: =MONTH(R34)&"/"&YEAR(R34) -> 6/2025 | AW34: =WEEKNUM(R34)-WEEKNUM(EOMONTH(R34,-1)+1)+1 -> 1 | AX34: =IF(BB34="S",IF(Q34="1. Aceitou o programa",R34-B34,0),0) -> 521 | AY34: =IF(BB34="S",IF(AND(S34<>"",R34<>""),S34-R34,0),0) -> 0 | AZ34: =IF(BB34="S",IF(Q34="1. Aceitou o programa",IF(OR(X34="Não se Aplica",X34=""),IF(OR(W34="Não se Aplica",W34=""),0,W34-V34),AVERAGE(X34-W34,W34-V34)),0),0) -> 0 | BA34: =IF(BB34="S",IF(AND(Q34="1. Aceitou o programa",AH34="Realizada"),IFERROR(IF(AG34="",0,AG34-R34),0),0),0) -> 0 | BB34: =_xlfn.XLOOKUP(U34,'Lista Suspensa'!$AA$20:$AA$23,'Lista Suspensa'!$AB$20:$AB$23,"N/A") -> S
A35: Fluxo Antigo | B35: 45292 | C35: Captação + Navegação | D35: Equipe - Dr. Michel Menezes | E35: 89341266 | F35: CARINA DE OLIVEIRA SILVA | H35: 34648 | I35: 31 | J35: F | O35: 21977208008 | P35: Equipe Emagrecimento | Q35: 1. Aceitou o programa | R35: 45818 | T35: Contato Com Sucesso | U35: Ativo | V35: 45818 | W35: Não se aplica | X35: Não se aplica | Z35: Mounjaro | AA35: 96 | AB35: 1.68 | AC35: =SUM(AA35/(AB35^2)) -> 34.013605 | AD35: =IF(AC35<18.5,"ABAIXO DO PESO", (IF(AC35<=24.9,"PESO NORMAL", (IF(AC35<=29.9,"SOBREPESO", (IF(AC35<=34.9,"OBESIDADE I", (IF(AC35<=39.9,"OBESIDADE II", (IF(AC35<=999,"OBESIDADE III","VAZIO"))))))))))) -> OBESIDADE I | AE35: CMDP - Centro Médico Dom Pedro | AF35: Aguardando Agendamento | AL35: Linha de Intervenção II | AO35: =IF(R35="","",IF(R35>TODAY(),"0 meses",DATEDIF(R35,TODAY(),"m") & " meses")) -> 12 meses | AP35: Sim | AQ35: Sim | AS35: Emagrecimento | AT35: =MONTH(B35)&"/"&YEAR(B35) -> 1/2024 | AU35: =WEEKNUM(B35)-WEEKNUM(EOMONTH(B35,-1)+1)+1 -> 1 | AV35: =MONTH(R35)&"/"&YEAR(R35) -> 6/2025 | AW35: =WEEKNUM(R35)-WEEKNUM(EOMONTH(R35,-1)+1)+1 -> 2 | AX35: =IF(BB35="S",IF(Q35="1. Aceitou o programa",R35-B35,0),0) -> 526 | AY35: =IF(BB35="S",IF(AND(S35<>"",R35<>""),S35-R35,0),0) -> 0 | AZ35: =IF(BB35="S",IF(Q35="1. Aceitou o programa",IF(OR(X35="Não se Aplica",X35=""),IF(OR(W35="Não se Aplica",W35=""),0,W35-V35),AVERAGE(X35-W35,W35-V35)),0),0) -> 0 | BA35: =IF(BB35="S",IF(AND(Q35="1. Aceitou o programa",AH35="Realizada"),IFERROR(IF(AG35="",0,AG35-R35),0),0),0) -> 0 | BB35: =_xlfn.XLOOKUP(U35,'Lista Suspensa'!$AA$20:$AA$23,'Lista Suspensa'!$AB$20:$AB$23,"N/A") -> S
A36: Fluxo Antigo | B36: 45292 | C36: Captação + Navegação | D36: Equipe - Dr. Michel Menezes | E36: 93359327 | F36: ELAINE ALMEIDA PARA ASSU DOS SANTOS | H36: 29388 | I36: 45 | J36: F | K36: RJ | O36: 21964815875 | P36: Equipe Emagrecimento | Q36: 1. Aceitou o programa | R36: 45820 | T36: Contato Com Sucesso | U36: Ativo | V36: 45820 | W36: Não se aplica | X36: Não se aplica | Z36: Ozempic | AA36: 133 | AB36: 1.6 | AC36: =SUM(AA36/(AB36^2)) -> 51.953125 | AD36: =IF(AC36<18.5,"ABAIXO DO PESO", (IF(AC36<=24.9,"PESO NORMAL", (IF(AC36<=29.9,"SOBREPESO", (IF(AC36<=34.9,"OBESIDADE I", (IF(AC36<=39.9,"OBESIDADE II", (IF(AC36<=999,"OBESIDADE III","VAZIO"))))))))))) -> OBESIDADE III | AE36: CMDP - Centro Médico Dom Pedro | AF36: Aguardando Agendamento | AL36: Critério de Grade Especial | AO36: =IF(R36="","",IF(R36>TODAY(),"0 meses",DATEDIF(R36,TODAY(),"m") & " meses")) -> 11 meses | AP36: Sim | AQ36: Sim | AS36: Emagrecimento | AT36: =MONTH(B36)&"/"&YEAR(B36) -> 1/2024 | AU36: =WEEKNUM(B36)-WEEKNUM(EOMONTH(B36,-1)+1)+1 -> 1 | AV36: =MONTH(R36)&"/"&YEAR(R36) -> 6/2025 | AW36: =WEEKNUM(R36)-WEEKNUM(EOMONTH(R36,-1)+1)+1 -> 2 | AX36: =IF(BB36="S",IF(Q36="1. Aceitou o programa",R36-B36,0),0) -> 528 | AY36: =IF(BB36="S",IF(AND(S36<>"",R36<>""),S36-R36,0),0) -> 0 | AZ36: =IF(BB36="S",IF(Q36="1. Aceitou o programa",IF(OR(X36="Não se Aplica",X36=""),IF(OR(W36="Não se Aplica",W36=""),0,W36-V36),AVERAGE(X36-W36,W36-V36)),0),0) -> 0 | BA36: =IF(BB36="S",IF(AND(Q36="1. Aceitou o programa",AH36="Realizada"),IFERROR(IF(AG36="",0,AG36-R36),0),0),0) -> 0 | BB36: =_xlfn.XLOOKUP(U36,'Lista Suspensa'!$AA$20:$AA$23,'Lista Suspensa'!$AB$20:$AB$23,"N/A") -> S
A37: Fluxo Antigo | B37: 45292 | C37: Captação + Navegação | D37: Equipe - Instituto Castro | E37: 87668623 | F37: ANTONIA KALIANY HOLANDA CALIL | H37: 30406 | I37: 43 | J37: F | O37: 11970365539 | P37: Equipe Emagrecimento | Q37: 1. Aceitou o programa | R37: 45825 | T37: Contato Com Sucesso | U37: Ativo | V37: 45825 | W37: Não se aplica | X37: Não se aplica | Z37: Não Utiliza | AA37: 93 | AB37: 1.56 | AC37: =SUM(AA37/(AB37^2)) -> 38.21499 | AD37: =IF(AC37<18.5,"ABAIXO DO PESO", (IF(AC37<=24.9,"PESO NORMAL", (IF(AC37<=29.9,"SOBREPESO", (IF(AC37<=34.9,"OBESIDADE I", (IF(AC37<=39.9,"OBESIDADE II", (IF(AC37<=999,"OBESIDADE III","VAZIO"))))))))))) -> OBESIDADE II | AE37: CMDP - Centro Médico Dom Pedro | AF37: Aguardando Agendamento | AL37: Pós-Bariátrico | AM37: Sim - Acompanhou Pré Operatório conosco | AN37: Sem Dados | AO37: =IF(R37="","",IF(R37>TODAY(),"0 meses",DATEDIF(R37,TODAY(),"m") & " meses")) -> 11 meses | AP37: Sim | AQ37: Sim | AS37: Emagrecimento | AT37: =MONTH(B37)&"/"&YEAR(B37) -> 1/2024 | AU37: =WEEKNUM(B37)-WEEKNUM(EOMONTH(B37,-1)+1)+1 -> 1 | AV37: =MONTH(R37)&"/"&YEAR(R37) -> 6/2025 | AW37: =WEEKNUM(R37)-WEEKNUM(EOMONTH(R37,-1)+1)+1 -> 3 | AX37: =IF(BB37="S",IF(Q37="1. Aceitou o programa",R37-B37,0),0) -> 533 | AY37: =IF(BB37="S",IF(AND(S37<>"",R37<>""),S37-R37,0),0) -> 0 | AZ37: =IF(BB37="S",IF(Q37="1. Aceitou o programa",IF(OR(X37="Não se Aplica",X37=""),IF(OR(W37="Não se Aplica",W37=""),0,W37-V37),AVERAGE(X37-W37,W37-V37)),0),0) -> 0 | BA37: =IF(BB37="S",IF(AND(Q37="1. Aceitou o programa",AH37="Realizada"),IFERROR(IF(AG37="",0,AG37-R37),0),0),0) -> 0 | BB37: =_xlfn.XLOOKUP(U37,'Lista Suspensa'!$AA$20:$AA$23,'Lista Suspensa'!$AB$20:$AB$23,"N/A") -> S
A38: Fluxo Antigo | B38: 45292 | C38: Captação + Navegação | D38: CMDP Nutri - Maria Carolina Vieira Marrano | E38: 93382897 | F38: DEBORA ARAUJO DOS SANTOS | H38: 31528 | I38: 40 | J38: F | K38: SP | O38: 11 95376-8693 | P38: Equipe Emagrecimento | Q38: 1. Aceitou o programa | R38: 45826 | T38: Contato Com Sucesso | U38: Ativo | V38: 45826 | W38: Não se aplica | X38: Não se aplica | Y38: Telemonitoramento com múltiplas tentativas de contato - mais de 3 em meses diferentes | Z38: Não Utiliza | AA38: 105.3 | AB38: 1.61 | AC38: =SUM(AA38/(AB38^2)) -> 40.623433 | AD38: =IF(AC38<18.5,"ABAIXO DO PESO", (IF(AC38<=24.9,"PESO NORMAL", (IF(AC38<=29.9,"SOBREPESO", (IF(AC38<=34.9,"OBESIDADE I", (IF(AC38<=39.9,"OBESIDADE II", (IF(AC38<=999,"OBESIDADE III","VAZIO"))))))))))) -> OBESIDADE III | AE38: CMDP - Centro Médico Dom Pedro | AF38: Aguardando Agendamento | AL38: Linha de Intervenção II | AO38: =IF(R38="","",IF(R38>TODAY(),"0 meses",DATEDIF(R38,TODAY(),"m") & " meses")) -> 11 meses | AP38: Sim | AQ38: Sim | AS38: Emagrecimento | AT38: =MONTH(B38)&"/"&YEAR(B38) -> 1/2024 | AU38: =WEEKNUM(B38)-WEEKNUM(EOMONTH(B38,-1)+1)+1 -> 1 | AV38: =MONTH(R38)&"/"&YEAR(R38) -> 6/2025 | AW38: =WEEKNUM(R38)-WEEKNUM(EOMONTH(R38,-1)+1)+1 -> 3 | AX38: =IF(BB38="S",IF(Q38="1. Aceitou o programa",R38-B38,0),0) -> 534 | AY38: =IF(BB38="S",IF(AND(S38<>"",R38<>""),S38-R38,0),0) -> 0 | AZ38: =IF(BB38="S",IF(Q38="1. Aceitou o programa",IF(OR(X38="Não se Aplica",X38=""),IF(OR(W38="Não se Aplica",W38=""),0,W38-V38),AVERAGE(X38-W38,W38-V38)),0),0) -> 0 | BA38: =IF(BB38="S",IF(AND(Q38="1. Aceitou o programa",AH38="Realizada"),IFERROR(IF(AG38="",0,AG38-R38),0),0),0) -> 0 | BB38: =_xlfn.XLOOKUP(U38,'Lista Suspensa'!$AA$20:$AA$23,'Lista Suspensa'!$AB$20:$AB$23,"N/A") -> S
A39: Fluxo Antigo | B39: 45292 | C39: Captação + Navegação | D39: CMDP Nutri - Juliana Cardoso Gaia | E39: 93424460 | F39: GUILHERME BRANDAO DE GODOI | H39: 33107 | I39: 35 | J39: M | O39: +55 11 95816-5697 | P39: Equipe Emagrecimento | Q39: 1. Aceitou o programa | R39: 45826 | T39: Contato Com Sucesso | U39: Ativo | V39: 45826 | W39: Não se aplica | X39: Não se aplica | Z39: Ozempic, Bupropiona + Naltrexona | AA39: 131 | AB39: 1.93 | AC39: =SUM(AA39/(AB39^2)) -> 35.168729 | AD39: =IF(AC39<18.5,"ABAIXO DO PESO", (IF(AC39<=24.9,"PESO NORMAL", (IF(AC39<=29.9,"SOBREPESO", (IF(AC39<=34.9,"OBESIDADE I", (IF(AC39<=39.9,"OBESIDADE II", (IF(AC39<=999,"OBESIDADE III","VAZIO"))))))))))) -> OBESIDADE II | AE39: CMDP - Centro Médico Dom Pedro | AF39: Aguardando Agendamento | AL39: Linha de Intervenção II | AO39: =IF(R39="","",IF(R39>TODAY(),"0 meses",DATEDIF(R39,TODAY(),"m") & " meses")) -> 11 meses | AP39: Sim | AQ39: Sim | AS39: Emagrecimento | AT39: =MONTH(B39)&"/"&YEAR(B39) -> 1/2024 | AU39: =WEEKNUM(B39)-WEEKNUM(EOMONTH(B39,-1)+1)+1 -> 1 | AV39: =MONTH(R39)&"/"&YEAR(R39) -> 6/2025 | AW39: =WEEKNUM(R39)-WEEKNUM(EOMONTH(R39,-1)+1)+1 -> 3 | AX39: =IF(BB39="S",IF(Q39="1. Aceitou o programa",R39-B39,0),0) -> 534 | AY39: =IF(BB39="S",IF(AND(S39<>"",R39<>""),S39-R39,0),0) -> 0 | AZ39: =IF(BB39="S",IF(Q39="1. Aceitou o programa",IF(OR(X39="Não se Aplica",X39=""),IF(OR(W39="Não se Aplica",W39=""),0,W39-V39),AVERAGE(X39-W39,W39-V39)),0),0) -> 0 | BA39: =IF(BB39="S",IF(AND(Q39="1. Aceitou o programa",AH39="Realizada"),IFERROR(IF(AG39="",0,AG39-R39),0),0),0) -> 0 | BB39: =_xlfn.XLOOKUP(U39,'Lista Suspensa'!$AA$20:$AA$23,'Lista Suspensa'!$AB$20:$AB$23,"N/A") -> S
A40: Fluxo Antigo | B40: 45292 | C40: Captação + Navegação | D40: CMDP Nutri - Rosangela Cristina Toni Dos Santos | E40: 86510512 | F40: GLADYS PAPAZISSIS | H40: 22975 | I40: 63 | J40: F | K40: SP | O40: 11 94025-3574 | P40: Equipe Emagrecimento | Q40: 1. Aceitou o programa | R40: 45828 | T40: Contato Com Sucesso | U40: Ativo | V40: 45828 | W40: Não se aplica | X40: Não se aplica | Z40: Não Utiliza | AA40: 86 | AB40: 1.6 | AC40: =SUM(AA40/(AB40^2)) -> 33.59375 | AD40: =IF(AC40<18.5,"ABAIXO DO PESO", (IF(AC40<=24.9,"PESO NORMAL", (IF(AC40<=29.9,"SOBREPESO", (IF(AC40<=34.9,"OBESIDADE I", (IF(AC40<=39.9,"OBESIDADE II", (IF(AC40<=999,"OBESIDADE III","VAZIO"))))))))))) -> OBESIDADE I | AE40: CMDP - Centro Médico Dom Pedro | AF40: Aguardando Agendamento | AL40: Linha de Intervenção II | AO40: =IF(R40="","",IF(R40>TODAY(),"0 meses",DATEDIF(R40,TODAY(),"m") & " meses")) -> 11 meses | AP40: Sim | AQ40: Sim | AS40: Emagrecimento | AT40: =MONTH(B40)&"/"&YEAR(B40) -> 1/2024 | AU40: =WEEKNUM(B40)-WEEKNUM(EOMONTH(B40,-1)+1)+1 -> 1 | AV40: =MONTH(R40)&"/"&YEAR(R40) -> 6/2025 | AW40: =WEEKNUM(R40)-WEEKNUM(EOMONTH(R40,-1)+1)+1 -> 3 | AX40: =IF(BB40="S",IF(Q40="1. Aceitou o programa",R40-B40,0),0) -> 536 | AY40: =IF(BB40="S",IF(AND(S40<>"",R40<>""),S40-R40,0),0) -> 0 | AZ40: =IF(BB40="S",IF(Q40="1. Aceitou o programa",IF(OR(X40="Não se Aplica",X40=""),IF(OR(W40="Não se Aplica",W40=""),0,W40-V40),AVERAGE(X40-W40,W40-V40)),0),0) -> 0 | BA40: =IF(BB40="S",IF(AND(Q40="1. Aceitou o programa",AH40="Realizada"),IFERROR(IF(AG40="",0,AG40-R40),0),0),0) -> 0 | BB40: =_xlfn.XLOOKUP(U40,'Lista Suspensa'!$AA$20:$AA$23,'Lista Suspensa'!$AB$20:$AB$23,"N/A") -> S
A41: Fluxo Antigo | B41: 45292 | C41: Captação + Navegação | D41: Captado pela Amil | E41: 83212376 | F41: ANDREA FRANCISCHINI BOTELHO | H41: 28733 | I41: 47 | J41: F | O41: 11 981282065 / 11 985306418 / 11 981281898 | P41: Equipe Emagrecimento | Q41: 1. Aceitou o programa | R41: 45828 | T41: Contato Com Sucesso | U41: Ativo | V41: 45828 | W41: Não se aplica | X41: Não se aplica | Z41: Bupropiona | AA41: 120 | AB41: 1.59 | AC41: =SUM(AA41/(AB41^2)) -> 47.466477 | AD41: =IF(AC41<18.5,"ABAIXO DO PESO", (IF(AC41<=24.9,"PESO NORMAL", (IF(AC41<=29.9,"SOBREPESO", (IF(AC41<=34.9,"OBESIDADE I", (IF(AC41<=39.9,"OBESIDADE II", (IF(AC41<=999,"OBESIDADE III","VAZIO"))))))))))) -> OBESIDADE III | AE41: CMDP - Centro Médico Dom Pedro | AF41: Aguardando Agendamento | AL41: Pós-Bariátrico | AM41: Sim - Acompanhou Pré Operatório conosco | AN41: Sem dados | AO41: =IF(R41="","",IF(R41>TODAY(),"0 meses",DATEDIF(R41,TODAY(),"m") & " meses")) -> 11 meses | AP41: Sim | AQ41: Sim | AS41: Emagrecimento | AT41: =MONTH(B41)&"/"&YEAR(B41) -> 1/2024 | AU41: =WEEKNUM(B41)-WEEKNUM(EOMONTH(B41,-1)+1)+1 -> 1 | AV41: =MONTH(R41)&"/"&YEAR(R41) -> 6/2025 | AW41: =WEEKNUM(R41)-WEEKNUM(EOMONTH(R41,-1)+1)+1 -> 3 | AX41: =IF(BB41="S",IF(Q41="1. Aceitou o programa",R41-B41,0),0) -> 536 | AY41: =IF(BB41="S",IF(AND(S41<>"",R41<>""),S41-R41,0),0) -> 0 | AZ41: =IF(BB41="S",IF(Q41="1. Aceitou o programa",IF(OR(X41="Não se Aplica",X41=""),IF(OR(W41="Não se Aplica",W41=""),0,W41-V41),AVERAGE(X41-W41,W41-V41)),0),0) -> 0 | BA41: =IF(BB41="S",IF(AND(Q41="1. Aceitou o programa",AH41="Realizada"),IFERROR(IF(AG41="",0,AG41-R41),0),0),0) -> 0 | BB41: =_xlfn.XLOOKUP(U41,'Lista Suspensa'!$AA$20:$AA$23,'Lista Suspensa'!$AB$20:$AB$23,"N/A") -> S
A42: Fluxo Antigo | B42: 45292 | C42: Captação + Navegação | D42: Captado pela Amil | E42: 93086889 | F42: ANA LUIZA CABREIRA DE REZENDE | H42: 36159 | I42: 27 | J42: F | O42: 2197984164 | P42: Equipe Emagrecimento | Q42: 1. Aceitou o programa | R42: 45832 | T42: Contato Com Sucesso | U42: Ativo | V42: 45832 | W42: Não se aplica | X42: Não se aplica | Z42: Sibutramina | AA42: 135 | AB42: 1.82 | AC42: =SUM(AA42/(AB42^2)) -> 40.755947 | AD42: =IF(AC42<18.5,"ABAIXO DO PESO", (IF(AC42<=24.9,"PESO NORMAL", (IF(AC42<=29.9,"SOBREPESO", (IF(AC42<=34.9,"OBESIDADE I", (IF(AC42<=39.9,"OBESIDADE II", (IF(AC42<=999,"OBESIDADE III","VAZIO"))))))))))) -> OBESIDADE III | AE42: CMDP - Centro Médico Dom Pedro | AF42: Aguardando Agendamento | AL42: Linha de Intervenção II | AO42: =IF(R42="","",IF(R42>TODAY(),"0 meses",DATEDIF(R42,TODAY(),"m") & " meses")) -> 11 meses | AP42: Sim | AQ42: Sim | AS42: Emagrecimento | AT42: =MONTH(B42)&"/"&YEAR(B42) -> 1/2024 | AU42: =WEEKNUM(B42)-WEEKNUM(EOMONTH(B42,-1)+1)+1 -> 1 | AV42: =MONTH(R42)&"/"&YEAR(R42) -> 6/2025 | AW42: =WEEKNUM(R42)-WEEKNUM(EOMONTH(R42,-1)+1)+1 -> 4 | AX42: =IF(BB42="S",IF(Q42="1. Aceitou o programa",R42-B42,0),0) -> 540 | AY42: =IF(BB42="S",IF(AND(S42<>"",R42<>""),S42-R42,0),0) -> 0 | AZ42: =IF(BB42="S",IF(Q42="1. Aceitou o programa",IF(OR(X42="Não se Aplica",X42=""),IF(OR(W42="Não se Aplica",W42=""),0,W42-V42),AVERAGE(X42-W42,W42-V42)),0),0) -> 0 | BA42: =IF(BB42="S",IF(AND(Q42="1. Aceitou o programa",AH42="Realizada"),IFERROR(IF(AG42="",0,AG42-R42),0),0),0) -> 0 | BB42: =_xlfn.XLOOKUP(U42,'Lista Suspensa'!$AA$20:$AA$23,'Lista Suspensa'!$AB$20:$AB$23,"N/A") -> S
A43: Fluxo Antigo | B43: 45292 | C43: Captação + Navegação | D43: Captado pela Amil | E43: 94442329 | F43: CRISTIANE SOARES RIBEIRO BATISTA CARDOSO | H43: 32038 | I43: 38 | J43: F | K43: SP | O43: (11) 98140-2071 | P43: Equipe Emagrecimento | Q43: 1. Aceitou o programa | R43: 45833 | T43: Contato Com Sucesso | U43: Ativo | V43: 45833 | W43: Não se aplica | X43: Não se aplica | Z43: Não Utiliza | AA43: 100 | AB43: 1.63 | AC43: =SUM(AA43/(AB43^2)) -> 37.637849 | AD43: =IF(AC43<18.5,"ABAIXO DO PESO", (IF(AC43<=24.9,"PESO NORMAL", (IF(AC43<=29.9,"SOBREPESO", (IF(AC43<=34.9,"OBESIDADE I", (IF(AC43<=39.9,"OBESIDADE II", (IF(AC43<=999,"OBESIDADE III","VAZIO"))))))))))) -> OBESIDADE II | AE43: CMDP - Centro Médico Dom Pedro | AF43: Aguardando Agendamento | AL43: Pós-Bariátrico | AM43: Sim - Não Acompanhou Pré Operatório conosco | AN43: 45658 | AO43: =IF(R43="","",IF(R43>TODAY(),"0 meses",DATEDIF(R43,TODAY(),"m") & " meses")) -> 11 meses | AP43: Sim | AQ43: Sim | AS43: Emagrecimento | AT43: =MONTH(B43)&"/"&YEAR(B43) -> 1/2024 | AU43: =WEEKNUM(B43)-WEEKNUM(EOMONTH(B43,-1)+1)+1 -> 1 | AV43: =MONTH(R43)&"/"&YEAR(R43) -> 6/2025 | AW43: =WEEKNUM(R43)-WEEKNUM(EOMONTH(R43,-1)+1)+1 -> 4 | AX43: =IF(BB43="S",IF(Q43="1. Aceitou o programa",R43-B43,0),0) -> 541 | AY43: =IF(BB43="S",IF(AND(S43<>"",R43<>""),S43-R43,0),0) -> 0 | AZ43: =IF(BB43="S",IF(Q43="1. Aceitou o programa",IF(OR(X43="Não se Aplica",X43=""),IF(OR(W43="Não se Aplica",W43=""),0,W43-V43),AVERAGE(X43-W43,W43-V43)),0),0) -> 0 | BA43: =IF(BB43="S",IF(AND(Q43="1. Aceitou o programa",AH43="Realizada"),IFERROR(IF(AG43="",0,AG43-R43),0),0),0) -> 0 | BB43: =_xlfn.XLOOKUP(U43,'Lista Suspensa'!$AA$20:$AA$23,'Lista Suspensa'!$AB$20:$AB$23,"N/A") -> S
A44: Fluxo Antigo | B44: 45292 | C44: Captação + Navegação | D44: Equipe - Dr. Michel Menezes | E44: 95261291 | F44: FERNANDA BISPO QUINTANILHA | H44: 30346 | I44: 43 | J44: F | K44: RJ | O44: 21998086408 | P44: Equipe Emagrecimento | Q44: 1. Aceitou o programa | R44: 45834 | T44: Contato Com Sucesso | U44: Ativo | V44: 45834 | W44: Não se aplica | X44: Não se aplica | Z44: Saxenda | AA44: 117 | AB44: 1.52 | AC44: =SUM(AA44/(AB44^2)) -> 50.640582 | AD44: =IF(AC44<18.5,"ABAIXO DO PESO", (IF(AC44<=24.9,"PESO NORMAL", (IF(AC44<=29.9,"SOBREPESO", (IF(AC44<=34.9,"OBESIDADE I", (IF(AC44<=39.9,"OBESIDADE II", (IF(AC44<=999,"OBESIDADE III","VAZIO"))))))))))) -> OBESIDADE III | AE44: CMDP - Centro Médico Dom Pedro | AF44: Aguardando Agendamento | AL44: Critério de Grade Especial | AO44: =IF(R44="","",IF(R44>TODAY(),"0 meses",DATEDIF(R44,TODAY(),"m") & " meses")) -> 11 meses | AP44: Sim | AQ44: Sim | AS44: Emagrecimento | AT44: =MONTH(B44)&"/"&YEAR(B44) -> 1/2024 | AU44: =WEEKNUM(B44)-WEEKNUM(EOMONTH(B44,-1)+1)+1 -> 1 | AV44: =MONTH(R44)&"/"&YEAR(R44) -> 6/2025 | AW44: =WEEKNUM(R44)-WEEKNUM(EOMONTH(R44,-1)+1)+1 -> 4 | AX44: =IF(BB44="S",IF(Q44="1. Aceitou o programa",R44-B44,0),0) -> 542 | AY44: =IF(BB44="S",IF(AND(S44<>"",R44<>""),S44-R44,0),0) -> 0 | AZ44: =IF(BB44="S",IF(Q44="1. Aceitou o programa",IF(OR(X44="Não se Aplica",X44=""),IF(OR(W44="Não se Aplica",W44=""),0,W44-V44),AVERAGE(X44-W44,W44-V44)),0),0) -> 0 | BA44: =IF(BB44="S",IF(AND(Q44="1. Aceitou o programa",AH44="Realizada"),IFERROR(IF(AG44="",0,AG44-R44),0),0),0) -> 0 | BB44: =_xlfn.XLOOKUP(U44,'Lista Suspensa'!$AA$20:$AA$23,'Lista Suspensa'!$AB$20:$AB$23,"N/A") -> S
A45: Fluxo Antigo | B45: 45292 | C45: Captação + Navegação | D45: Captado pela Amil | E45: 85709749 | F45: DAYSE OLIVEIRA DOS SANTOS | H45: 29332 | I45: 46 | J45: F | O45: (11) 99703-9707 | P45: Equipe Emagrecimento | Q45: 1. Aceitou o programa | R45: 45834 | T45: Contato Com Sucesso | U45: Ativo | V45: 45834 | W45: Não se aplica | X45: Não se aplica | Y45: 07/04/2026 16:02:00 contato com sucesso em | Z45: Bupropiona + Naltrexona | AA45: 130 | AB45: 1.6 | AC45: =SUM(AA45/(AB45^2)) -> 50.78125 | AD45: =IF(AC45<18.5,"ABAIXO DO PESO", (IF(AC45<=24.9,"PESO NORMAL", (IF(AC45<=29.9,"SOBREPESO", (IF(AC45<=34.9,"OBESIDADE I", (IF(AC45<=39.9,"OBESIDADE II", (IF(AC45<=999,"OBESIDADE III","VAZIO"))))))))))) -> OBESIDADE III | AE45: CMDP - Centro Médico Dom Pedro | AF45: Aguardando Agendamento | AL45: Critério de Grade Especial | AO45: =IF(R45="","",IF(R45>TODAY(),"0 meses",DATEDIF(R45,TODAY(),"m") & " meses")) -> 11 meses | AP45: Sim | AQ45: Sim | AS45: Emagrecimento | AT45: =MONTH(B45)&"/"&YEAR(B45) -> 1/2024 | AU45: =WEEKNUM(B45)-WEEKNUM(EOMONTH(B45,-1)+1)+1 -> 1 | AV45: =MONTH(R45)&"/"&YEAR(R45) -> 6/2025 | AW45: =WEEKNUM(R45)-WEEKNUM(EOMONTH(R45,-1)+1)+1 -> 4 | AX45: =IF(BB45="S",IF(Q45="1. Aceitou o programa",R45-B45,0),0) -> 542 | AY45: =IF(BB45="S",IF(AND(S45<>"",R45<>""),S45-R45,0),0) -> 0 | AZ45: =IF(BB45="S",IF(Q45="1. Aceitou o programa",IF(OR(X45="Não se Aplica",X45=""),IF(OR(W45="Não se Aplica",W45=""),0,W45-V45),AVERAGE(X45-W45,W45-V45)),0),0) -> 0 | BA45: =IF(BB45="S",IF(AND(Q45="1. Aceitou o programa",AH45="Realizada"),IFERROR(IF(AG45="",0,AG45-R45),0),0),0) -> 0 | BB45: =_xlfn.XLOOKUP(U45,'Lista Suspensa'!$AA$20:$AA$23,'Lista Suspensa'!$AB$20:$AB$23,"N/A") -> S
A46: Fluxo Antigo | B46: 45292 | C46: Captação + Navegação | D46: CMDP Nutri - Maria Carolina Vieira Marrano | E46: 92831852 | F46: ISADORA BARROS DE SOUZA | H46: 39561 | I46: 18 | J46: F | O46: (11) 98756-7650 | P46: Equipe Emagrecimento | Q46: 1. Aceitou o programa | R46: 45835 | T46: Contato Com Sucesso | U46: Ativo | V46: 45835 | W46: Não se aplica | X46: Não se aplica | Z46: Não Utiliza | AA46: 97.5 | AB46: 1.58 | AC46: =SUM(AA46/(AB46^2)) -> 39.056241 | AD46: =IF(AC46<18.5,"ABAIXO DO PESO", (IF(AC46<=24.9,"PESO NORMAL", (IF(AC46<=29.9,"SOBREPESO", (IF(AC46<=34.9,"OBESIDADE I", (IF(AC46<=39.9,"OBESIDADE II", (IF(AC46<=999,"OBESIDADE III","VAZIO"))))))))))) -> OBESIDADE II | AE46: CMDP - Centro Médico Dom Pedro | AF46: Aguardando Agendamento | AL46: Linha de Intervenção II | AO46: =IF(R46="","",IF(R46>TODAY(),"0 meses",DATEDIF(R46,TODAY(),"m") & " meses")) -> 11 meses | AP46: Sim | AQ46: Sim | AS46: Emagrecimento | AT46: =MONTH(B46)&"/"&YEAR(B46) -> 1/2024 | AU46: =WEEKNUM(B46)-WEEKNUM(EOMONTH(B46,-1)+1)+1 -> 1 | AV46: =MONTH(R46)&"/"&YEAR(R46) -> 6/2025 | AW46: =WEEKNUM(R46)-WEEKNUM(EOMONTH(R46,-1)+1)+1 -> 4 | AX46: =IF(BB46="S",IF(Q46="1. Aceitou o programa",R46-B46,0),0) -> 543 | AY46: =IF(BB46="S",IF(AND(S46<>"",R46<>""),S46-R46,0),0) -> 0 | AZ46: =IF(BB46="S",IF(Q46="1. Aceitou o programa",IF(OR(X46="Não se Aplica",X46=""),IF(OR(W46="Não se Aplica",W46=""),0,W46-V46),AVERAGE(X46-W46,W46-V46)),0),0) -> 0 | BA46: =IF(BB46="S",IF(AND(Q46="1. Aceitou o programa",AH46="Realizada"),IFERROR(IF(AG46="",0,AG46-R46),0),0),0) -> 0 | BB46: =_xlfn.XLOOKUP(U46,'Lista Suspensa'!$AA$20:$AA$23,'Lista Suspensa'!$AB$20:$AB$23,"N/A") -> S
A47: Fluxo Antigo | B47: 45292 | C47: Captação + Navegação | D47: CMDP Nutri - Mariana Freire Lima | E47: 93124642 | F47: ALESSANDRA SOUZA DOS SANTOS | H47: 28130 | I47: 49 | J47: F | K47: RJ | O47: (22) 99956-0642 | P47: Equipe Emagrecimento | Q47: 1. Aceitou o programa | R47: 45838 | T47: Contato Com Sucesso | U47: Ativo | V47: 45838 | W47: Não se aplica | X47: Não se aplica | Y47: 25/02/2026 09:12:00 contato com sucesso em | Z47: Não Utiliza | AA47: 66 | AB47: 1.54 | AC47: =SUM(AA47/(AB47^2)) -> 27.829314 | AD47: =IF(AC47<18.5,"ABAIXO DO PESO", (IF(AC47<=24.9,"PESO NORMAL", (IF(AC47<=29.9,"SOBREPESO", (IF(AC47<=34.9,"OBESIDADE I", (IF(AC47<=39.9,"OBESIDADE II", (IF(AC47<=999,"OBESIDADE III","VAZIO"))))))))))) -> SOBREPESO | AE47: CMDP - Centro Médico Dom Pedro | AF47: Aguardando Agendamento | AL47: Pós-Bariátrico | AM47: Sim - Não Acompanhou Pré Operatório conosco | AN47: 45808 | AO47: =IF(R47="","",IF(R47>TODAY(),"0 meses",DATEDIF(R47,TODAY(),"m") & " meses")) -> 11 meses | AP47: Sim | AQ47: Sim | AS47: Emagrecimento | AT47: =MONTH(B47)&"/"&YEAR(B47) -> 1/2024 | AU47: =WEEKNUM(B47)-WEEKNUM(EOMONTH(B47,-1)+1)+1 -> 1 | AV47: =MONTH(R47)&"/"&YEAR(R47) -> 6/2025 | AW47: =WEEKNUM(R47)-WEEKNUM(EOMONTH(R47,-1)+1)+1 -> 5 | AX47: =IF(BB47="S",IF(Q47="1. Aceitou o programa",R47-B47,0),0) -> 546 | AY47: =IF(BB47="S",IF(AND(S47<>"",R47<>""),S47-R47,0),0) -> 0 | AZ47: =IF(BB47="S",IF(Q47="1. Aceitou o programa",IF(OR(X47="Não se Aplica",X47=""),IF(OR(W47="Não se Aplica",W47=""),0,W47-V47),AVERAGE(X47-W47,W47-V47)),0),0) -> 0 | BA47: =IF(BB47="S",IF(AND(Q47="1. Aceitou o programa",AH47="Realizada"),IFERROR(IF(AG47="",0,AG47-R47),0),0),0) -> 0 | BB47: =_xlfn.XLOOKUP(U47,'Lista Suspensa'!$AA$20:$AA$23,'Lista Suspensa'!$AB$20:$AB$23,"N/A") -> S
A48: Fluxo Antigo | B48: 45292 | C48: Captação + Navegação | D48: CMDP Nutri - Rosangela Cristina Toni Dos Santos | E48: 93413441 | F48: PAOLA DEBULSSY SILVA DE OLIVEIRA | H48: 34091 | I48: 33 | J48: F | O48: 11966153534 | P48: Equipe Emagrecimento | Q48: 1. Aceitou o programa | R48: 45839 | T48: Contato Com Sucesso | U48: Ativo | V48: 45839 | W48: Não se aplica | X48: Não se aplica | Z48: Não Utiliza | AA48: 105 | AB48: 1.62 | AC48: =SUM(AA48/(AB48^2)) -> 40.009145 | AD48: =IF(AC48<18.5,"ABAIXO DO PESO", (IF(AC48<=24.9,"PESO NORMAL", (IF(AC48<=29.9,"SOBREPESO", (IF(AC48<=34.9,"OBESIDADE I", (IF(AC48<=39.9,"OBESIDADE II", (IF(AC48<=999,"OBESIDADE III","VAZIO"))))))))))) -> OBESIDADE III | AE48: CMDP - Centro Médico Dom Pedro | AF48: Aguardando Agendamento | AL48: Linha de Intervenção II | AO48: =IF(R48="","",IF(R48>TODAY(),"0 meses",DATEDIF(R48,TODAY(),"m") & " meses")) -> 11 meses | AP48: Sim | AQ48: Sim | AS48: Emagrecimento | AT48: =MONTH(B48)&"/"&YEAR(B48) -> 1/2024 | AU48: =WEEKNUM(B48)-WEEKNUM(EOMONTH(B48,-1)+1)+1 -> 1 | AV48: =MONTH(R48)&"/"&YEAR(R48) -> 7/2025 | AW48: =WEEKNUM(R48)-WEEKNUM(EOMONTH(R48,-1)+1)+1 -> 1 | AX48: =IF(BB48="S",IF(Q48="1. Aceitou o programa",R48-B48,0),0) -> 547 | AY48: =IF(BB48="S",IF(AND(S48<>"",R48<>""),S48-R48,0),0) -> 0 | AZ48: =IF(BB48="S",IF(Q48="1. Aceitou o programa",IF(OR(X48="Não se Aplica",X48=""),IF(OR(W48="Não se Aplica",W48=""),0,W48-V48),AVERAGE(X48-W48,W48-V48)),0),0) -> 0 | BA48: =IF(BB48="S",IF(AND(Q48="1. Aceitou o programa",AH48="Realizada"),IFERROR(IF(AG48="",0,AG48-R48),0),0),0) -> 0 | BB48: =_xlfn.XLOOKUP(U48,'Lista Suspensa'!$AA$20:$AA$23,'Lista Suspensa'!$AB$20:$AB$23,"N/A") -> S
A49: Fluxo Antigo | B49: 45292 | C49: Captação + Navegação | D49: Captado pela Amil | E49: 81680521 | F49: WILLIAN FABRICIO MACIEL | H49: 30730 | I49: 42 | J49: M | O49: (11) 985364455 | P49: Equipe Emagrecimento | Q49: 1. Aceitou o programa | R49: 45841 | T49: Contato Com Sucesso | U49: Ativo | V49: 45841 | W49: Não se aplica | X49: Não se aplica | Z49: Ozempic | AA49: 107 | AB49: 1.78 | AC49: =SUM(AA49/(AB49^2)) -> 33.770989 | AD49: =IF(AC49<18.5,"ABAIXO DO PESO", (IF(AC49<=24.9,"PESO NORMAL", (IF(AC49<=29.9,"SOBREPESO", (IF(AC49<=34.9,"OBESIDADE I", (IF(AC49<=39.9,"OBESIDADE II", (IF(AC49<=999,"OBESIDADE III","VAZIO"))))))))))) -> OBESIDADE I | AE49: CMDP - Centro Médico Dom Pedro | AF49: Aguardando Agendamento | AL49: Linha de Intervenção II | AO49: =IF(R49="","",IF(R49>TODAY(),"0 meses",DATEDIF(R49,TODAY(),"m") & " meses")) -> 11 meses | AP49: Sim | AQ49: Sim | AS49: Emagrecimento | AT49: =MONTH(B49)&"/"&YEAR(B49) -> 1/2024 | AU49: =WEEKNUM(B49)-WEEKNUM(EOMONTH(B49,-1)+1)+1 -> 1 | AV49: =MONTH(R49)&"/"&YEAR(R49) -> 7/2025 | AW49: =WEEKNUM(R49)-WEEKNUM(EOMONTH(R49,-1)+1)+1 -> 1 | AX49: =IF(BB49="S",IF(Q49="1. Aceitou o programa",R49-B49,0),0) -> 549 | AY49: =IF(BB49="S",IF(AND(S49<>"",R49<>""),S49-R49,0),0) -> 0 | AZ49: =IF(BB49="S",IF(Q49="1. Aceitou o programa",IF(OR(X49="Não se Aplica",X49=""),IF(OR(W49="Não se Aplica",W49=""),0,W49-V49),AVERAGE(X49-W49,W49-V49)),0),0) -> 0 | BA49: =IF(BB49="S",IF(AND(Q49="1. Aceitou o programa",AH49="Realizada"),IFERROR(IF(AG49="",0,AG49-R49),0),0),0) -> 0 | BB49: =_xlfn.XLOOKUP(U49,'Lista Suspensa'!$AA$20:$AA$23,'Lista Suspensa'!$AB$20:$AB$23,"N/A") -> S
A50: Fluxo Antigo | B50: 45292 | C50: Captação + Navegação | D50: Captado pela Amil | E50: 450100014 | F50: SHEILA DIAS CANDIDO | H50: 30848 | I50: 41 | J50: F | K50: SP | O50: (11) 94153-0493 | P50: Equipe Emagrecimento | Q50: 1. Aceitou o programa | R50: 45845 | T50: Contato Com Sucesso | U50: Ativo | V50: 45845 | W50: Não se aplica | X50: Não se aplica | Z50: Rybelsus | AA50: 89 | AB50: 1.56 | AC50: =SUM(AA50/(AB50^2)) -> 36.571335 | AD50: =IF(AC50<18.5,"ABAIXO DO PESO", (IF(AC50<=24.9,"PESO NORMAL", (IF(AC50<=29.9,"SOBREPESO", (IF(AC50<=34.9,"OBESIDADE I", (IF(AC50<=39.9,"OBESIDADE II", (IF(AC50<=999,"OBESIDADE III","VAZIO"))))))))))) -> OBESIDADE II | AE50: CMDP - Centro Médico Dom Pedro | AF50: Aguardando Agendamento | AL50: Linha de Intervenção II | AO50: =IF(R50="","",IF(R50>TODAY(),"0 meses",DATEDIF(R50,TODAY(),"m") & " meses")) -> 11 meses | AP50: Sim | AQ50: Sim | AS50: Emagrecimento | AT50: =MONTH(B50)&"/"&YEAR(B50) -> 1/2024 | AU50: =WEEKNUM(B50)-WEEKNUM(EOMONTH(B50,-1)+1)+1 -> 1 | AV50: =MONTH(R50)&"/"&YEAR(R50) -> 7/2025 | AW50: =WEEKNUM(R50)-WEEKNUM(EOMONTH(R50,-1)+1)+1 -> 2 | AX50: =IF(BB50="S",IF(Q50="1. Aceitou o programa",R50-B50,0),0) -> 553 | AY50: =IF(BB50="S",IF(AND(S50<>"",R50<>""),S50-R50,0),0) -> 0 | AZ50: =IF(BB50="S",IF(Q50="1. Aceitou o programa",IF(OR(X50="Não se Aplica",X50=""),IF(OR(W50="Não se Aplica",W50=""),0,W50-V50),AVERAGE(X50-W50,W50-V50)),0),0) -> 0 | BA50: =IF(BB50="S",IF(AND(Q50="1. Aceitou o programa",AH50="Realizada"),IFERROR(IF(AG50="",0,AG50-R50),0),0),0) -> 0 | BB50: =_xlfn.XLOOKUP(U50,'Lista Suspensa'!$AA$20:$AA$23,'Lista Suspensa'!$AB$20:$AB$23,"N/A") -> S
A51: Fluxo Antigo | B51: 45292 | C51: Captação + Navegação | D51: Captado pela Amil | E51: 89467009 | F51: ANNE KAROLINE DOS SANTOS COUTO MARIN | H51: 32418 | I51: 37 | J51: F | O51: (31) 99735-9379 | P51: Equipe Emagrecimento | Q51: 1. Aceitou o programa | R51: 45845 | T51: Contato Com Sucesso | U51: Ativo | V51: 45845 | W51: Não se aplica | X51: Não se aplica | Z51: Rybelsus | AA51: 112 | AB51: 1.66 | AC51: =SUM(AA51/(AB51^2)) -> 40.644506 | AD51: =IF(AC51<18.5,"ABAIXO DO PESO", (IF(AC51<=24.9,"PESO NORMAL", (IF(AC51<=29.9,"SOBREPESO", (IF(AC51<=34.9,"OBESIDADE I", (IF(AC51<=39.9,"OBESIDADE II", (IF(AC51<=999,"OBESIDADE III","VAZIO"))))))))))) -> OBESIDADE III | AE51: CMDP - Centro Médico Dom Pedro | AF51: Aguardando Agendamento | AL51: Linha de Intervenção II | AO51: =IF(R51="","",IF(R51>TODAY(),"0 meses",DATEDIF(R51,TODAY(),"m") & " meses")) -> 11 meses | AP51: Sim | AQ51: Sim | AS51: Emagrecimento | AT51: =MONTH(B51)&"/"&YEAR(B51) -> 1/2024 | AU51: =WEEKNUM(B51)-WEEKNUM(EOMONTH(B51,-1)+1)+1 -> 1 | AV51: =MONTH(R51)&"/"&YEAR(R51) -> 7/2025 | AW51: =WEEKNUM(R51)-WEEKNUM(EOMONTH(R51,-1)+1)+1 -> 2 | AX51: =IF(BB51="S",IF(Q51="1. Aceitou o programa",R51-B51,0),0) -> 553 | AY51: =IF(BB51="S",IF(AND(S51<>"",R51<>""),S51-R51,0),0) -> 0 | AZ51: =IF(BB51="S",IF(Q51="1. Aceitou o programa",IF(OR(X51="Não se Aplica",X51=""),IF(OR(W51="Não se Aplica",W51=""),0,W51-V51),AVERAGE(X51-W51,W51-V51)),0),0) -> 0 | BA51: =IF(BB51="S",IF(AND(Q51="1. Aceitou o programa",AH51="Realizada"),IFERROR(IF(AG51="",0,AG51-R51),0),0),0) -> 0 | BB51: =_xlfn.XLOOKUP(U51,'Lista Suspensa'!$AA$20:$AA$23,'Lista Suspensa'!$AB$20:$AB$23,"N/A") -> S
A52: Fluxo Antigo | B52: 45292 | C52: Captação + Navegação | D52: Captado pela Amil | E52: 451937538 | F52: HELEN CAROLINE DE SOUZA OLIVEIRA | H52: 36694 | I52: 25 | J52: F | K52: SP | O52: (11) 961514320 | P52: Equipe Emagrecimento | Q52: 1. Aceitou o programa | R52: 45846 | T52: Contato Com Sucesso | U52: Ativo | V52: 45846 | W52: Não se aplica | X52: Não se aplica | Z52: Não Utiliza | AA52: 101 | AB52: 1.69 | AC52: =SUM(AA52/(AB52^2)) -> 35.362907 | AD52: =IF(AC52<18.5,"ABAIXO DO PESO", (IF(AC52<=24.9,"PESO NORMAL", (IF(AC52<=29.9,"SOBREPESO", (IF(AC52<=34.9,"OBESIDADE I", (IF(AC52<=39.9,"OBESIDADE II", (IF(AC52<=999,"OBESIDADE III","VAZIO"))))))))))) -> OBESIDADE II | AE52: CMDP - Centro Médico Dom Pedro | AF52: Aguardando Agendamento | AL52: Linha de Intervenção II | AO52: =IF(R52="","",IF(R52>TODAY(),"0 meses",DATEDIF(R52,TODAY(),"m") & " meses")) -> 11 meses | AP52: Sim | AQ52: Sim | AS52: Emagrecimento | AT52: =MONTH(B52)&"/"&YEAR(B52) -> 1/2024 | AU52: =WEEKNUM(B52)-WEEKNUM(EOMONTH(B52,-1)+1)+1 -> 1 | AV52: =MONTH(R52)&"/"&YEAR(R52) -> 7/2025 | AW52: =WEEKNUM(R52)-WEEKNUM(EOMONTH(R52,-1)+1)+1 -> 2 | AX52: =IF(BB52="S",IF(Q52="1. Aceitou o programa",R52-B52,0),0) -> 554 | AY52: =IF(BB52="S",IF(AND(S52<>"",R52<>""),S52-R52,0),0) -> 0 | AZ52: =IF(BB52="S",IF(Q52="1. Aceitou o programa",IF(OR(X52="Não se Aplica",X52=""),IF(OR(W52="Não se Aplica",W52=""),0,W52-V52),AVERAGE(X52-W52,W52-V52)),0),0) -> 0 | BA52: =IF(BB52="S",IF(AND(Q52="1. Aceitou o programa",AH52="Realizada"),IFERROR(IF(AG52="",0,AG52-R52),0),0),0) -> 0 | BB52: =_xlfn.XLOOKUP(U52,'Lista Suspensa'!$AA$20:$AA$23,'Lista Suspensa'!$AB$20:$AB$23,"N/A") -> S
A53: Fluxo Antigo | B53: 45292 | C53: Captação + Navegação | D53: CMDP Nutri - Rosangela Cristina Toni Dos Santos | E53: 94509184 | F53: CRISLAINE MARIA DA SILVA | H53: 36724 | I53: 25 | J53: F | O53: (11) 949265194 | P53: Equipe Emagrecimento | Q53: 1. Aceitou o programa | R53: 45846 | T53: Contato Com Sucesso | U53: Ativo | V53: 45846 | W53: Não se aplica | X53: Não se aplica | Z53: Mounjaro | AA53: 102 | AB53: 1.65 | AC53: =SUM(AA53/(AB53^2)) -> 37.465565 | AD53: =IF(AC53<18.5,"ABAIXO DO PESO", (IF(AC53<=24.9,"PESO NORMAL", (IF(AC53<=29.9,"SOBREPESO", (IF(AC53<=34.9,"OBESIDADE I", (IF(AC53<=39.9,"OBESIDADE II", (IF(AC53<=999,"OBESIDADE III","VAZIO"))))))))))) -> OBESIDADE II | AE53: CMDP - Centro Médico Dom Pedro | AF53: Aguardando Agendamento | AL53: Linha de Intervenção II | AO53: =IF(R53="","",IF(R53>TODAY(),"0 meses",DATEDIF(R53,TODAY(),"m") & " meses")) -> 11 meses | AP53: Sim | AQ53: Sim | AS53: Emagrecimento | AT53: =MONTH(B53)&"/"&YEAR(B53) -> 1/2024 | AU53: =WEEKNUM(B53)-WEEKNUM(EOMONTH(B53,-1)+1)+1 -> 1 | AV53: =MONTH(R53)&"/"&YEAR(R53) -> 7/2025 | AW53: =WEEKNUM(R53)-WEEKNUM(EOMONTH(R53,-1)+1)+1 -> 2 | AX53: =IF(BB53="S",IF(Q53="1. Aceitou o programa",R53-B53,0),0) -> 554 | AY53: =IF(BB53="S",IF(AND(S53<>"",R53<>""),S53-R53,0),0) -> 0 | AZ53: =IF(BB53="S",IF(Q53="1. Aceitou o programa",IF(OR(X53="Não se Aplica",X53=""),IF(OR(W53="Não se Aplica",W53=""),0,W53-V53),AVERAGE(X53-W53,W53-V53)),0),0) -> 0 | BA53: =IF(BB53="S",IF(AND(Q53="1. Aceitou o programa",AH53="Realizada"),IFERROR(IF(AG53="",0,AG53-R53),0),0),0) -> 0 | BB53: =_xlfn.XLOOKUP(U53,'Lista Suspensa'!$AA$20:$AA$23,'Lista Suspensa'!$AB$20:$AB$23,"N/A") -> S
A54: Fluxo Antigo | B54: 45292 | C54: Captação + Navegação | D54: CMDP - Busca Ativa do Paciente | E54: 80909500 | F54: PAMELA INGRID SANTOS VALENCIO ARAUJO | H54: 32808 | I54: 36 | J54: F | O54: (11) 97332-6436 | P54: Equipe Emagrecimento | Q54: 1. Aceitou o programa | R54: 45848 | T54: Contato Com Sucesso | U54: Ativo | V54: 45848 | W54: Não se aplica | X54: Não se aplica | Z54: Rybelsus | AA54: 83 | AB54: 1.65 | AC54: =SUM(AA54/(AB54^2)) -> 30.486685 | AD54: =IF(AC54<18.5,"ABAIXO DO PESO", (IF(AC54<=24.9,"PESO NORMAL", (IF(AC54<=29.9,"SOBREPESO", (IF(AC54<=34.9,"OBESIDADE I", (IF(AC54<=39.9,"OBESIDADE II", (IF(AC54<=999,"OBESIDADE III","VAZIO"))))))))))) -> OBESIDADE I | AE54: CMDP - Centro Médico Dom Pedro | AF54: Aguardando Agendamento | AL54: Linha de Intervenção I | AO54: =IF(R54="","",IF(R54>TODAY(),"0 meses",DATEDIF(R54,TODAY(),"m") & " meses")) -> 11 meses | AP54: Sim | AQ54: Sim | AS54: Emagrecimento | AT54: =MONTH(B54)&"/"&YEAR(B54) -> 1/2024 | AU54: =WEEKNUM(B54)-WEEKNUM(EOMONTH(B54,-1)+1)+1 -> 1 | AV54: =MONTH(R54)&"/"&YEAR(R54) -> 7/2025 | AW54: =WEEKNUM(R54)-WEEKNUM(EOMONTH(R54,-1)+1)+1 -> 2 | AX54: =IF(BB54="S",IF(Q54="1. Aceitou o programa",R54-B54,0),0) -> 556 | AY54: =IF(BB54="S",IF(AND(S54<>"",R54<>""),S54-R54,0),0) -> 0 | AZ54: =IF(BB54="S",IF(Q54="1. Aceitou o programa",IF(OR(X54="Não se Aplica",X54=""),IF(OR(W54="Não se Aplica",W54=""),0,W54-V54),AVERAGE(X54-W54,W54-V54)),0),0) -> 0 | BA54: =IF(BB54="S",IF(AND(Q54="1. Aceitou o programa",AH54="Realizada"),IFERROR(IF(AG54="",0,AG54-R54),0),0),0) -> 0 | BB54: =_xlfn.XLOOKUP(U54,'Lista Suspensa'!$AA$20:$AA$23,'Lista Suspensa'!$AB$20:$AB$23,"N/A") -> S
A55: Fluxo Antigo | B55: 45292 | C55: Captação + Navegação | D55: Captado pela Amil | E55: 83289971 | F55: ANE CRISTINE RODRIGUES | H55: 33008 | I55: 36 | J55: F | O55: (11) 980484454 | P55: Equipe Emagrecimento | Q55: 1. Aceitou o programa | R55: 45848 | T55: Contato Com Sucesso | U55: Ativo | V55: 45848 | W55: Não se aplica | X55: Não se aplica | Z55: Mounjaro, Bupropiona | AA55: 147 | AB55: 1.72 | AC55: =SUM(AA55/(AB55^2)) -> 49.689021 | AD55: =IF(AC55<18.5,"ABAIXO DO PESO", (IF(AC55<=24.9,"PESO NORMAL", (IF(AC55<=29.9,"SOBREPESO", (IF(AC55<=34.9,"OBESIDADE I", (IF(AC55<=39.9,"OBESIDADE II", (IF(AC55<=999,"OBESIDADE III","VAZIO"))))))))))) -> OBESIDADE III | AE55: AMIL - Unidade Avançada Luz Butantã | AF55: Aguardando Agendamento | AL55: Linha de Intervenção II | AO55: =IF(R55="","",IF(R55>TODAY(),"0 meses",DATEDIF(R55,TODAY(),"m") & " meses")) -> 11 meses | AP55: Sim | AQ55: Sim | AS55: Emagrecimento | AT55: =MONTH(B55)&"/"&YEAR(B55) -> 1/2024 | AU55: =WEEKNUM(B55)-WEEKNUM(EOMONTH(B55,-1)+1)+1 -> 1 | AV55: =MONTH(R55)&"/"&YEAR(R55) -> 7/2025 | AW55: =WEEKNUM(R55)-WEEKNUM(EOMONTH(R55,-1)+1)+1 -> 2 | AX55: =IF(BB55="S",IF(Q55="1. Aceitou o programa",R55-B55,0),0) -> 556 | AY55: =IF(BB55="S",IF(AND(S55<>"",R55<>""),S55-R55,0),0) -> 0 | AZ55: =IF(BB55="S",IF(Q55="1. Aceitou o programa",IF(OR(X55="Não se Aplica",X55=""),IF(OR(W55="Não se Aplica",W55=""),0,W55-V55),AVERAGE(X55-W55,W55-V55)),0),0) -> 0 | BA55: =IF(BB55="S",IF(AND(Q55="1. Aceitou o programa",AH55="Realizada"),IFERROR(IF(AG55="",0,AG55-R55),0),0),0) -> 0 | BB55: =_xlfn.XLOOKUP(U55,'Lista Suspensa'!$AA$20:$AA$23,'Lista Suspensa'!$AB$20:$AB$23,"N/A") -> S
A56: Fluxo Antigo | B56: 45292 | C56: Captação + Navegação | D56: CMDP Nutri - Mariana Freire Lima | E56: 89467010 | F56: CHRISTIAN ARSENIO MARIN REYES | H56: 33439 | I56: 34 | J56: M | O56: (31) 9331-6802 | P56: Equipe Emagrecimento | Q56: 1. Aceitou o programa | R56: 45848 | T56: Contato Com Sucesso | U56: Ativo | V56: 45848 | W56: Não se aplica | X56: Não se aplica | Z56: Rybelsus | AA56: 146.1 | AB56: 1.9 | AC56: =SUM(AA56/(AB56^2)) -> 40.470914 | AD56: =IF(AC56<18.5,"ABAIXO DO PESO", (IF(AC56<=24.9,"PESO NORMAL", (IF(AC56<=29.9,"SOBREPESO", (IF(AC56<=34.9,"OBESIDADE I", (IF(AC56<=39.9,"OBESIDADE II", (IF(AC56<=999,"OBESIDADE III","VAZIO"))))))))))) -> OBESIDADE III | AE56: CMDP - Centro Médico Dom Pedro | AF56: Aguardando Agendamento | AL56: Linha de Intervenção II | AO56: =IF(R56="","",IF(R56>TODAY(),"0 meses",DATEDIF(R56,TODAY(),"m") & " meses")) -> 11 meses | AP56: Sim | AQ56: Sim | AS56: Emagrecimento | AT56: =MONTH(B56)&"/"&YEAR(B56) -> 1/2024 | AU56: =WEEKNUM(B56)-WEEKNUM(EOMONTH(B56,-1)+1)+1 -> 1 | AV56: =MONTH(R56)&"/"&YEAR(R56) -> 7/2025 | AW56: =WEEKNUM(R56)-WEEKNUM(EOMONTH(R56,-1)+1)+1 -> 2 | AX56: =IF(BB56="S",IF(Q56="1. Aceitou o programa",R56-B56,0),0) -> 556 | AY56: =IF(BB56="S",IF(AND(S56<>"",R56<>""),S56-R56,0),0) -> 0 | AZ56: =IF(BB56="S",IF(Q56="1. Aceitou o programa",IF(OR(X56="Não se Aplica",X56=""),IF(OR(W56="Não se Aplica",W56=""),0,W56-V56),AVERAGE(X56-W56,W56-V56)),0),0) -> 0 | BA56: =IF(BB56="S",IF(AND(Q56="1. Aceitou o programa",AH56="Realizada"),IFERROR(IF(AG56="",0,AG56-R56),0),0),0) -> 0 | BB56: =_xlfn.XLOOKUP(U56,'Lista Suspensa'!$AA$20:$AA$23,'Lista Suspensa'!$AB$20:$AB$23,"N/A") -> S
A57: Fluxo Antigo | B57: 45292 | C57: Captação + Navegação | D57: CMDP Nutri - Tamyres Yuri Silva Palhares | E57: 94400600 | F57: LAVINE MENEZES SOUZA | H57: 35487 | I57: 29 | J57: F | O57: 11 98215-6678 | P57: Equipe Emagrecimento | Q57: 1. Aceitou o programa | R57: 45848 | T57: Contato Com Sucesso | U57: Ativo | V57: 45848 | W57: Não se aplica | X57: Não se aplica | Z57: Não Utiliza | AA57: 95 | AB57: 1.57 | AC57: =SUM(AA57/(AB57^2)) -> 38.541117 | AD57: =IF(AC57<18.5,"ABAIXO DO PESO", (IF(AC57<=24.9,"PESO NORMAL", (IF(AC57<=29.9,"SOBREPESO", (IF(AC57<=34.9,"OBESIDADE I", (IF(AC57<=39.9,"OBESIDADE II", (IF(AC57<=999,"OBESIDADE III","VAZIO"))))))))))) -> OBESIDADE II | AE57: CMDP - Centro Médico Dom Pedro | AF57: Aguardando Agendamento | AL57: Linha de Intervenção II | AO57: =IF(R57="","",IF(R57>TODAY(),"0 meses",DATEDIF(R57,TODAY(),"m") & " meses")) -> 11 meses | AP57: Sim | AQ57: Sim | AS57: Emagrecimento | AT57: =MONTH(B57)&"/"&YEAR(B57) -> 1/2024 | AU57: =WEEKNUM(B57)-WEEKNUM(EOMONTH(B57,-1)+1)+1 -> 1 | AV57: =MONTH(R57)&"/"&YEAR(R57) -> 7/2025 | AW57: =WEEKNUM(R57)-WEEKNUM(EOMONTH(R57,-1)+1)+1 -> 2 | AX57: =IF(BB57="S",IF(Q57="1. Aceitou o programa",R57-B57,0),0) -> 556 | AY57: =IF(BB57="S",IF(AND(S57<>"",R57<>""),S57-R57,0),0) -> 0 | AZ57: =IF(BB57="S",IF(Q57="1. Aceitou o programa",IF(OR(X57="Não se Aplica",X57=""),IF(OR(W57="Não se Aplica",W57=""),0,W57-V57),AVERAGE(X57-W57,W57-V57)),0),0) -> 0 | BA57: =IF(BB57="S",IF(AND(Q57="1. Aceitou o programa",AH57="Realizada"),IFERROR(IF(AG57="",0,AG57-R57),0),0),0) -> 0 | BB57: =_xlfn.XLOOKUP(U57,'Lista Suspensa'!$AA$20:$AA$23,'Lista Suspensa'!$AB$20:$AB$23,"N/A") -> S
A58: Fluxo Antigo | B58: 45292 | C58: Captação + Navegação | D58: Equipe - Dr. Michel Menezes | E58: 317235842 | F58: FELIPE DOS SANTOS RAMOS | H58: 31123 | I58: 41 | J58: M | K58: RJ | O58: 21984410312 | P58: Equipe Emagrecimento | Q58: 1. Aceitou o programa | R58: 45849 | T58: Contato Com Sucesso | U58: Ativo | V58: 45849 | W58: Não se aplica | X58: Não se aplica | Y58: 30/04/2026 17:12:00 contato com sucesso em | Z58: Não Utiliza | AA58: 130 | AB58: 1.65 | AC58: =SUM(AA58/(AB58^2)) -> 47.75023 | AD58: =IF(AC58<18.5,"ABAIXO DO PESO", (IF(AC58<=24.9,"PESO NORMAL", (IF(AC58<=29.9,"SOBREPESO", (IF(AC58<=34.9,"OBESIDADE I", (IF(AC58<=39.9,"OBESIDADE II", (IF(AC58<=999,"OBESIDADE III","VAZIO"))))))))))) -> OBESIDADE III | AE58: CMDP - Centro Médico Dom Pedro | AF58: Aguardando Agendamento | AL58: Linha de Intervenção II | AO58: =IF(R58="","",IF(R58>TODAY(),"0 meses",DATEDIF(R58,TODAY(),"m") & " meses")) -> 10 meses | AP58: Sim | AQ58: Sim | AS58: Emagrecimento | AT58: =MONTH(B58)&"/"&YEAR(B58) -> 1/2024 | AU58: =WEEKNUM(B58)-WEEKNUM(EOMONTH(B58,-1)+1)+1 -> 1 | AV58: =MONTH(R58)&"/"&YEAR(R58) -> 7/2025 | AW58: =WEEKNUM(R58)-WEEKNUM(EOMONTH(R58,-1)+1)+1 -> 2 | AX58: =IF(BB58="S",IF(Q58="1. Aceitou o programa",R58-B58,0),0) -> 557 | AY58: =IF(BB58="S",IF(AND(S58<>"",R58<>""),S58-R58,0),0) -> 0 | AZ58: =IF(BB58="S",IF(Q58="1. Aceitou o programa",IF(OR(X58="Não se Aplica",X58=""),IF(OR(W58="Não se Aplica",W58=""),0,W58-V58),AVERAGE(X58-W58,W58-V58)),0),0) -> 0 | BA58: =IF(BB58="S",IF(AND(Q58="1. Aceitou o programa",AH58="Realizada"),IFERROR(IF(AG58="",0,AG58-R58),0),0),0) -> 0 | BB58: =_xlfn.XLOOKUP(U58,'Lista Suspensa'!$AA$20:$AA$23,'Lista Suspensa'!$AB$20:$AB$23,"N/A") -> S
A59: Fluxo Antigo | B59: 45292 | C59: Captação + Navegação | D59: Captado pela Amil | E59: 78383661 | F59: KARINA DA SILVA FLAITT | H59: 28860 | I59: 47 | J59: F | O59: (11) 983568092 | P59: Equipe Emagrecimento | Q59: 1. Aceitou o programa | R59: 45849 | T59: Contato Com Sucesso | U59: Ativo | V59: 45849 | W59: Não se aplica | X59: Não se aplica | Z59: Mounjaro, Bupropiona | AA59: 93 | AB59: 1.63 | AC59: =SUM(AA59/(AB59^2)) -> 35.003199 | AD59: =IF(AC59<18.5,"ABAIXO DO PESO", (IF(AC59<=24.9,"PESO NORMAL", (IF(AC59<=29.9,"SOBREPESO", (IF(AC59<=34.9,"OBESIDADE I", (IF(AC59<=39.9,"OBESIDADE II", (IF(AC59<=999,"OBESIDADE III","VAZIO"))))))))))) -> OBESIDADE II | AE59: CMDP - Centro Médico Dom Pedro | AF59: Aguardando Agendamento | AL59: Linha de Intervenção II | AO59: =IF(R59="","",IF(R59>TODAY(),"0 meses",DATEDIF(R59,TODAY(),"m") & " meses")) -> 10 meses | AP59: Sim | AQ59: Sim | AS59: Emagrecimento | AT59: =MONTH(B59)&"/"&YEAR(B59) -> 1/2024 | AU59: =WEEKNUM(B59)-WEEKNUM(EOMONTH(B59,-1)+1)+1 -> 1 | AV59: =MONTH(R59)&"/"&YEAR(R59) -> 7/2025 | AW59: =WEEKNUM(R59)-WEEKNUM(EOMONTH(R59,-1)+1)+1 -> 2 | AX59: =IF(BB59="S",IF(Q59="1. Aceitou o programa",R59-B59,0),0) -> 557 | AY59: =IF(BB59="S",IF(AND(S59<>"",R59<>""),S59-R59,0),0) -> 0 | AZ59: =IF(BB59="S",IF(Q59="1. Aceitou o programa",IF(OR(X59="Não se Aplica",X59=""),IF(OR(W59="Não se Aplica",W59=""),0,W59-V59),AVERAGE(X59-W59,W59-V59)),0),0) -> 0 | BA59: =IF(BB59="S",IF(AND(Q59="1. Aceitou o programa",AH59="Realizada"),IFERROR(IF(AG59="",0,AG59-R59),0),0),0) -> 0 | BB59: =_xlfn.XLOOKUP(U59,'Lista Suspensa'!$AA$20:$AA$23,'Lista Suspensa'!$AB$20:$AB$23,"N/A") -> S
A60: Fluxo Antigo | B60: 45292 | C60: Captação + Navegação | D60: Equipe - Dr. Michel Menezes | E60: 88938569 | F60: BIANCA LEITE CASTRO AMORIM | H60: 30234 | I60: 43 | J60: F | O60: (21) 99220-6785 | P60: Equipe Emagrecimento | Q60: 1. Aceitou o programa | R60: 45849 | T60: Contato Com Sucesso | U60: Ativo | V60: 45849 | W60: Não se aplica | X60: Não se aplica | Z60: Não Utiliza | AA60: 94 | AB60: 1.62 | AC60: =SUM(AA60/(AB60^2)) -> 35.817711 | AD60: =IF(AC60<18.5,"ABAIXO DO PESO", (IF(AC60<=24.9,"PESO NORMAL", (IF(AC60<=29.9,"SOBREPESO", (IF(AC60<=34.9,"OBESIDADE I", (IF(AC60<=39.9,"OBESIDADE II", (IF(AC60<=999,"OBESIDADE III","VAZIO"))))))))))) -> OBESIDADE II | AE60: CMDP - Centro Médico Dom Pedro | AF60: Aguardando Agendamento | AL60: Linha de Intervenção II | AO60: =IF(R60="","",IF(R60>TODAY(),"0 meses",DATEDIF(R60,TODAY(),"m") & " meses")) -> 10 meses | AP60: Sim | AQ60: Sim | AS60: Emagrecimento | AT60: =MONTH(B60)&"/"&YEAR(B60) -> 1/2024 | AU60: =WEEKNUM(B60)-WEEKNUM(EOMONTH(B60,-1)+1)+1 -> 1 | AV60: =MONTH(R60)&"/"&YEAR(R60) -> 7/2025 | AW60: =WEEKNUM(R60)-WEEKNUM(EOMONTH(R60,-1)+1)+1 -> 2 | AX60: =IF(BB60="S",IF(Q60="1. Aceitou o programa",R60-B60,0),0) -> 557 | AY60: =IF(BB60="S",IF(AND(S60<>"",R60<>""),S60-R60,0),0) -> 0 | AZ60: =IF(BB60="S",IF(Q60="1. Aceitou o programa",IF(OR(X60="Não se Aplica",X60=""),IF(OR(W60="Não se Aplica",W60=""),0,W60-V60),AVERAGE(X60-W60,W60-V60)),0),0) -> 0 | BA60: =IF(BB60="S",IF(AND(Q60="1. Aceitou o programa",AH60="Realizada"),IFERROR(IF(AG60="",0,AG60-R60),0),0),0) -> 0 | BB60: =_xlfn.XLOOKUP(U60,'Lista Suspensa'!$AA$20:$AA$23,'Lista Suspensa'!$AB$20:$AB$23,"N/A") -> S
A61: Fluxo Antigo | B61: 45292 | C61: Captação + Navegação | D61: Equipe - Dr. Guilherme Ribas | E61: 93326807 | F61: RAPHAELA IGNACIO FERREIRA CORDEIRO | H61: 34065 | I61: 33 | J61: F | O61: 21 997718281 | P61: Equipe Emagrecimento | Q61: 1. Aceitou o programa | R61: 45849 | T61: Contato Com Sucesso | U61: Ativo | V61: 45849 | W61: Não se aplica | X61: Não se aplica | Y61: 30/04/2026 17:14:00 contato com sucesso em | Z61: Mounjaro | AA61: 126 | AB61: 1.67 | AC61: =SUM(AA61/(AB61^2)) -> 45.179103 | AD61: =IF(AC61<18.5,"ABAIXO DO PESO", (IF(AC61<=24.9,"PESO NORMAL", (IF(AC61<=29.9,"SOBREPESO", (IF(AC61<=34.9,"OBESIDADE I", (IF(AC61<=39.9,"OBESIDADE II", (IF(AC61<=999,"OBESIDADE III","VAZIO"))))))))))) -> OBESIDADE III | AE61: CMDP - Centro Médico Dom Pedro | AF61: Aguardando Agendamento | AL61: Linha de Intervenção II | AO61: =IF(R61="","",IF(R61>TODAY(),"0 meses",DATEDIF(R61,TODAY(),"m") & " meses")) -> 10 meses | AP61: Sim | AQ61: Sim | AS61: Emagrecimento | AT61: =MONTH(B61)&"/"&YEAR(B61) -> 1/2024 | AU61: =WEEKNUM(B61)-WEEKNUM(EOMONTH(B61,-1)+1)+1 -> 1 | AV61: =MONTH(R61)&"/"&YEAR(R61) -> 7/2025 | AW61: =WEEKNUM(R61)-WEEKNUM(EOMONTH(R61,-1)+1)+1 -> 2 | AX61: =IF(BB61="S",IF(Q61="1. Aceitou o programa",R61-B61,0),0) -> 557 | AY61: =IF(BB61="S",IF(AND(S61<>"",R61<>""),S61-R61,0),0) -> 0 | AZ61: =IF(BB61="S",IF(Q61="1. Aceitou o programa",IF(OR(X61="Não se Aplica",X61=""),IF(OR(W61="Não se Aplica",W61=""),0,W61-V61),AVERAGE(X61-W61,W61-V61)),0),0) -> 0 | BA61: =IF(BB61="S",IF(AND(Q61="1. Aceitou o programa",AH61="Realizada"),IFERROR(IF(AG61="",0,AG61-R61),0),0),0) -> 0 | BB61: =_xlfn.XLOOKUP(U61,'Lista Suspensa'!$AA$20:$AA$23,'Lista Suspensa'!$AB$20:$AB$23,"N/A") -> S
A62: Fluxo Antigo | B62: 45292 | C62: Captação + Navegação | D62: CMDP Nutri - Rosangela Cristina Toni Dos Santos | E62: 94115369 | F62: TRINDADE RESSURREICAO DA CRUZ ALVES | H62: 37080 | I62: 24 | J62: M | O62: (11) 991591035 | P62: Equipe Emagrecimento | Q62: 1. Aceitou o programa | R62: 45849 | T62: Contato Com Sucesso | U62: Ativo | V62: 45849 | W62: Não se aplica | X62: Não se aplica | Z62: Rybelsus | AA62: 150 | AB62: 1.75 | AC62: =SUM(AA62/(AB62^2)) -> 48.979592 | AD62: =IF(AC62<18.5,"ABAIXO DO PESO", (IF(AC62<=24.9,"PESO NORMAL", (IF(AC62<=29.9,"SOBREPESO", (IF(AC62<=34.9,"OBESIDADE I", (IF(AC62<=39.9,"OBESIDADE II", (IF(AC62<=999,"OBESIDADE III","VAZIO"))))))))))) -> OBESIDADE III | AE62: CMDP - Centro Médico Dom Pedro | AF62: Aguardando Agendamento | AL62: Linha de Intervenção II | AO62: =IF(R62="","",IF(R62>TODAY(),"0 meses",DATEDIF(R62,TODAY(),"m") & " meses")) -> 10 meses | AP62: Sim | AQ62: Sim | AS62: Emagrecimento | AT62: =MONTH(B62)&"/"&YEAR(B62) -> 1/2024 | AU62: =WEEKNUM(B62)-WEEKNUM(EOMONTH(B62,-1)+1)+1 -> 1 | AV62: =MONTH(R62)&"/"&YEAR(R62) -> 7/2025 | AW62: =WEEKNUM(R62)-WEEKNUM(EOMONTH(R62,-1)+1)+1 -> 2 | AX62: =IF(BB62="S",IF(Q62="1. Aceitou o programa",R62-B62,0),0) -> 557 | AY62: =IF(BB62="S",IF(AND(S62<>"",R62<>""),S62-R62,0),0) -> 0 | AZ62: =IF(BB62="S",IF(Q62="1. Aceitou o programa",IF(OR(X62="Não se Aplica",X62=""),IF(OR(W62="Não se Aplica",W62=""),0,W62-V62),AVERAGE(X62-W62,W62-V62)),0),0) -> 0 | BA62: =IF(BB62="S",IF(AND(Q62="1. Aceitou o programa",AH62="Realizada"),IFERROR(IF(AG62="",0,AG62-R62),0),0),0) -> 0 | BB62: =_xlfn.XLOOKUP(U62,'Lista Suspensa'!$AA$20:$AA$23,'Lista Suspensa'!$AB$20:$AB$23,"N/A") -> S
A63: Fluxo Antigo | B63: 45292 | C63: Captação + Navegação | D63: Captado pela Amil | E63: 79201094 | F63: MONIQUE PACIFICO QUIRINO | H63: 30451 | I63: 43 | J63: F | O63: (21) 96498785 | P63: Equipe Emagrecimento | Q63: 1. Aceitou o programa | R63: 45853 | T63: Contato Com Sucesso | U63: Ativo | V63: 45853 | W63: Não se aplica | X63: Não se aplica | Z63: Não Utiliza | AA63: 93 | AB63: 1.6 | AC63: =SUM(AA63/(AB63^2)) -> 36.328125 | AD63: =IF(AC63<18.5,"ABAIXO DO PESO", (IF(AC63<=24.9,"PESO NORMAL", (IF(AC63<=29.9,"SOBREPESO", (IF(AC63<=34.9,"OBESIDADE I", (IF(AC63<=39.9,"OBESIDADE II", (IF(AC63<=999,"OBESIDADE III","VAZIO"))))))))))) -> OBESIDADE II | AE63: CMDP - Centro Médico Dom Pedro | AF63: Aguardando Agendamento | AL63: Linha de Intervenção II | AO63: =IF(R63="","",IF(R63>TODAY(),"0 meses",DATEDIF(R63,TODAY(),"m") & " meses")) -> 10 meses | AP63: Sim | AQ63: Sim | AS63: Emagrecimento | AT63: =MONTH(B63)&"/"&YEAR(B63) -> 1/2024 | AU63: =WEEKNUM(B63)-WEEKNUM(EOMONTH(B63,-1)+1)+1 -> 1 | AV63: =MONTH(R63)&"/"&YEAR(R63) -> 7/2025 | AW63: =WEEKNUM(R63)-WEEKNUM(EOMONTH(R63,-1)+1)+1 -> 3 | AX63: =IF(BB63="S",IF(Q63="1. Aceitou o programa",R63-B63,0),0) -> 561 | AY63: =IF(BB63="S",IF(AND(S63<>"",R63<>""),S63-R63,0),0) -> 0 | AZ63: =IF(BB63="S",IF(Q63="1. Aceitou o programa",IF(OR(X63="Não se Aplica",X63=""),IF(OR(W63="Não se Aplica",W63=""),0,W63-V63),AVERAGE(X63-W63,W63-V63)),0),0) -> 0 | BA63: =IF(BB63="S",IF(AND(Q63="1. Aceitou o programa",AH63="Realizada"),IFERROR(IF(AG63="",0,AG63-R63),0),0),0) -> 0 | BB63: =_xlfn.XLOOKUP(U63,'Lista Suspensa'!$AA$20:$AA$23,'Lista Suspensa'!$AB$20:$AB$23,"N/A") -> S
A64: Fluxo Antigo | B64: 45292 | C64: Captação + Navegação | D64: Captado pela Amil | E64: 86464619 | F64: JACKELINE PEREIRA DA SILVA | H64: 30926 | I64: 41 | J64: F | O64: (11) 999188664 | P64: Equipe Emagrecimento | Q64: 1. Aceitou o programa | R64: 45853 | T64: Contato Com Sucesso | U64: Ativo | V64: 45853 | W64: Não se aplica | X64: Não se aplica | Y64: 24/04/2026 17:06:00 contato com sucesso em | Z64: Não Utiliza | AA64: 104 | AB64: 1.6 | AC64: =SUM(AA64/(AB64^2)) -> 40.625 | AD64: =IF(AC64<18.5,"ABAIXO DO PESO", (IF(AC64<=24.9,"PESO NORMAL", (IF(AC64<=29.9,"SOBREPESO", (IF(AC64<=34.9,"OBESIDADE I", (IF(AC64<=39.9,"OBESIDADE II", (IF(AC64<=999,"OBESIDADE III","VAZIO"))))))))))) -> OBESIDADE III | AE64: CMDP - Centro Médico Dom Pedro | AF64: Aguardando Agendamento | AL64: Pós-Bariátrico | AM64: Sim - Não Acompanhou Pré Operatório conosco | AN64: Sem Dados | AO64: =IF(R64="","",IF(R64>TODAY(),"0 meses",DATEDIF(R64,TODAY(),"m") & " meses")) -> 10 meses | AP64: Sim | AQ64: Sim | AS64: Emagrecimento | AT64: =MONTH(B64)&"/"&YEAR(B64) -> 1/2024 | AU64: =WEEKNUM(B64)-WEEKNUM(EOMONTH(B64,-1)+1)+1 -> 1 | AV64: =MONTH(R64)&"/"&YEAR(R64) -> 7/2025 | AW64: =WEEKNUM(R64)-WEEKNUM(EOMONTH(R64,-1)+1)+1 -> 3 | AX64: =IF(BB64="S",IF(Q64="1. Aceitou o programa",R64-B64,0),0) -> 561 | AY64: =IF(BB64="S",IF(AND(S64<>"",R64<>""),S64-R64,0),0) -> 0 | AZ64: =IF(BB64="S",IF(Q64="1. Aceitou o programa",IF(OR(X64="Não se Aplica",X64=""),IF(OR(W64="Não se Aplica",W64=""),0,W64-V64),AVERAGE(X64-W64,W64-V64)),0),0) -> 0 | BA64: =IF(BB64="S",IF(AND(Q64="1. Aceitou o programa",AH64="Realizada"),IFERROR(IF(AG64="",0,AG64-R64),0),0),0) -> 0 | BB64: =_xlfn.XLOOKUP(U64,'Lista Suspensa'!$AA$20:$AA$23,'Lista Suspensa'!$AB$20:$AB$23,"N/A") -> S
A65: Fluxo Antigo | B65: 45292 | C65: Captação + Navegação | D65: CMDP Nutri - Rosangela Cristina Toni Dos Santos | E65: 94457189 | F65: CINTIA RIBEIRO ALVES | H65: 28291 | I65: 48 | J65: F | K65: SP | O65: (11) 955788217 | P65: Equipe Emagrecimento | Q65: 1. Aceitou o programa | R65: 45854 | T65: Contato Com Sucesso | U65: Ativo | V65: 45854 | W65: Não se aplica | X65: Não se aplica | Z65: Bupropiona + Naltrexona | AA65: 103 | AB65: 1.6 | AC65: =SUM(AA65/(AB65^2)) -> 40.234375 | AD65: =IF(AC65<18.5,"ABAIXO DO PESO", (IF(AC65<=24.9,"PESO NORMAL", (IF(AC65<=29.9,"SOBREPESO", (IF(AC65<=34.9,"OBESIDADE I", (IF(AC65<=39.9,"OBESIDADE II", (IF(AC65<=999,"OBESIDADE III","VAZIO"))))))))))) -> OBESIDADE III | AE65: CMDP - Centro Médico Dom Pedro | AF65: Aguardando Agendamento | AL65: Linha de Intervenção II | AO65: =IF(R65="","",IF(R65>TODAY(),"0 meses",DATEDIF(R65,TODAY(),"m") & " meses")) -> 10 meses | AP65: Sim | AQ65: Sim | AS65: Emagrecimento | AT65: =MONTH(B65)&"/"&YEAR(B65) -> 1/2024 | AU65: =WEEKNUM(B65)-WEEKNUM(EOMONTH(B65,-1)+1)+1 -> 1 | AV65: =MONTH(R65)&"/"&YEAR(R65) -> 7/2025 | AW65: =WEEKNUM(R65)-WEEKNUM(EOMONTH(R65,-1)+1)+1 -> 3 | AX65: =IF(BB65="S",IF(Q65="1. Aceitou o programa",R65-B65,0),0) -> 562 | AY65: =IF(BB65="S",IF(AND(S65<>"",R65<>""),S65-R65,0),0) -> 0 | AZ65: =IF(BB65="S",IF(Q65="1. Aceitou o programa",IF(OR(X65="Não se Aplica",X65=""),IF(OR(W65="Não se Aplica",W65=""),0,W65-V65),AVERAGE(X65-W65,W65-V65)),0),0) -> 0 | BA65: =IF(BB65="S",IF(AND(Q65="1. Aceitou o programa",AH65="Realizada"),IFERROR(IF(AG65="",0,AG65-R65),0),0),0) -> 0 | BB65: =_xlfn.XLOOKUP(U65,'Lista Suspensa'!$AA$20:$AA$23,'Lista Suspensa'!$AB$20:$AB$23,"N/A") -> S
A66: Fluxo Antigo | B66: 45292 | C66: Captação + Navegação | D66: CMDP Nutri - Maria Carolina Vieira Marrano | E66: 93521675 | F66: ITALO GIACOMIN DE ANDRADE | H66: 32237 | I66: 38 | J66: M | O66: (11) 94465-5656 | P66: Equipe Emagrecimento | Q66: 1. Aceitou o programa | R66: 45854 | T66: Contato Com Sucesso | U66: Ativo | V66: 45854 | W66: Não se aplica | X66: Não se aplica | Z66: Mounjaro | AA66: 140 | AB66: 1.89 | AC66: =SUM(AA66/(AB66^2)) -> 39.192632 | AD66: =IF(AC66<18.5,"ABAIXO DO PESO", (IF(AC66<=24.9,"PESO NORMAL", (IF(AC66<=29.9,"SOBREPESO", (IF(AC66<=34.9,"OBESIDADE I", (IF(AC66<=39.9,"OBESIDADE II", (IF(AC66<=999,"OBESIDADE III","VAZIO"))))))))))) -> OBESIDADE II | AE66: CMDP - Centro Médico Dom Pedro | AF66: Aguardando Agendamento | AL66: Linha de Intervenção II | AO66: =IF(R66="","",IF(R66>TODAY(),"0 meses",DATEDIF(R66,TODAY(),"m") & " meses")) -> 10 meses | AP66: Sim | AQ66: Sim | AS66: Emagrecimento | AT66: =MONTH(B66)&"/"&YEAR(B66) -> 1/2024 | AU66: =WEEKNUM(B66)-WEEKNUM(EOMONTH(B66,-1)+1)+1 -> 1 | AV66: =MONTH(R66)&"/"&YEAR(R66) -> 7/2025 | AW66: =WEEKNUM(R66)-WEEKNUM(EOMONTH(R66,-1)+1)+1 -> 3 | AX66: =IF(BB66="S",IF(Q66="1. Aceitou o programa",R66-B66,0),0) -> 562 | AY66: =IF(BB66="S",IF(AND(S66<>"",R66<>""),S66-R66,0),0) -> 0 | AZ66: =IF(BB66="S",IF(Q66="1. Aceitou o programa",IF(OR(X66="Não se Aplica",X66=""),IF(OR(W66="Não se Aplica",W66=""),0,W66-V66),AVERAGE(X66-W66,W66-V66)),0),0) -> 0 | BA66: =IF(BB66="S",IF(AND(Q66="1. Aceitou o programa",AH66="Realizada"),IFERROR(IF(AG66="",0,AG66-R66),0),0),0) -> 0 | BB66: =_xlfn.XLOOKUP(U66,'Lista Suspensa'!$AA$20:$AA$23,'Lista Suspensa'!$AB$20:$AB$23,"N/A") -> S
A67: Fluxo Antigo | B67: 45292 | C67: Captação + Navegação | D67: CMDP Nutri - Rosangela Cristina Toni Dos Santos | E67: 89656107 | F67: ARIELY FRANCA SOUSA ALVES | H67: 35748 | I67: 28 | J67: F | O67: ‪(11) 997848703 | P67: Equipe Emagrecimento | Q67: 1. Aceitou o programa | R67: 45854 | T67: Contato Com Sucesso | U67: Ativo | V67: 45854 | W67: Não se aplica | X67: Não se aplica | Z67: Não Utiliza | AA67: 93 | AB67: 1.72 | AC67: =SUM(AA67/(AB67^2)) -> 31.435911 | AD67: =IF(AC67<18.5,"ABAIXO DO PESO", (IF(AC67<=24.9,"PESO NORMAL", (IF(AC67<=29.9,"SOBREPESO", (IF(AC67<=34.9,"OBESIDADE I", (IF(AC67<=39.9,"OBESIDADE II", (IF(AC67<=999,"OBESIDADE III","VAZIO"))))))))))) -> OBESIDADE I | AE67: CMDP - Centro Médico Dom Pedro | AF67: Aguardando Agendamento | AL67: Linha de Intervenção I | AO67: =IF(R67="","",IF(R67>TODAY(),"0 meses",DATEDIF(R67,TODAY(),"m") & " meses")) -> 10 meses | AP67: Sim | AQ67: Sim | AS67: Emagrecimento | AT67: =MONTH(B67)&"/"&YEAR(B67) -> 1/2024 | AU67: =WEEKNUM(B67)-WEEKNUM(EOMONTH(B67,-1)+1)+1 -> 1 | AV67: =MONTH(R67)&"/"&YEAR(R67) -> 7/2025 | AW67: =WEEKNUM(R67)-WEEKNUM(EOMONTH(R67,-1)+1)+1 -> 3 | AX67: =IF(BB67="S",IF(Q67="1. Aceitou o programa",R67-B67,0),0) -> 562 | AY67: =IF(BB67="S",IF(AND(S67<>"",R67<>""),S67-R67,0),0) -> 0 | AZ67: =IF(BB67="S",IF(Q67="1. Aceitou o programa",IF(OR(X67="Não se Aplica",X67=""),IF(OR(W67="Não se Aplica",W67=""),0,W67-V67),AVERAGE(X67-W67,W67-V67)),0),0) -> 0 | BA67: =IF(BB67="S",IF(AND(Q67="1. Aceitou o programa",AH67="Realizada"),IFERROR(IF(AG67="",0,AG67-R67),0),0),0) -> 0 | BB67: =_xlfn.XLOOKUP(U67,'Lista Suspensa'!$AA$20:$AA$23,'Lista Suspensa'!$AB$20:$AB$23,"N/A") -> S
A68: Fluxo Antigo | B68: 45292 | C68: Captação + Navegação | D68: Equipe - Dr. Michel Menezes | E68: 215990293 | F68: SUELI DE MORAIS | H68: 24275 | I68: 59 | J68: F | K68: RJ | O68: (21) 97342-9903 | P68: Equipe Emagrecimento | Q68: 1. Aceitou o programa | R68: 45856 | T68: Contato Com Sucesso | U68: Ativo | V68: 45856 | W68: Não se aplica | X68: Não se aplica | Z68: Não Utiliza | AA68: 110 | AB68: 1.65 | AC68: =SUM(AA68/(AB68^2)) -> 40.40404 | AD68: =IF(AC68<18.5,"ABAIXO DO PESO", (IF(AC68<=24.9,"PESO NORMAL", (IF(AC68<=29.9,"SOBREPESO", (IF(AC68<=34.9,"OBESIDADE I", (IF(AC68<=39.9,"OBESIDADE II", (IF(AC68<=999,"OBESIDADE III","VAZIO"))))))))))) -> OBESIDADE III | AE68: CMDP - Centro Médico Dom Pedro | AF68: Aguardando Agendamento | AL68: Linha de Intervenção II | AO68: =IF(R68="","",IF(R68>TODAY(),"0 meses",DATEDIF(R68,TODAY(),"m") & " meses")) -> 10 meses | AP68: Sim | AQ68: Sim | AS68: Emagrecimento | AT68: =MONTH(B68)&"/"&YEAR(B68) -> 1/2024 | AU68: =WEEKNUM(B68)-WEEKNUM(EOMONTH(B68,-1)+1)+1 -> 1 | AV68: =MONTH(R68)&"/"&YEAR(R68) -> 7/2025 | AW68: =WEEKNUM(R68)-WEEKNUM(EOMONTH(R68,-1)+1)+1 -> 3 | AX68: =IF(BB68="S",IF(Q68="1. Aceitou o programa",R68-B68,0),0) -> 564 | AY68: =IF(BB68="S",IF(AND(S68<>"",R68<>""),S68-R68,0),0) -> 0 | AZ68: =IF(BB68="S",IF(Q68="1. Aceitou o programa",IF(OR(X68="Não se Aplica",X68=""),IF(OR(W68="Não se Aplica",W68=""),0,W68-V68),AVERAGE(X68-W68,W68-V68)),0),0) -> 0 | BA68: =IF(BB68="S",IF(AND(Q68="1. Aceitou o programa",AH68="Realizada"),IFERROR(IF(AG68="",0,AG68-R68),0),0),0) -> 0 | BB68: =_xlfn.XLOOKUP(U68,'Lista Suspensa'!$AA$20:$AA$23,'Lista Suspensa'!$AB$20:$AB$23,"N/A") -> S
A69: Fluxo Antigo | B69: 45292 | C69: Captação + Navegação | D69: Equipe - Dr. Michel Menezes | E69: 93027844 | F69: ZILDETE ROCHA DA SILVA | H69: 26327 | I69: 54 | J69: F | K69: RJ | O69: (21) 969121832 | P69: Equipe Emagrecimento | Q69: 1. Aceitou o programa | R69: 45856 | T69: Contato Com Sucesso | U69: Ativo | V69: 45856 | W69: Não se aplica | X69: Não se aplica | Z69: Bupropiona + Naltrexona | AA69: 116.6 | AB69: 1.52 | AC69: =SUM(AA69/(AB69^2)) -> 50.467452 | AD69: =IF(AC69<18.5,"ABAIXO DO PESO", (IF(AC69<=24.9,"PESO NORMAL", (IF(AC69<=29.9,"SOBREPESO", (IF(AC69<=34.9,"OBESIDADE I", (IF(AC69<=39.9,"OBESIDADE II", (IF(AC69<=999,"OBESIDADE III","VAZIO"))))))))))) -> OBESIDADE III | AE69: CMDP - Centro Médico Dom Pedro | AF69: Aguardando Agendamento | AL69: Critério de Grade Especial | AM69: Sim - Acompanhou Pré Operatório conosco | AN69: Sem dados | AO69: =IF(R69="","",IF(R69>TODAY(),"0 meses",DATEDIF(R69,TODAY(),"m") & " meses")) -> 10 meses | AP69: Sim | AQ69: Sim | AS69: Emagrecimento | AT69: =MONTH(B69)&"/"&YEAR(B69) -> 1/2024 | AU69: =WEEKNUM(B69)-WEEKNUM(EOMONTH(B69,-1)+1)+1 -> 1 | AV69: =MONTH(R69)&"/"&YEAR(R69) -> 7/2025 | AW69: =WEEKNUM(R69)-WEEKNUM(EOMONTH(R69,-1)+1)+1 -> 3 | AX69: =IF(BB69="S",IF(Q69="1. Aceitou o programa",R69-B69,0),0) -> 564 | AY69: =IF(BB69="S",IF(AND(S69<>"",R69<>""),S69-R69,0),0) -> 0 | AZ69: =IF(BB69="S",IF(Q69="1. Aceitou o programa",IF(OR(X69="Não se Aplica",X69=""),IF(OR(W69="Não se Aplica",W69=""),0,W69-V69),AVERAGE(X69-W69,W69-V69)),0),0) -> 0 | BA69: =IF(BB69="S",IF(AND(Q69="1. Aceitou o programa",AH69="Realizada"),IFERROR(IF(AG69="",0,AG69-R69),0),0),0) -> 0 | BB69: =_xlfn.XLOOKUP(U69,'Lista Suspensa'!$AA$20:$AA$23,'Lista Suspensa'!$AB$20:$AB$23,"N/A") -> S
A70: Fluxo Antigo | B70: 45292 | C70: Captação + Navegação | D70: Equipe - Dr. Michel Menezes | E70: 93092083 | F70: MARINA ALVES SANTOS | H70: 33862 | I70: 33 | J70: F | O70: (21) 96552869 | P70: Equipe Emagrecimento | Q70: 1. Aceitou o programa | R70: 45856 | T70: Contato Com Sucesso | U70: Ativo | V70: 45856 | W70: Não se aplica | X70: Não se aplica | Z70: Não Informado | AA70: 115 | AB70: 1.52 | AC70: =SUM(AA70/(AB70^2)) -> 49.774931 | AD70: =IF(AC70<18.5,"ABAIXO DO PESO", (IF(AC70<=24.9,"PESO NORMAL", (IF(AC70<=29.9,"SOBREPESO", (IF(AC70<=34.9,"OBESIDADE I", (IF(AC70<=39.9,"OBESIDADE II", (IF(AC70<=999,"OBESIDADE III","VAZIO"))))))))))) -> OBESIDADE III | AE70: CMDP - Centro Médico Dom Pedro | AF70: Aguardando Agendamento | AL70: Linha de Intervenção II | AO70: =IF(R70="","",IF(R70>TODAY(),"0 meses",DATEDIF(R70,TODAY(),"m") & " meses")) -> 10 meses | AP70: Sim | AQ70: Sim | AS70: Emagrecimento | AT70: =MONTH(B70)&"/"&YEAR(B70) -> 1/2024 | AU70: =WEEKNUM(B70)-WEEKNUM(EOMONTH(B70,-1)+1)+1 -> 1 | AV70: =MONTH(R70)&"/"&YEAR(R70) -> 7/2025 | AW70: =WEEKNUM(R70)-WEEKNUM(EOMONTH(R70,-1)+1)+1 -> 3 | AX70: =IF(BB70="S",IF(Q70="1. Aceitou o programa",R70-B70,0),0) -> 564 | AY70: =IF(BB70="S",IF(AND(S70<>"",R70<>""),S70-R70,0),0) -> 0 | AZ70: =IF(BB70="S",IF(Q70="1. Aceitou o programa",IF(OR(X70="Não se Aplica",X70=""),IF(OR(W70="Não se Aplica",W70=""),0,W70-V70),AVERAGE(X70-W70,W70-V70)),0),0) -> 0 | BA70: =IF(BB70="S",IF(AND(Q70="1. Aceitou o programa",AH70="Realizada"),IFERROR(IF(AG70="",0,AG70-R70),0),0),0) -> 0 | BB70: =_xlfn.XLOOKUP(U70,'Lista Suspensa'!$AA$20:$AA$23,'Lista Suspensa'!$AB$20:$AB$23,"N/A") -> S
A71: Fluxo Antigo | B71: 45292 | C71: Captação + Navegação | D71: CMDP Nutri - Maria Carolina Vieira Marrano | E71: 94658078 | F71: DENIS WILLIAM RAMOS SILVA | H71: 33510 | I71: 34 | J71: M | K71: SP | O71: 11993458637 | P71: Equipe Emagrecimento | Q71: 1. Aceitou o programa | R71: 45861 | T71: Contato Com Sucesso | U71: Ativo | V71: 45861 | W71: Não se aplica | X71: Não se aplica | Z71: Não Utiliza | AA71: 135 | AB71: 1.67 | AC71: =SUM(AA71/(AB71^2)) -> 48.406182 | AD71: =IF(AC71<18.5,"ABAIXO DO PESO", (IF(AC71<=24.9,"PESO NORMAL", (IF(AC71<=29.9,"SOBREPESO", (IF(AC71<=34.9,"OBESIDADE I", (IF(AC71<=39.9,"OBESIDADE II", (IF(AC71<=999,"OBESIDADE III","VAZIO"))))))))))) -> OBESIDADE III | AE71: CMDP - Centro Médico Dom Pedro | AF71: Aguardando Agendamento | AL71: Linha de Intervenção II | AO71: =IF(R71="","",IF(R71>TODAY(),"0 meses",DATEDIF(R71,TODAY(),"m") & " meses")) -> 10 meses | AP71: Sim | AQ71: Sim | AS71: Emagrecimento | AT71: =MONTH(B71)&"/"&YEAR(B71) -> 1/2024 | AU71: =WEEKNUM(B71)-WEEKNUM(EOMONTH(B71,-1)+1)+1 -> 1 | AV71: =MONTH(R71)&"/"&YEAR(R71) -> 7/2025 | AW71: =WEEKNUM(R71)-WEEKNUM(EOMONTH(R71,-1)+1)+1 -> 4 | AX71: =IF(BB71="S",IF(Q71="1. Aceitou o programa",R71-B71,0),0) -> 569 | AY71: =IF(BB71="S",IF(AND(S71<>"",R71<>""),S71-R71,0),0) -> 0 | AZ71: =IF(BB71="S",IF(Q71="1. Aceitou o programa",IF(OR(X71="Não se Aplica",X71=""),IF(OR(W71="Não se Aplica",W71=""),0,W71-V71),AVERAGE(X71-W71,W71-V71)),0),0) -> 0 | BA71: =IF(BB71="S",IF(AND(Q71="1. Aceitou o programa",AH71="Realizada"),IFERROR(IF(AG71="",0,AG71-R71),0),0),0) -> 0 | BB71: =_xlfn.XLOOKUP(U71,'Lista Suspensa'!$AA$20:$AA$23,'Lista Suspensa'!$AB$20:$AB$23,"N/A") -> S
A72: Fluxo Antigo | B72: 45292 | C72: Captação + Navegação | D72: Captado pela Amil | E72: 82119202 | F72: ANA CAROLINE IGLESIAS DE OLIVEIRA | H72: 33848 | I72: 33 | J72: F | O72: (11) 94770-5703 | P72: Equipe Emagrecimento | Q72: 1. Aceitou o programa | R72: 45862 | T72: Contato Com Sucesso | U72: Ativo | V72: 45862 | W72: Não se aplica | X72: Não se aplica | Z72: Não Utiliza | AA72: 79 | AB72: 1.5 | AC72: =SUM(AA72/(AB72^2)) -> 35.111111 | AD72: =IF(AC72<18.5,"ABAIXO DO PESO", (IF(AC72<=24.9,"PESO NORMAL", (IF(AC72<=29.9,"SOBREPESO", (IF(AC72<=34.9,"OBESIDADE I", (IF(AC72<=39.9,"OBESIDADE II", (IF(AC72<=999,"OBESIDADE III","VAZIO"))))))))))) -> OBESIDADE II | AE72: CMDP - Centro Médico Dom Pedro | AF72: Aguardando Agendamento | AL72: Pós-Bariátrico | AM72: Sim - Não Acompanhou Pré Operatório conosco | AN72: 45778 | AO72: =IF(R72="","",IF(R72>TODAY(),"0 meses",DATEDIF(R72,TODAY(),"m") & " meses")) -> 10 meses | AP72: Sim | AQ72: Sim | AS72: Emagrecimento | AT72: =MONTH(B72)&"/"&YEAR(B72) -> 1/2024 | AU72: =WEEKNUM(B72)-WEEKNUM(EOMONTH(B72,-1)+1)+1 -> 1 | AV72: =MONTH(R72)&"/"&YEAR(R72) -> 7/2025 | AW72: =WEEKNUM(R72)-WEEKNUM(EOMONTH(R72,-1)+1)+1 -> 4 | AX72: =IF(BB72="S",IF(Q72="1. Aceitou o programa",R72-B72,0),0) -> 570 | AY72: =IF(BB72="S",IF(AND(S72<>"",R72<>""),S72-R72,0),0) -> 0 | AZ72: =IF(BB72="S",IF(Q72="1. Aceitou o programa",IF(OR(X72="Não se Aplica",X72=""),IF(OR(W72="Não se Aplica",W72=""),0,W72-V72),AVERAGE(X72-W72,W72-V72)),0),0) -> 0 | BA72: =IF(BB72="S",IF(AND(Q72="1. Aceitou o programa",AH72="Realizada"),IFERROR(IF(AG72="",0,AG72-R72),0),0),0) -> 0 | BB72: =_xlfn.XLOOKUP(U72,'Lista Suspensa'!$AA$20:$AA$23,'Lista Suspensa'!$AB$20:$AB$23,"N/A") -> S
A73: Fluxo Antigo | B73: 45292 | C73: Captação + Navegação | D73: Equipe - Dr. Michel Menezes | E73: 92640191 | F73: FABIOLA MAGALHAES DA ROSA | H73: 27777 | I73: 50 | J73: F | K73: RJ | O73: (21) 98280-0896 | P73: Equipe Emagrecimento | Q73: 1. Aceitou o programa | R73: 45863 | T73: Contato Com Sucesso | U73: Ativo | V73: 45863 | W73: Não se aplica | X73: Não se aplica | Z73: Rybelsus | AA73: 100 | AB73: 1.62 | AC73: =SUM(AA73/(AB73^2)) -> 38.103948 | AD73: =IF(AC73<18.5,"ABAIXO DO PESO", (IF(AC73<=24.9,"PESO NORMAL", (IF(AC73<=29.9,"SOBREPESO", (IF(AC73<=34.9,"OBESIDADE I", (IF(AC73<=39.9,"OBESIDADE II", (IF(AC73<=999,"OBESIDADE III","VAZIO"))))))))))) -> OBESIDADE II | AE73: CMDP - Centro Médico Dom Pedro | AF73: Aguardando Agendamento | AL73: Linha de Intervenção II | AO73: =IF(R73="","",IF(R73>TODAY(),"0 meses",DATEDIF(R73,TODAY(),"m") & " meses")) -> 10 meses | AP73: Sim | AQ73: Sim | AS73: Emagrecimento | AT73: =MONTH(B73)&"/"&YEAR(B73) -> 1/2024 | AU73: =WEEKNUM(B73)-WEEKNUM(EOMONTH(B73,-1)+1)+1 -> 1 | AV73: =MONTH(R73)&"/"&YEAR(R73) -> 7/2025 | AW73: =WEEKNUM(R73)-WEEKNUM(EOMONTH(R73,-1)+1)+1 -> 4 | AX73: =IF(BB73="S",IF(Q73="1. Aceitou o programa",R73-B73,0),0) -> 571 | AY73: =IF(BB73="S",IF(AND(S73<>"",R73<>""),S73-R73,0),0) -> 0 | AZ73: =IF(BB73="S",IF(Q73="1. Aceitou o programa",IF(OR(X73="Não se Aplica",X73=""),IF(OR(W73="Não se Aplica",W73=""),0,W73-V73),AVERAGE(X73-W73,W73-V73)),0),0) -> 0 | BA73: =IF(BB73="S",IF(AND(Q73="1. Aceitou o programa",AH73="Realizada"),IFERROR(IF(AG73="",0,AG73-R73),0),0),0) -> 0 | BB73: =_xlfn.XLOOKUP(U73,'Lista Suspensa'!$AA$20:$AA$23,'Lista Suspensa'!$AB$20:$AB$23,"N/A") -> S
A74: Fluxo Antigo | B74: 45292 | C74: Captação + Navegação | D74: Equipe - Dr. Michel Menezes | E74: 93165897 | F74: JENEFER ANASTACIA SANTOS MADEIRA | H74: 31464 | I74: 40 | J74: F | K74: RJ | O74: (21) 45835409 (21) 975019238 | P74: Equipe Emagrecimento | Q74: 1. Aceitou o programa | R74: 45863 | T74: Contato Com Sucesso | U74: Ativo | V74: 45863 | W74: Não se aplica | X74: Não se aplica | Z74: Mounjaro | AA74: 147 | AB74: 1.68 | AC74: =SUM(AA74/(AB74^2)) -> 52.083333 | AD74: =IF(AC74<18.5,"ABAIXO DO PESO", (IF(AC74<=24.9,"PESO NORMAL", (IF(AC74<=29.9,"SOBREPESO", (IF(AC74<=34.9,"OBESIDADE I", (IF(AC74<=39.9,"OBESIDADE II", (IF(AC74<=999,"OBESIDADE III","VAZIO"))))))))))) -> OBESIDADE III | AE74: CMDP - Centro Médico Dom Pedro | AF74: Aguardando Agendamento | AL74: Critério de Grade Especial | AO74: =IF(R74="","",IF(R74>TODAY(),"0 meses",DATEDIF(R74,TODAY(),"m") & " meses")) -> 10 meses | AP74: Sim | AQ74: Sim | AS74: Emagrecimento | AT74: =MONTH(B74)&"/"&YEAR(B74) -> 1/2024 | AU74: =WEEKNUM(B74)-WEEKNUM(EOMONTH(B74,-1)+1)+1 -> 1 | AV74: =MONTH(R74)&"/"&YEAR(R74) -> 7/2025 | AW74: =WEEKNUM(R74)-WEEKNUM(EOMONTH(R74,-1)+1)+1 -> 4 | AX74: =IF(BB74="S",IF(Q74="1. Aceitou o programa",R74-B74,0),0) -> 571 | AY74: =IF(BB74="S",IF(AND(S74<>"",R74<>""),S74-R74,0),0) -> 0 | AZ74: =IF(BB74="S",IF(Q74="1. Aceitou o programa",IF(OR(X74="Não se Aplica",X74=""),IF(OR(W74="Não se Aplica",W74=""),0,W74-V74),AVERAGE(X74-W74,W74-V74)),0),0) -> 0 | BA74: =IF(BB74="S",IF(AND(Q74="1. Aceitou o programa",AH74="Realizada"),IFERROR(IF(AG74="",0,AG74-R74),0),0),0) -> 0 | BB74: =_xlfn.XLOOKUP(U74,'Lista Suspensa'!$AA$20:$AA$23,'Lista Suspensa'!$AB$20:$AB$23,"N/A") -> S
A75: Fluxo Antigo | B75: 45292 | C75: Captação + Navegação | D75: Captado pela Amil | E75: 93753376 | F75: FABIO GARCIA DE AQUINO | H75: 30608 | I75: 42 | J75: M | K75: SP | O75: (11) 989455445 | P75: Equipe Emagrecimento | Q75: 1. Aceitou o programa | R75: 45863 | T75: Contato Com Sucesso | U75: Ativo | V75: 45863 | W75: Não se aplica | X75: Não se aplica | Z75: Ozempic, Orlistate | AA75: 129.7 | AB75: 1.91 | AC75: =SUM(AA75/(AB75^2)) -> 35.552753 | AD75: =IF(AC75<18.5,"ABAIXO DO PESO", (IF(AC75<=24.9,"PESO NORMAL", (IF(AC75<=29.9,"SOBREPESO", (IF(AC75<=34.9,"OBESIDADE I", (IF(AC75<=39.9,"OBESIDADE II", (IF(AC75<=999,"OBESIDADE III","VAZIO"))))))))))) -> OBESIDADE II | AE75: CMDP - Centro Médico Dom Pedro | AF75: Aguardando Agendamento | AL75: Linha de Intervenção II | AO75: =IF(R75="","",IF(R75>TODAY(),"0 meses",DATEDIF(R75,TODAY(),"m") & " meses")) -> 10 meses | AP75: Sim | AQ75: Sim | AS75: Emagrecimento | AT75: =MONTH(B75)&"/"&YEAR(B75) -> 1/2024 | AU75: =WEEKNUM(B75)-WEEKNUM(EOMONTH(B75,-1)+1)+1 -> 1 | AV75: =MONTH(R75)&"/"&YEAR(R75) -> 7/2025 | AW75: =WEEKNUM(R75)-WEEKNUM(EOMONTH(R75,-1)+1)+1 -> 4 | AX75: =IF(BB75="S",IF(Q75="1. Aceitou o programa",R75-B75,0),0) -> 571 | AY75: =IF(BB75="S",IF(AND(S75<>"",R75<>""),S75-R75,0),0) -> 0 | AZ75: =IF(BB75="S",IF(Q75="1. Aceitou o programa",IF(OR(X75="Não se Aplica",X75=""),IF(OR(W75="Não se Aplica",W75=""),0,W75-V75),AVERAGE(X75-W75,W75-V75)),0),0) -> 0 | BA75: =IF(BB75="S",IF(AND(Q75="1. Aceitou o programa",AH75="Realizada"),IFERROR(IF(AG75="",0,AG75-R75),0),0),0) -> 0 | BB75: =_xlfn.XLOOKUP(U75,'Lista Suspensa'!$AA$20:$AA$23,'Lista Suspensa'!$AB$20:$AB$23,"N/A") -> S
A76: Fluxo Antigo | B76: 45292 | C76: Captação + Navegação | D76: Captado pela Amil | E76: 93987021 | F76: CAMILA OLIVEIRA DA CONCEICAO | H76: 32866 | I76: 36 | J76: F | K76: SP | O76: (11) 97472097 (11) 974720973 | P76: Equipe Emagrecimento | Q76: 1. Aceitou o programa | R76: 45863 | T76: Contato Com Sucesso | U76: Ativo | V76: 45863 | W76: Não se aplica | X76: Não se aplica | Z76: Mounjaro | AA76: 124 | AB76: 1.64 | AC76: =SUM(AA76/(AB76^2)) -> 46.10351 | AD76: =IF(AC76<18.5,"ABAIXO DO PESO", (IF(AC76<=24.9,"PESO NORMAL", (IF(AC76<=29.9,"SOBREPESO", (IF(AC76<=34.9,"OBESIDADE I", (IF(AC76<=39.9,"OBESIDADE II", (IF(AC76<=999,"OBESIDADE III","VAZIO"))))))))))) -> OBESIDADE III | AE76: CMDP - Centro Médico Dom Pedro | AF76: Aguardando Agendamento | AL76: Linha de Intervenção II | AO76: =IF(R76="","",IF(R76>TODAY(),"0 meses",DATEDIF(R76,TODAY(),"m") & " meses")) -> 10 meses | AP76: Sim | AQ76: Sim | AS76: Emagrecimento | AT76: =MONTH(B76)&"/"&YEAR(B76) -> 1/2024 | AU76: =WEEKNUM(B76)-WEEKNUM(EOMONTH(B76,-1)+1)+1 -> 1 | AV76: =MONTH(R76)&"/"&YEAR(R76) -> 7/2025 | AW76: =WEEKNUM(R76)-WEEKNUM(EOMONTH(R76,-1)+1)+1 -> 4 | AX76: =IF(BB76="S",IF(Q76="1. Aceitou o programa",R76-B76,0),0) -> 571 | AY76: =IF(BB76="S",IF(AND(S76<>"",R76<>""),S76-R76,0),0) -> 0 | AZ76: =IF(BB76="S",IF(Q76="1. Aceitou o programa",IF(OR(X76="Não se Aplica",X76=""),IF(OR(W76="Não se Aplica",W76=""),0,W76-V76),AVERAGE(X76-W76,W76-V76)),0),0) -> 0 | BA76: =IF(BB76="S",IF(AND(Q76="1. Aceitou o programa",AH76="Realizada"),IFERROR(IF(AG76="",0,AG76-R76),0),0),0) -> 0 | BB76: =_xlfn.XLOOKUP(U76,'Lista Suspensa'!$AA$20:$AA$23,'Lista Suspensa'!$AB$20:$AB$23,"N/A") -> S
A77: Fluxo Antigo | B77: 45292 | C77: Captação + Navegação | D77: Captado pela Amil | E77: 93488765 | F77: STEPHANIE DE OLIVEIRA CUNHA | H77: 33081 | I77: 35 | J77: F | O77: (11) 98467-0920 | P77: Equipe Emagrecimento | Q77: 1. Aceitou o programa | R77: 45863 | T77: Contato Com Sucesso | U77: Ativo | V77: 45863 | W77: Não se aplica | X77: Não se aplica | Z77: Não Utiliza | AA77: 102 | AB77: 1.56 | AC77: =SUM(AA77/(AB77^2)) -> 41.913215 | AD77: =IF(AC77<18.5,"ABAIXO DO PESO", (IF(AC77<=24.9,"PESO NORMAL", (IF(AC77<=29.9,"SOBREPESO", (IF(AC77<=34.9,"OBESIDADE I", (IF(AC77<=39.9,"OBESIDADE II", (IF(AC77<=999,"OBESIDADE III","VAZIO"))))))))))) -> OBESIDADE III | AE77: CMDP - Centro Médico Dom Pedro | AF77: Aguardando Agendamento | AL77: Linha de Intervenção II | AO77: =IF(R77="","",IF(R77>TODAY(),"0 meses",DATEDIF(R77,TODAY(),"m") & " meses")) -> 10 meses | AP77: Sim | AQ77: Sim | AS77: Emagrecimento | AT77: =MONTH(B77)&"/"&YEAR(B77) -> 1/2024 | AU77: =WEEKNUM(B77)-WEEKNUM(EOMONTH(B77,-1)+1)+1 -> 1 | AV77: =MONTH(R77)&"/"&YEAR(R77) -> 7/2025 | AW77: =WEEKNUM(R77)-WEEKNUM(EOMONTH(R77,-1)+1)+1 -> 4 | AX77: =IF(BB77="S",IF(Q77="1. Aceitou o programa",R77-B77,0),0) -> 571 | AY77: =IF(BB77="S",IF(AND(S77<>"",R77<>""),S77-R77,0),0) -> 0 | AZ77: =IF(BB77="S",IF(Q77="1. Aceitou o programa",IF(OR(X77="Não se Aplica",X77=""),IF(OR(W77="Não se Aplica",W77=""),0,W77-V77),AVERAGE(X77-W77,W77-V77)),0),0) -> 0 | BA77: =IF(BB77="S",IF(AND(Q77="1. Aceitou o programa",AH77="Realizada"),IFERROR(IF(AG77="",0,AG77-R77),0),0),0) -> 0 | BB77: =_xlfn.XLOOKUP(U77,'Lista Suspensa'!$AA$20:$AA$23,'Lista Suspensa'!$AB$20:$AB$23,"N/A") -> S
A78: Fluxo Antigo | B78: 45292 | C78: Captação + Navegação | D78: Equipe - Dr. Luiz Alfredo | E78: 93279306 | F78: DEBORA PEREIRA DE AZEVEDO | H78: 33785 | I78: 33 | J78: F | O78: 21 99577-5386 | P78: Equipe Emagrecimento | Q78: 1. Aceitou o programa | R78: 45863 | T78: Contato Com Sucesso | U78: Ativo | V78: 45863 | W78: Não se aplica | X78: Não se aplica | Y78: 13/03/2026 18:04:00 contato com sucesso em | Z78: Não Utiliza | AA78: 140 | AB78: 1.79 | AC78: =SUM(AA78/(AB78^2)) -> 43.694017 | AD78: =IF(AC78<18.5,"ABAIXO DO PESO", (IF(AC78<=24.9,"PESO NORMAL", (IF(AC78<=29.9,"SOBREPESO", (IF(AC78<=34.9,"OBESIDADE I", (IF(AC78<=39.9,"OBESIDADE II", (IF(AC78<=999,"OBESIDADE III","VAZIO"))))))))))) -> OBESIDADE III | AE78: CMDP - Centro Médico Dom Pedro | AF78: Aguardando Agendamento | AL78: Linha de Intervenção II | AO78: =IF(R78="","",IF(R78>TODAY(),"0 meses",DATEDIF(R78,TODAY(),"m") & " meses")) -> 10 meses | AP78: Sim | AQ78: Sim | AS78: Emagrecimento | AT78: =MONTH(B78)&"/"&YEAR(B78) -> 1/2024 | AU78: =WEEKNUM(B78)-WEEKNUM(EOMONTH(B78,-1)+1)+1 -> 1 | AV78: =MONTH(R78)&"/"&YEAR(R78) -> 7/2025 | AW78: =WEEKNUM(R78)-WEEKNUM(EOMONTH(R78,-1)+1)+1 -> 4 | AX78: =IF(BB78="S",IF(Q78="1. Aceitou o programa",R78-B78,0),0) -> 571 | AY78: =IF(BB78="S",IF(AND(S78<>"",R78<>""),S78-R78,0),0) -> 0 | AZ78: =IF(BB78="S",IF(Q78="1. Aceitou o programa",IF(OR(X78="Não se Aplica",X78=""),IF(OR(W78="Não se Aplica",W78=""),0,W78-V78),AVERAGE(X78-W78,W78-V78)),0),0) -> 0 | BA78: =IF(BB78="S",IF(AND(Q78="1. Aceitou o programa",AH78="Realizada"),IFERROR(IF(AG78="",0,AG78-R78),0),0),0) -> 0 | BB78: =_xlfn.XLOOKUP(U78,'Lista Suspensa'!$AA$20:$AA$23,'Lista Suspensa'!$AB$20:$AB$23,"N/A") -> S
A79: Fluxo Antigo | B79: 45292 | C79: Captação + Navegação | D79: Captado pela Amil | E79: 87812122 | F79: ISABELLA CAMILO DE OLIVEIRA BEZERRA | H79: 37519 | I79: 23 | J79: F | O79: (11) 959609701 | P79: Equipe Emagrecimento | Q79: 1. Aceitou o programa | R79: 45863 | T79: Contato Com Sucesso | U79: Ativo | V79: 45863 | W79: Não se aplica | X79: Não se aplica | Y79: 23/04/2026 17:16:00 contato com sucesso em | Z79: Rybelsus | AA79: 98 | AB79: 1.71 | AC79: =SUM(AA79/(AB79^2)) -> 33.514586 | AD79: =IF(AC79<18.5,"ABAIXO DO PESO", (IF(AC79<=24.9,"PESO NORMAL", (IF(AC79<=29.9,"SOBREPESO", (IF(AC79<=34.9,"OBESIDADE I", (IF(AC79<=39.9,"OBESIDADE II", (IF(AC79<=999,"OBESIDADE III","VAZIO"))))))))))) -> OBESIDADE I | AE79: CMDP - Centro Médico Dom Pedro | AF79: Aguardando Agendamento | AL79: Linha de Intervenção II | AO79: =IF(R79="","",IF(R79>TODAY(),"0 meses",DATEDIF(R79,TODAY(),"m") & " meses")) -> 10 meses | AP79: Sim | AQ79: Sim | AS79: Emagrecimento | AT79: =MONTH(B79)&"/"&YEAR(B79) -> 1/2024 | AU79: =WEEKNUM(B79)-WEEKNUM(EOMONTH(B79,-1)+1)+1 -> 1 | AV79: =MONTH(R79)&"/"&YEAR(R79) -> 7/2025 | AW79: =WEEKNUM(R79)-WEEKNUM(EOMONTH(R79,-1)+1)+1 -> 4 | AX79: =IF(BB79="S",IF(Q79="1. Aceitou o programa",R79-B79,0),0) -> 571 | AY79: =IF(BB79="S",IF(AND(S79<>"",R79<>""),S79-R79,0),0) -> 0 | AZ79: =IF(BB79="S",IF(Q79="1. Aceitou o programa",IF(OR(X79="Não se Aplica",X79=""),IF(OR(W79="Não se Aplica",W79=""),0,W79-V79),AVERAGE(X79-W79,W79-V79)),0),0) -> 0 | BA79: =IF(BB79="S",IF(AND(Q79="1. Aceitou o programa",AH79="Realizada"),IFERROR(IF(AG79="",0,AG79-R79),0),0),0) -> 0 | BB79: =_xlfn.XLOOKUP(U79,'Lista Suspensa'!$AA$20:$AA$23,'Lista Suspensa'!$AB$20:$AB$23,"N/A") -> S
A80: Fluxo Antigo | B80: 45292 | C80: Captação + Navegação | D80: CMDP Nutri - Rosangela Cristina Toni Dos Santos | E80: 94690308 | F80: TRACY DOS SANTOS PINTO HENRIQUES | H80: 34967 | I80: 30 | J80: F | O80: (21) 98063-4399 | P80: Equipe Emagrecimento | Q80: 1. Aceitou o programa | R80: 45867 | T80: Contato Com Sucesso | U80: Ativo | V80: 45867 | W80: Não se aplica | X80: Não se aplica | Y80: 29/04/2026 17:10:00 contato com sucesso em | Z80: Mounjaro, Bupropiona + Naltrexona | AA80: 92.5 | AB80: 1.6 | AC80: =SUM(AA80/(AB80^2)) -> 36.132812 | AD80: =IF(AC80<18.5,"ABAIXO DO PESO", (IF(AC80<=24.9,"PESO NORMAL", (IF(AC80<=29.9,"SOBREPESO", (IF(AC80<=34.9,"OBESIDADE I", (IF(AC80<=39.9,"OBESIDADE II", (IF(AC80<=999,"OBESIDADE III","VAZIO"))))))))))) -> OBESIDADE II | AE80: CMDP - Centro Médico Dom Pedro | AF80: Aguardando Agendamento | AL80: Linha de Intervenção I | AO80: =IF(R80="","",IF(R80>TODAY(),"0 meses",DATEDIF(R80,TODAY(),"m") & " meses")) -> 10 meses | AP80: Sim | AQ80: Sim | AS80: Emagrecimento | AT80: =MONTH(B80)&"/"&YEAR(B80) -> 1/2024 | AU80: =WEEKNUM(B80)-WEEKNUM(EOMONTH(B80,-1)+1)+1 -> 1 | AV80: =MONTH(R80)&"/"&YEAR(R80) -> 7/2025 | AW80: =WEEKNUM(R80)-WEEKNUM(EOMONTH(R80,-1)+1)+1 -> 5 | AX80: =IF(BB80="S",IF(Q80="1. Aceitou o programa",R80-B80,0),0) -> 575 | AY80: =IF(BB80="S",IF(AND(S80<>"",R80<>""),S80-R80,0),0) -> 0 | AZ80: =IF(BB80="S",IF(Q80="1. Aceitou o programa",IF(OR(X80="Não se Aplica",X80=""),IF(OR(W80="Não se Aplica",W80=""),0,W80-V80),AVERAGE(X80-W80,W80-V80)),0),0) -> 0 | BA80: =IF(BB80="S",IF(AND(Q80="1. Aceitou o programa",AH80="Realizada"),IFERROR(IF(AG80="",0,AG80-R80),0),0),0) -> 0 | BB80: =_xlfn.XLOOKUP(U80,'Lista Suspensa'!$AA$20:$AA$23,'Lista Suspensa'!$AB$20:$AB$23,"N/A") -> S
A81: Fluxo Antigo | B81: 45292 | C81: Captação + Navegação | D81: Outras Indicações Amil | E81: 92579391 | F81: FABYANE DE OLIVEIRA TEIXEIRA GARCIA | H81: 31806 | I81: 39 | J81: F | O81: (11) 94193-2110 | P81: Equipe Emagrecimento | Q81: 1. Aceitou o programa | R81: 45868 | T81: Contato Com Sucesso | U81: Ativo | V81: 45868 | W81: Não se aplica | X81: Não se aplica | Z81: Rybelsus | AA81: 79 | AB81: 1.61 | AC81: =SUM(AA81/(AB81^2)) -> 30.477219 | AD81: =IF(AC81<18.5,"ABAIXO DO PESO", (IF(AC81<=24.9,"PESO NORMAL", (IF(AC81<=29.9,"SOBREPESO", (IF(AC81<=34.9,"OBESIDADE I", (IF(AC81<=39.9,"OBESIDADE II", (IF(AC81<=999,"OBESIDADE III","VAZIO"))))))))))) -> OBESIDADE I | AE81: CMDP - Centro Médico Dom Pedro | AF81: Aguardando Agendamento | AL81: Linha de Intervenção I | AO81: =IF(R81="","",IF(R81>TODAY(),"0 meses",DATEDIF(R81,TODAY(),"m") & " meses")) -> 10 meses | AP81: Sim | AQ81: Sim | AS81: Emagrecimento | AT81: =MONTH(B81)&"/"&YEAR(B81) -> 1/2024 | AU81: =WEEKNUM(B81)-WEEKNUM(EOMONTH(B81,-1)+1)+1 -> 1 | AV81: =MONTH(R81)&"/"&YEAR(R81) -> 7/2025 | AW81: =WEEKNUM(R81)-WEEKNUM(EOMONTH(R81,-1)+1)+1 -> 5 | AX81: =IF(BB81="S",IF(Q81="1. Aceitou o programa",R81-B81,0),0) -> 576 | AY81: =IF(BB81="S",IF(AND(S81<>"",R81<>""),S81-R81,0),0) -> 0 | AZ81: =IF(BB81="S",IF(Q81="1. Aceitou o programa",IF(OR(X81="Não se Aplica",X81=""),IF(OR(W81="Não se Aplica",W81=""),0,W81-V81),AVERAGE(X81-W81,W81-V81)),0),0) -> 0 | BA81: =IF(BB81="S",IF(AND(Q81="1. Aceitou o programa",AH81="Realizada"),IFERROR(IF(AG81="",0,AG81-R81),0),0),0) -> 0 | BB81: =_xlfn.XLOOKUP(U81,'Lista Suspensa'!$AA$20:$AA$23,'Lista Suspensa'!$AB$20:$AB$23,"N/A") -> S
A82: Fluxo Antigo | B82: 45292 | C82: Captação + Navegação | D82: Captado pela Amil | E82: 93141394 | F82: TAIRINE DO NASCIMENTO ROCHA ALVES | H82: 33366 | I82: 35 | J82: F | O82: (11) 913535893 | P82: Equipe Emagrecimento | Q82: 1. Aceitou o programa | R82: 45868 | T82: Contato Com Sucesso | U82: Ativo | V82: 45868 | W82: Não se aplica | X82: Não se aplica | Z82: Não Utiliza | AA82: 132 | AB82: 1.7 | AC82: =SUM(AA82/(AB82^2)) -> 45.67474 | AD82: =IF(AC82<18.5,"ABAIXO DO PESO", (IF(AC82<=24.9,"PESO NORMAL", (IF(AC82<=29.9,"SOBREPESO", (IF(AC82<=34.9,"OBESIDADE I", (IF(AC82<=39.9,"OBESIDADE II", (IF(AC82<=999,"OBESIDADE III","VAZIO"))))))))))) -> OBESIDADE III | AE82: CMDP - Centro Médico Dom Pedro | AF82: Aguardando Agendamento | AL82: Pós-Bariátrico | AM82: Sim - Não Acompanhou Pré Operatório conosco | AN82: 45658 | AO82: =IF(R82="","",IF(R82>TODAY(),"0 meses",DATEDIF(R82,TODAY(),"m") & " meses")) -> 10 meses | AP82: Sim | AQ82: Sim | AS82: Emagrecimento | AT82: =MONTH(B82)&"/"&YEAR(B82) -> 1/2024 | AU82: =WEEKNUM(B82)-WEEKNUM(EOMONTH(B82,-1)+1)+1 -> 1 | AV82: =MONTH(R82)&"/"&YEAR(R82) -> 7/2025 | AW82: =WEEKNUM(R82)-WEEKNUM(EOMONTH(R82,-1)+1)+1 -> 5 | AX82: =IF(BB82="S",IF(Q82="1. Aceitou o programa",R82-B82,0),0) -> 576 | AY82: =IF(BB82="S",IF(AND(S82<>"",R82<>""),S82-R82,0),0) -> 0 | AZ82: =IF(BB82="S",IF(Q82="1. Aceitou o programa",IF(OR(X82="Não se Aplica",X82=""),IF(OR(W82="Não se Aplica",W82=""),0,W82-V82),AVERAGE(X82-W82,W82-V82)),0),0) -> 0 | BA82: =IF(BB82="S",IF(AND(Q82="1. Aceitou o programa",AH82="Realizada"),IFERROR(IF(AG82="",0,AG82-R82),0),0),0) -> 0 | BB82: =_xlfn.XLOOKUP(U82,'Lista Suspensa'!$AA$20:$AA$23,'Lista Suspensa'!$AB$20:$AB$23,"N/A") -> S
A83: Fluxo Antigo | B83: 45292 | C83: Captação + Navegação | D83: Equipe - Instituto Castro | E83: 93783214 | F83: RENATA GRAZIELA CALEGARI GOMES | H83: 27843 | I83: 50 | J83: F | K83: SP | O83: 11949773503 | P83: Equipe Emagrecimento | Q83: 1. Aceitou o programa | R83: 45869 | T83: Contato Com Sucesso | U83: Ativo | V83: 45869 | W83: Não se aplica | X83: Não se aplica | Z83: Rybelsus | AA83: 97 | AB83: 1.59 | AC83: =SUM(AA83/(AB83^2)) -> 38.368735 | AD83: =IF(AC83<18.5,"ABAIXO DO PESO", (IF(AC83<=24.9,"PESO NORMAL", (IF(AC83<=29.9,"SOBREPESO", (IF(AC83<=34.9,"OBESIDADE I", (IF(AC83<=39.9,"OBESIDADE II", (IF(AC83<=999,"OBESIDADE III","VAZIO"))))))))))) -> OBESIDADE II | AE83: CMDP - Centro Médico Dom Pedro | AF83: Aguardando Agendamento | AL83: Linha de Intervenção II | AO83: =IF(R83="","",IF(R83>TODAY(),"0 meses",DATEDIF(R83,TODAY(),"m") & " meses")) -> 10 meses | AP83: Sim | AQ83: Sim | AS83: Emagrecimento | AT83: =MONTH(B83)&"/"&YEAR(B83) -> 1/2024 | AU83: =WEEKNUM(B83)-WEEKNUM(EOMONTH(B83,-1)+1)+1 -> 1 | AV83: =MONTH(R83)&"/"&YEAR(R83) -> 7/2025 | AW83: =WEEKNUM(R83)-WEEKNUM(EOMONTH(R83,-1)+1)+1 -> 5 | AX83: =IF(BB83="S",IF(Q83="1. Aceitou o programa",R83-B83,0),0) -> 577 | AY83: =IF(BB83="S",IF(AND(S83<>"",R83<>""),S83-R83,0),0) -> 0 | AZ83: =IF(BB83="S",IF(Q83="1. Aceitou o programa",IF(OR(X83="Não se Aplica",X83=""),IF(OR(W83="Não se Aplica",W83=""),0,W83-V83),AVERAGE(X83-W83,W83-V83)),0),0) -> 0 | BA83: =IF(BB83="S",IF(AND(Q83="1. Aceitou o programa",AH83="Realizada"),IFERROR(IF(AG83="",0,AG83-R83),0),0),0) -> 0 | BB83: =_xlfn.XLOOKUP(U83,'Lista Suspensa'!$AA$20:$AA$23,'Lista Suspensa'!$AB$20:$AB$23,"N/A") -> S
A84: Fluxo Antigo | B84: 45292 | C84: Captação + Navegação | D84: Captado pela Amil | E84: 89676334 | F84: ANA PAULA NASCIMENTO FERREIRA DIAS | H84: 28690 | I84: 47 | J84: F | K84: RJ | O84: (21) 996805667 | P84: Equipe Emagrecimento | Q84: 1. Aceitou o programa | R84: 45870 | T84: Contato Com Sucesso | U84: Ativo | V84: 45870 | W84: Não se aplica | X84: Não se aplica | Z84: Não Utiliza | AA84: 85 | AB84: 1.66 | AC84: =SUM(AA84/(AB84^2)) -> 30.846277 | AD84: =IF(AC84<18.5,"ABAIXO DO PESO", (IF(AC84<=24.9,"PESO NORMAL", (IF(AC84<=29.9,"SOBREPESO", (IF(AC84<=34.9,"OBESIDADE I", (IF(AC84<=39.9,"OBESIDADE II", (IF(AC84<=999,"OBESIDADE III","VAZIO"))))))))))) -> OBESIDADE I | AE84: CMDP - Centro Médico Dom Pedro | AF84: Aguardando Agendamento | AL84: Pós-Bariátrico | AM84: Sim - Não Acompanhou Pré Operatório conosco | AN84: 45793 | AO84: =IF(R84="","",IF(R84>TODAY(),"0 meses",DATEDIF(R84,TODAY(),"m") & " meses")) -> 10 meses | AP84: Sim | AQ84: Sim | AS84: Emagrecimento | AT84: =MONTH(B84)&"/"&YEAR(B84) -> 1/2024 | AU84: =WEEKNUM(B84)-WEEKNUM(EOMONTH(B84,-1)+1)+1 -> 1 | AV84: =MONTH(R84)&"/"&YEAR(R84) -> 8/2025 | AW84: =WEEKNUM(R84)-WEEKNUM(EOMONTH(R84,-1)+1)+1 -> 1 | AX84: =IF(BB84="S",IF(Q84="1. Aceitou o programa",R84-B84,0),0) -> 578 | AY84: =IF(BB84="S",IF(AND(S84<>"",R84<>""),S84-R84,0),0) -> 0 | AZ84: =IF(BB84="S",IF(Q84="1. Aceitou o programa",IF(OR(X84="Não se Aplica",X84=""),IF(OR(W84="Não se Aplica",W84=""),0,W84-V84),AVERAGE(X84-W84,W84-V84)),0),0) -> 0 | BA84: =IF(BB84="S",IF(AND(Q84="1. Aceitou o programa",AH84="Realizada"),IFERROR(IF(AG84="",0,AG84-R84),0),0),0) -> 0 | BB84: =_xlfn.XLOOKUP(U84,'Lista Suspensa'!$AA$20:$AA$23,'Lista Suspensa'!$AB$20:$AB$23,"N/A") -> S
A85: Fluxo Antigo | B85: 45292 | C85: Captação + Navegação | D85: Captado pela Amil | E85: 883651980 | F85: WESLEY HESKETH BRITO | H85: 30128 | I85: 43 | J85: M | K85: RJ | O85: (21) 991676663 | P85: Equipe Emagrecimento | Q85: 1. Aceitou o programa | R85: 45870 | T85: Contato Com Sucesso | U85: Ativo | V85: 45870 | W85: Não se aplica | X85: Não se aplica | Z85: Não Utiliza | AA85: 130 | AB85: 1.79 | AC85: =SUM(AA85/(AB85^2)) -> 40.573016 | AD85: =IF(AC85<18.5,"ABAIXO DO PESO", (IF(AC85<=24.9,"PESO NORMAL", (IF(AC85<=29.9,"SOBREPESO", (IF(AC85<=34.9,"OBESIDADE I", (IF(AC85<=39.9,"OBESIDADE II", (IF(AC85<=999,"OBESIDADE III","VAZIO"))))))))))) -> OBESIDADE III | AE85: CMDP - Centro Médico Dom Pedro | AF85: Aguardando Agendamento | AL85: Linha de Intervenção II | AO85: =IF(R85="","",IF(R85>TODAY(),"0 meses",DATEDIF(R85,TODAY(),"m") & " meses")) -> 10 meses | AP85: Sim | AQ85: Sim | AS85: Emagrecimento | AT85: =MONTH(B85)&"/"&YEAR(B85) -> 1/2024 | AU85: =WEEKNUM(B85)-WEEKNUM(EOMONTH(B85,-1)+1)+1 -> 1 | AV85: =MONTH(R85)&"/"&YEAR(R85) -> 8/2025 | AW85: =WEEKNUM(R85)-WEEKNUM(EOMONTH(R85,-1)+1)+1 -> 1 | AX85: =IF(BB85="S",IF(Q85="1. Aceitou o programa",R85-B85,0),0) -> 578 | AY85: =IF(BB85="S",IF(AND(S85<>"",R85<>""),S85-R85,0),0) -> 0 | AZ85: =IF(BB85="S",IF(Q85="1. Aceitou o programa",IF(OR(X85="Não se Aplica",X85=""),IF(OR(W85="Não se Aplica",W85=""),0,W85-V85),AVERAGE(X85-W85,W85-V85)),0),0) -> 0 | BA85: =IF(BB85="S",IF(AND(Q85="1. Aceitou o programa",AH85="Realizada"),IFERROR(IF(AG85="",0,AG85-R85),0),0),0) -> 0 | BB85: =_xlfn.XLOOKUP(U85,'Lista Suspensa'!$AA$20:$AA$23,'Lista Suspensa'!$AB$20:$AB$23,"N/A") -> S
A86: Fluxo Antigo | B86: 45292 | C86: Captação + Navegação | D86: CMDP - Busca Ativa do Paciente | E86: 93930471 | F86: HALINY NUNES DA SILVA | H86: 33262 | I86: 35 | J86: F | O86: (11) 99190-1601 | P86: Equipe Emagrecimento | Q86: 1. Aceitou o programa | R86: 45870 | T86: Contato Com Sucesso | U86: Ativo | V86: 45870 | W86: Não se aplica | X86: Não se aplica | Z86: Rybelsus | AA86: 96 | AB86: 1.6 | AC86: =SUM(AA86/(AB86^2)) -> 37.5 | AD86: =IF(AC86<18.5,"ABAIXO DO PESO", (IF(AC86<=24.9,"PESO NORMAL", (IF(AC86<=29.9,"SOBREPESO", (IF(AC86<=34.9,"OBESIDADE I", (IF(AC86<=39.9,"OBESIDADE II", (IF(AC86<=999,"OBESIDADE III","VAZIO"))))))))))) -> OBESIDADE II | AE86: CMDP - Centro Médico Dom Pedro | AF86: Aguardando Agendamento | AL86: Linha de Intervenção II | AO86: =IF(R86="","",IF(R86>TODAY(),"0 meses",DATEDIF(R86,TODAY(),"m") & " meses")) -> 10 meses | AP86: Sim | AQ86: Sim | AS86: Emagrecimento | AT86: =MONTH(B86)&"/"&YEAR(B86) -> 1/2024 | AU86: =WEEKNUM(B86)-WEEKNUM(EOMONTH(B86,-1)+1)+1 -> 1 | AV86: =MONTH(R86)&"/"&YEAR(R86) -> 8/2025 | AW86: =WEEKNUM(R86)-WEEKNUM(EOMONTH(R86,-1)+1)+1 -> 1 | AX86: =IF(BB86="S",IF(Q86="1. Aceitou o programa",R86-B86,0),0) -> 578 | AY86: =IF(BB86="S",IF(AND(S86<>"",R86<>""),S86-R86,0),0) -> 0 | AZ86: =IF(BB86="S",IF(Q86="1. Aceitou o programa",IF(OR(X86="Não se Aplica",X86=""),IF(OR(W86="Não se Aplica",W86=""),0,W86-V86),AVERAGE(X86-W86,W86-V86)),0),0) -> 0 | BA86: =IF(BB86="S",IF(AND(Q86="1. Aceitou o programa",AH86="Realizada"),IFERROR(IF(AG86="",0,AG86-R86),0),0),0) -> 0 | BB86: =_xlfn.XLOOKUP(U86,'Lista Suspensa'!$AA$20:$AA$23,'Lista Suspensa'!$AB$20:$AB$23,"N/A") -> S
A87: Fluxo Antigo | B87: 45292 | C87: Navegação | D87: Equipe - Dr. Luiz Alfredo | E87: 89903147 | F87: AGATHA DA SILVA GOMES | H87: 36364 | I87: 26 | J87: F | O87: 21 99458-2774 | P87: Equipe Emagrecimento | Q87: 1. Aceitou o programa | R87: 45870 | T87: Contato Com Sucesso | U87: Ativo | V87: 45870 | W87: Não se aplica | X87: Não se aplica | Z87: Rybelsus | AA87: 140 | AB87: 1.67 | AC87: =SUM(AA87/(AB87^2)) -> 50.199003 | AD87: =IF(AC87<18.5,"ABAIXO DO PESO", (IF(AC87<=24.9,"PESO NORMAL", (IF(AC87<=29.9,"SOBREPESO", (IF(AC87<=34.9,"OBESIDADE I", (IF(AC87<=39.9,"OBESIDADE II", (IF(AC87<=999,"OBESIDADE III","VAZIO"))))))))))) -> OBESIDADE III | AE87: ASM - Hospital Américas - Ambulatório | AF87: Aguardando Agendamento | AL87: Pós-Bariátrico | AM87: Sim - Acompanhou Pré Operatório conosco | AN87: Sem dados | AO87: =IF(R87="","",IF(R87>TODAY(),"0 meses",DATEDIF(R87,TODAY(),"m") & " meses")) -> 10 meses | AP87: Sim | AQ87: Sim | AS87: Emagrecimento | AT87: =MONTH(B87)&"/"&YEAR(B87) -> 1/2024 | AU87: =WEEKNUM(B87)-WEEKNUM(EOMONTH(B87,-1)+1)+1 -> 1 | AV87: =MONTH(R87)&"/"&YEAR(R87) -> 8/2025 | AW87: =WEEKNUM(R87)-WEEKNUM(EOMONTH(R87,-1)+1)+1 -> 1 | AX87: =IF(BB87="S",IF(Q87="1. Aceitou o programa",R87-B87,0),0) -> 578 | AY87: =IF(BB87="S",IF(AND(S87<>"",R87<>""),S87-R87,0),0) -> 0 | AZ87: =IF(BB87="S",IF(Q87="1. Aceitou o programa",IF(OR(X87="Não se Aplica",X87=""),IF(OR(W87="Não se Aplica",W87=""),0,W87-V87),AVERAGE(X87-W87,W87-V87)),0),0) -> 0 | BA87: =IF(BB87="S",IF(AND(Q87="1. Aceitou o programa",AH87="Realizada"),IFERROR(IF(AG87="",0,AG87-R87),0),0),0) -> 0 | BB87: =_xlfn.XLOOKUP(U87,'Lista Suspensa'!$AA$20:$AA$23,'Lista Suspensa'!$AB$20:$AB$23,"N/A") -> S
A88: Fluxo Antigo | B88: 45292 | C88: Captação + Navegação | D88: Equipe - Instituto Castro | E88: 85849049 | F88: TATIANE DE FATIMA LOPES VIEIRA | H88: 30449 | I88: 43 | J88: F | O88: (11) 947478315 | P88: Equipe Emagrecimento | Q88: 1. Aceitou o programa | R88: 45874 | T88: Contato Com Sucesso | U88: Ativo | V88: 45874 | W88: Não se aplica | X88: Não se aplica | Z88: Não Utiliza | AA88: 125 | AB88: 1.57 | AC88: =SUM(AA88/(AB88^2)) -> 50.711996 | AD88: =IF(AC88<18.5,"ABAIXO DO PESO", (IF(AC88<=24.9,"PESO NORMAL", (IF(AC88<=29.9,"SOBREPESO", (IF(AC88<=34.9,"OBESIDADE I", (IF(AC88<=39.9,"OBESIDADE II", (IF(AC88<=999,"OBESIDADE III","VAZIO"))))))))))) -> OBESIDADE III | AE88: CMDP - Centro Médico Dom Pedro | AF88: Aguardando Agendamento | AL88: Pós-Bariátrico | AM88: Sim - Não Acompanhou Pré Operatório conosco | AN88: 45870 | AO88: =IF(R88="","",IF(R88>TODAY(),"0 meses",DATEDIF(R88,TODAY(),"m") & " meses")) -> 10 meses | AP88: Sim | AQ88: Sim | AS88: Emagrecimento | AT88: =MONTH(B88)&"/"&YEAR(B88) -> 1/2024 | AU88: =WEEKNUM(B88)-WEEKNUM(EOMONTH(B88,-1)+1)+1 -> 1 | AV88: =MONTH(R88)&"/"&YEAR(R88) -> 8/2025 | AW88: =WEEKNUM(R88)-WEEKNUM(EOMONTH(R88,-1)+1)+1 -> 2 | AX88: =IF(BB88="S",IF(Q88="1. Aceitou o programa",R88-B88,0),0) -> 582 | AY88: =IF(BB88="S",IF(AND(S88<>"",R88<>""),S88-R88,0),0) -> 0 | AZ88: =IF(BB88="S",IF(Q88="1. Aceitou o programa",IF(OR(X88="Não se Aplica",X88=""),IF(OR(W88="Não se Aplica",W88=""),0,W88-V88),AVERAGE(X88-W88,W88-V88)),0),0) -> 0 | BA88: =IF(BB88="S",IF(AND(Q88="1. Aceitou o programa",AH88="Realizada"),IFERROR(IF(AG88="",0,AG88-R88),0),0),0) -> 0 | BB88: =_xlfn.XLOOKUP(U88,'Lista Suspensa'!$AA$20:$AA$23,'Lista Suspensa'!$AB$20:$AB$23,"N/A") -> S
A89: Fluxo Antigo | B89: 45292 | C89: Captação + Navegação | D89: CMDP - Busca Ativa do Paciente | E89: 94188363 | F89: LILIAN HOLANDA BEZERRA DE SA | H89: 31379 | I89: 40 | J89: F | K89: SP | O89: 55 11 94737-7716 | P89: Equipe Emagrecimento | Q89: 1. Aceitou o programa | R89: 45876 | T89: Contato Com Sucesso | U89: Ativo | V89: 45876 | W89: Não se aplica | X89: Não se aplica | Z89: Rybelsus | AA89: 107 | AB89: 1.64 | AC89: =SUM(AA89/(AB89^2)) -> 39.782867 | AD89: =IF(AC89<18.5,"ABAIXO DO PESO", (IF(AC89<=24.9,"PESO NORMAL", (IF(AC89<=29.9,"SOBREPESO", (IF(AC89<=34.9,"OBESIDADE I", (IF(AC89<=39.9,"OBESIDADE II", (IF(AC89<=999,"OBESIDADE III","VAZIO"))))))))))) -> OBESIDADE II | AE89: CMDP - Centro Médico Dom Pedro | AF89: Aguardando Agendamento | AL89: Linha de Intervenção II | AO89: =IF(R89="","",IF(R89>TODAY(),"0 meses",DATEDIF(R89,TODAY(),"m") & " meses")) -> 10 meses | AP89: Sim | AQ89: Sim | AS89: Emagrecimento | AT89: =MONTH(B89)&"/"&YEAR(B89) -> 1/2024 | AU89: =WEEKNUM(B89)-WEEKNUM(EOMONTH(B89,-1)+1)+1 -> 1 | AV89: =MONTH(R89)&"/"&YEAR(R89) -> 8/2025 | AW89: =WEEKNUM(R89)-WEEKNUM(EOMONTH(R89,-1)+1)+1 -> 2 | AX89: =IF(BB89="S",IF(Q89="1. Aceitou o programa",R89-B89,0),0) -> 584 | AY89: =IF(BB89="S",IF(AND(S89<>"",R89<>""),S89-R89,0),0) -> 0 | AZ89: =IF(BB89="S",IF(Q89="1. Aceitou o programa",IF(OR(X89="Não se Aplica",X89=""),IF(OR(W89="Não se Aplica",W89=""),0,W89-V89),AVERAGE(X89-W89,W89-V89)),0),0) -> 0 | BA89: =IF(BB89="S",IF(AND(Q89="1. Aceitou o programa",AH89="Realizada"),IFERROR(IF(AG89="",0,AG89-R89),0),0),0) -> 0 | BB89: =_xlfn.XLOOKUP(U89,'Lista Suspensa'!$AA$20:$AA$23,'Lista Suspensa'!$AB$20:$AB$23,"N/A") -> S
A90: Fluxo Antigo | B90: 45292 | C90: Captação + Navegação | D90: Captado pela Amil | E90: 86461400 | F90: VALERIA CAZELOTO SOTO | H90: 28710 | I90: 47 | J90: F | O90: (11) 98218-3505 | P90: Equipe Emagrecimento | Q90: 1. Aceitou o programa | R90: 45876 | T90: Contato Com Sucesso | U90: Ativo | V90: 45876 | W90: Não se aplica | X90: Não se aplica | Z90: Rybelsus | AA90: 100 | AB90: 1.65 | AC90: =SUM(AA90/(AB90^2)) -> 36.730946 | AD90: =IF(AC90<18.5,"ABAIXO DO PESO", (IF(AC90<=24.9,"PESO NORMAL", (IF(AC90<=29.9,"SOBREPESO", (IF(AC90<=34.9,"OBESIDADE I", (IF(AC90<=39.9,"OBESIDADE II", (IF(AC90<=999,"OBESIDADE III","VAZIO"))))))))))) -> OBESIDADE II | AE90: CMDP - Centro Médico Dom Pedro | AF90: Aguardando Agendamento | AL90: Linha de Intervenção II | AO90: =IF(R90="","",IF(R90>TODAY(),"0 meses",DATEDIF(R90,TODAY(),"m") & " meses")) -> 10 meses | AP90: Sim | AQ90: Sim | AS90: Emagrecimento | AT90: =MONTH(B90)&"/"&YEAR(B90) -> 1/2024 | AU90: =WEEKNUM(B90)-WEEKNUM(EOMONTH(B90,-1)+1)+1 -> 1 | AV90: =MONTH(R90)&"/"&YEAR(R90) -> 8/2025 | AW90: =WEEKNUM(R90)-WEEKNUM(EOMONTH(R90,-1)+1)+1 -> 2 | AX90: =IF(BB90="S",IF(Q90="1. Aceitou o programa",R90-B90,0),0) -> 584 | AY90: =IF(BB90="S",IF(AND(S90<>"",R90<>""),S90-R90,0),0) -> 0 | AZ90: =IF(BB90="S",IF(Q90="1. Aceitou o programa",IF(OR(X90="Não se Aplica",X90=""),IF(OR(W90="Não se Aplica",W90=""),0,W90-V90),AVERAGE(X90-W90,W90-V90)),0),0) -> 0 | BA90: =IF(BB90="S",IF(AND(Q90="1. Aceitou o programa",AH90="Realizada"),IFERROR(IF(AG90="",0,AG90-R90),0),0),0) -> 0 | BB90: =_xlfn.XLOOKUP(U90,'Lista Suspensa'!$AA$20:$AA$23,'Lista Suspensa'!$AB$20:$AB$23,"N/A") -> S
A91: Fluxo Antigo | B91: 45292 | C91: Captação + Navegação | D91: CMDP Nutri - Helena Guazzelli | E91: 87283358 | F91: MATHEUS HENRIQUE BENTO DE OLIVEIRA | H91: 34830 | I91: 31 | J91: M | O91: 27996992520 | P91: Equipe Emagrecimento | Q91: 1. Aceitou o programa | R91: 45876 | T91: Contato Com Sucesso | U91: Ativo | V91: 45876 | W91: Não se aplica | X91: Não se aplica | Z91: Rybelsus | AA91: 156.1 | AB91: 1.7 | AC91: =SUM(AA91/(AB91^2)) -> 54.013841 | AD91: =IF(AC91<18.5,"ABAIXO DO PESO", (IF(AC91<=24.9,"PESO NORMAL", (IF(AC91<=29.9,"SOBREPESO", (IF(AC91<=34.9,"OBESIDADE I", (IF(AC91<=39.9,"OBESIDADE II", (IF(AC91<=999,"OBESIDADE III","VAZIO"))))))))))) -> OBESIDADE III | AE91: CMDP - Centro Médico Dom Pedro | AF91: Aguardando Agendamento | AL91: Critério de Grade Especial | AO91: =IF(R91="","",IF(R91>TODAY(),"0 meses",DATEDIF(R91,TODAY(),"m") & " meses")) -> 10 meses | AP91: Sim | AQ91: Sim | AS91: Emagrecimento | AT91: =MONTH(B91)&"/"&YEAR(B91) -> 1/2024 | AU91: =WEEKNUM(B91)-WEEKNUM(EOMONTH(B91,-1)+1)+1 -> 1 | AV91: =MONTH(R91)&"/"&YEAR(R91) -> 8/2025 | AW91: =WEEKNUM(R91)-WEEKNUM(EOMONTH(R91,-1)+1)+1 -> 2 | AX91: =IF(BB91="S",IF(Q91="1. Aceitou o programa",R91-B91,0),0) -> 584 | AY91: =IF(BB91="S",IF(AND(S91<>"",R91<>""),S91-R91,0),0) -> 0 | AZ91: =IF(BB91="S",IF(Q91="1. Aceitou o programa",IF(OR(X91="Não se Aplica",X91=""),IF(OR(W91="Não se Aplica",W91=""),0,W91-V91),AVERAGE(X91-W91,W91-V91)),0),0) -> 0 | BA91: =IF(BB91="S",IF(AND(Q91="1. Aceitou o programa",AH91="Realizada"),IFERROR(IF(AG91="",0,AG91-R91),0),0),0) -> 0 | BB91: =_xlfn.XLOOKUP(U91,'Lista Suspensa'!$AA$20:$AA$23,'Lista Suspensa'!$AB$20:$AB$23,"N/A") -> S
A92: Fluxo Antigo | B92: 45292 | C92: Captação + Navegação | D92: Equipe - Dr. Michel Menezes | E92: 94245880 | F92: ANA CAROLINA SAMPAIO FREITAS | H92: 30012 | I92: 44 | J92: F | K92: RJ | O92: (21) 979350000 | P92: Equipe Emagrecimento | Q92: 1. Aceitou o programa | R92: 45877 | T92: Contato Com Sucesso | U92: Ativo | V92: 45877 | W92: Não se aplica | X92: Não se aplica | Z92: Não Utiliza | AA92: 107 | AB92: 1.68 | AC92: =SUM(AA92/(AB92^2)) -> 37.910998 | AD92: =IF(AC92<18.5,"ABAIXO DO PESO", (IF(AC92<=24.9,"PESO NORMAL", (IF(AC92<=29.9,"SOBREPESO", (IF(AC92<=34.9,"OBESIDADE I", (IF(AC92<=39.9,"OBESIDADE II", (IF(AC92<=999,"OBESIDADE III","VAZIO"))))))))))) -> OBESIDADE II | AE92: CMDP - Centro Médico Dom Pedro | AF92: Aguardando Agendamento | AL92: Pós-Bariátrico | AM92: Sim - Acompanhou Pré Operatório conosco | AN92: Sem dados | AO92: =IF(R92="","",IF(R92>TODAY(),"0 meses",DATEDIF(R92,TODAY(),"m") & " meses")) -> 10 meses | AP92: Sim | AQ92: Sim | AS92: Emagrecimento | AT92: =MONTH(B92)&"/"&YEAR(B92) -> 1/2024 | AU92: =WEEKNUM(B92)-WEEKNUM(EOMONTH(B92,-1)+1)+1 -> 1 | AV92: =MONTH(R92)&"/"&YEAR(R92) -> 8/2025 | AW92: =WEEKNUM(R92)-WEEKNUM(EOMONTH(R92,-1)+1)+1 -> 2 | AX92: =IF(BB92="S",IF(Q92="1. Aceitou o programa",R92-B92,0),0) -> 585 | AY92: =IF(BB92="S",IF(AND(S92<>"",R92<>""),S92-R92,0),0) -> 0 | AZ92: =IF(BB92="S",IF(Q92="1. Aceitou o programa",IF(OR(X92="Não se Aplica",X92=""),IF(OR(W92="Não se Aplica",W92=""),0,W92-V92),AVERAGE(X92-W92,W92-V92)),0),0) -> 0 | BA92: =IF(BB92="S",IF(AND(Q92="1. Aceitou o programa",AH92="Realizada"),IFERROR(IF(AG92="",0,AG92-R92),0),0),0) -> 0 | BB92: =_xlfn.XLOOKUP(U92,'Lista Suspensa'!$AA$20:$AA$23,'Lista Suspensa'!$AB$20:$AB$23,"N/A") -> S
A93: Fluxo Antigo | B93: 45292 | C93: Captação + Navegação | D93: Captado pela Amil | E93: 94551242 | F93: SOLANGE APARECIDA GIRONDA NOGUEIRA | H93: 22719 | I93: 64 | J93: F | K93: SP | O93: (11) 996072917 | P93: Equipe Emagrecimento | Q93: 1. Aceitou o programa | R93: 45877 | T93: Contato Com Sucesso | U93: Ativo | V93: 45877 | W93: Não se aplica | X93: Não se aplica | Z93: Não Utiliza | AA93: 82 | AB93: 1.65 | AC93: =SUM(AA93/(AB93^2)) -> 30.119376 | AD93: =IF(AC93<18.5,"ABAIXO DO PESO", (IF(AC93<=24.9,"PESO NORMAL", (IF(AC93<=29.9,"SOBREPESO", (IF(AC93<=34.9,"OBESIDADE I", (IF(AC93<=39.9,"OBESIDADE II", (IF(AC93<=999,"OBESIDADE III","VAZIO"))))))))))) -> OBESIDADE I | AE93: CMDP - Centro Médico Dom Pedro | AF93: Aguardando Agendamento | AL93: Linha de Intervenção II | AO93: =IF(R93="","",IF(R93>TODAY(),"0 meses",DATEDIF(R93,TODAY(),"m") & " meses")) -> 10 meses | AP93: Sim | AQ93: Sim | AS93: Emagrecimento | AT93: =MONTH(B93)&"/"&YEAR(B93) -> 1/2024 | AU93: =WEEKNUM(B93)-WEEKNUM(EOMONTH(B93,-1)+1)+1 -> 1 | AV93: =MONTH(R93)&"/"&YEAR(R93) -> 8/2025 | AW93: =WEEKNUM(R93)-WEEKNUM(EOMONTH(R93,-1)+1)+1 -> 2 | AX93: =IF(BB93="S",IF(Q93="1. Aceitou o programa",R93-B93,0),0) -> 585 | AY93: =IF(BB93="S",IF(AND(S93<>"",R93<>""),S93-R93,0),0) -> 0 | AZ93: =IF(BB93="S",IF(Q93="1. Aceitou o programa",IF(OR(X93="Não se Aplica",X93=""),IF(OR(W93="Não se Aplica",W93=""),0,W93-V93),AVERAGE(X93-W93,W93-V93)),0),0) -> 0 | BA93: =IF(BB93="S",IF(AND(Q93="1. Aceitou o programa",AH93="Realizada"),IFERROR(IF(AG93="",0,AG93-R93),0),0),0) -> 0 | BB93: =_xlfn.XLOOKUP(U93,'Lista Suspensa'!$AA$20:$AA$23,'Lista Suspensa'!$AB$20:$AB$23,"N/A") -> S
A94: Fluxo Antigo | B94: 45292 | C94: Captação + Navegação | D94: Captado pela Amil | E94: 94519615 | F94: MUNIRA ROBBI PEREIRA | H94: 33125 | I94: 35 | J94: F | K94: SP | O94: (11) 98785-1608 | P94: Equipe Emagrecimento | Q94: 1. Aceitou o programa | R94: 45877 | T94: Contato Com Sucesso | U94: Ativo | V94: 45877 | W94: Não se aplica | X94: Não se aplica | Z94: Não Utiliza | AA94: 75 | AB94: 1.62 | AC94: =SUM(AA94/(AB94^2)) -> 28.577961 | AD94: =IF(AC94<18.5,"ABAIXO DO PESO", (IF(AC94<=24.9,"PESO NORMAL", (IF(AC94<=29.9,"SOBREPESO", (IF(AC94<=34.9,"OBESIDADE I", (IF(AC94<=39.9,"OBESIDADE II", (IF(AC94<=999,"OBESIDADE III","VAZIO"))))))))))) -> SOBREPESO | AE94: CMDP - Centro Médico Dom Pedro | AF94: Aguardando Agendamento | AL94: Linha de Intervenção II | AO94: =IF(R94="","",IF(R94>TODAY(),"0 meses",DATEDIF(R94,TODAY(),"m") & " meses")) -> 10 meses | AP94: Sim | AQ94: Sim | AS94: Emagrecimento | AT94: =MONTH(B94)&"/"&YEAR(B94) -> 1/2024 | AU94: =WEEKNUM(B94)-WEEKNUM(EOMONTH(B94,-1)+1)+1 -> 1 | AV94: =MONTH(R94)&"/"&YEAR(R94) -> 8/2025 | AW94: =WEEKNUM(R94)-WEEKNUM(EOMONTH(R94,-1)+1)+1 -> 2 | AX94: =IF(BB94="S",IF(Q94="1. Aceitou o programa",R94-B94,0),0) -> 585 | AY94: =IF(BB94="S",IF(AND(S94<>"",R94<>""),S94-R94,0),0) -> 0 | AZ94: =IF(BB94="S",IF(Q94="1. Aceitou o programa",IF(OR(X94="Não se Aplica",X94=""),IF(OR(W94="Não se Aplica",W94=""),0,W94-V94),AVERAGE(X94-W94,W94-V94)),0),0) -> 0 | BA94: =IF(BB94="S",IF(AND(Q94="1. Aceitou o programa",AH94="Realizada"),IFERROR(IF(AG94="",0,AG94-R94),0),0),0) -> 0 | BB94: =_xlfn.XLOOKUP(U94,'Lista Suspensa'!$AA$20:$AA$23,'Lista Suspensa'!$AB$20:$AB$23,"N/A") -> S
A95: Fluxo Antigo | B95: 45292 | C95: Captação + Navegação | D95: Equipe - Clínica Sallet | E95: 78911167 | F95: SANDRA CASSIA ENCINAS CHELI | H95: 25555 | I95: 56 | J95: F | O95: (11) 98058-5045 | P95: Equipe Emagrecimento | Q95: 1. Aceitou o programa | R95: 45877 | T95: Contato Com Sucesso | U95: Ativo | V95: 45877 | W95: Não se aplica | X95: Não se aplica | Y95: 05/03/2026 18:00:00 contato com sucesso em | Z95: Não Utiliza | AA95: 134 | AB95: 1.8 | AC95: =SUM(AA95/(AB95^2)) -> 41.358025 | AD95: =IF(AC95<18.5,"ABAIXO DO PESO", (IF(AC95<=24.9,"PESO NORMAL", (IF(AC95<=29.9,"SOBREPESO", (IF(AC95<=34.9,"OBESIDADE I", (IF(AC95<=39.9,"OBESIDADE II", (IF(AC95<=999,"OBESIDADE III","VAZIO"))))))))))) -> OBESIDADE III | AE95: CMDP - Centro Médico Dom Pedro | AF95: Aguardando Agendamento | AL95: Linha de Intervenção II | AO95: =IF(R95="","",IF(R95>TODAY(),"0 meses",DATEDIF(R95,TODAY(),"m") & " meses")) -> 10 meses | AP95: Sim | AQ95: Sim | AS95: Emagrecimento | AT95: =MONTH(B95)&"/"&YEAR(B95) -> 1/2024 | AU95: =WEEKNUM(B95)-WEEKNUM(EOMONTH(B95,-1)+1)+1 -> 1 | AV95: =MONTH(R95)&"/"&YEAR(R95) -> 8/2025 | AW95: =WEEKNUM(R95)-WEEKNUM(EOMONTH(R95,-1)+1)+1 -> 2 | AX95: =IF(BB95="S",IF(Q95="1. Aceitou o programa",R95-B95,0),0) -> 585 | AY95: =IF(BB95="S",IF(AND(S95<>"",R95<>""),S95-R95,0),0) -> 0 | AZ95: =IF(BB95="S",IF(Q95="1. Aceitou o programa",IF(OR(X95="Não se Aplica",X95=""),IF(OR(W95="Não se Aplica",W95=""),0,W95-V95),AVERAGE(X95-W95,W95-V95)),0),0) -> 0 | BA95: =IF(BB95="S",IF(AND(Q95="1. Aceitou o programa",AH95="Realizada"),IFERROR(IF(AG95="",0,AG95-R95),0),0),0) -> 0 | BB95: =_xlfn.XLOOKUP(U95,'Lista Suspensa'!$AA$20:$AA$23,'Lista Suspensa'!$AB$20:$AB$23,"N/A") -> S
A96: Fluxo Antigo | B96: 45292 | C96: Captação + Navegação | D96: Captado pela Amil | E96: 86151557 | F96: IVANI MARIA DE SANTANA | H96: 30084 | I96: 44 | J96: F | O96: (11) 974665369 | P96: Equipe Emagrecimento | Q96: 1. Aceitou o programa | R96: 45877 | T96: Contato Com Sucesso | U96: Ativo | V96: 45877 | W96: Não se aplica | X96: Não se aplica | Z96: Mounjaro | AA96: 94 | AB96: 1.69 | AC96: =SUM(AA96/(AB96^2)) -> 32.912013 | AD96: =IF(AC96<18.5,"ABAIXO DO PESO", (IF(AC96<=24.9,"PESO NORMAL", (IF(AC96<=29.9,"SOBREPESO", (IF(AC96<=34.9,"OBESIDADE I", (IF(AC96<=39.9,"OBESIDADE II", (IF(AC96<=999,"OBESIDADE III","VAZIO"))))))))))) -> OBESIDADE I | AE96: CMDP - Centro Médico Dom Pedro | AF96: Aguardando Agendamento | AL96: Linha de Intervenção II | AO96: =IF(R96="","",IF(R96>TODAY(),"0 meses",DATEDIF(R96,TODAY(),"m") & " meses")) -> 10 meses | AP96: Sim | AQ96: Sim | AS96: Emagrecimento | AT96: =MONTH(B96)&"/"&YEAR(B96) -> 1/2024 | AU96: =WEEKNUM(B96)-WEEKNUM(EOMONTH(B96,-1)+1)+1 -> 1 | AV96: =MONTH(R96)&"/"&YEAR(R96) -> 8/2025 | AW96: =WEEKNUM(R96)-WEEKNUM(EOMONTH(R96,-1)+1)+1 -> 2 | AX96: =IF(BB96="S",IF(Q96="1. Aceitou o programa",R96-B96,0),0) -> 585 | AY96: =IF(BB96="S",IF(AND(S96<>"",R96<>""),S96-R96,0),0) -> 0 | AZ96: =IF(BB96="S",IF(Q96="1. Aceitou o programa",IF(OR(X96="Não se Aplica",X96=""),IF(OR(W96="Não se Aplica",W96=""),0,W96-V96),AVERAGE(X96-W96,W96-V96)),0),0) -> 0 | BA96: =IF(BB96="S",IF(AND(Q96="1. Aceitou o programa",AH96="Realizada"),IFERROR(IF(AG96="",0,AG96-R96),0),0),0) -> 0 | BB96: =_xlfn.XLOOKUP(U96,'Lista Suspensa'!$AA$20:$AA$23,'Lista Suspensa'!$AB$20:$AB$23,"N/A") -> S
A97: Fluxo Antigo | B97: 45292 | C97: Captação + Navegação | D97: Equipe - Clínica Sallet | E97: 93716047 | F97: TATIANE KELI DE SOUZA | H97: 33096 | I97: 35 | J97: F | O97: (11) 95230-0639 | P97: Equipe Emagrecimento | Q97: 1. Aceitou o programa | R97: 45877 | T97: Contato Com Sucesso | U97: Ativo | V97: 45877 | W97: Não se aplica | X97: Não se aplica | Z97: Bupropiona | AA97: 122 | AB97: 1.61 | AC97: =SUM(AA97/(AB97^2)) -> 47.066085 | AD97: =IF(AC97<18.5,"ABAIXO DO PESO", (IF(AC97<=24.9,"PESO NORMAL", (IF(AC97<=29.9,"SOBREPESO", (IF(AC97<=34.9,"OBESIDADE I", (IF(AC97<=39.9,"OBESIDADE II", (IF(AC97<=999,"OBESIDADE III","VAZIO"))))))))))) -> OBESIDADE III | AE97: CMDP - Centro Médico Dom Pedro | AF97: Aguardando Agendamento | AL97: Linha de Intervenção II | AM97: Sim - Acompanhou Pré Operatório conosco | AN97: Sem dados | AO97: =IF(R97="","",IF(R97>TODAY(),"0 meses",DATEDIF(R97,TODAY(),"m") & " meses")) -> 10 meses | AP97: Sim | AQ97: Sim | AS97: Emagrecimento | AT97: =MONTH(B97)&"/"&YEAR(B97) -> 1/2024 | AU97: =WEEKNUM(B97)-WEEKNUM(EOMONTH(B97,-1)+1)+1 -> 1 | AV97: =MONTH(R97)&"/"&YEAR(R97) -> 8/2025 | AW97: =WEEKNUM(R97)-WEEKNUM(EOMONTH(R97,-1)+1)+1 -> 2 | AX97: =IF(BB97="S",IF(Q97="1. Aceitou o programa",R97-B97,0),0) -> 585 | AY97: =IF(BB97="S",IF(AND(S97<>"",R97<>""),S97-R97,0),0) -> 0 | AZ97: =IF(BB97="S",IF(Q97="1. Aceitou o programa",IF(OR(X97="Não se Aplica",X97=""),IF(OR(W97="Não se Aplica",W97=""),0,W97-V97),AVERAGE(X97-W97,W97-V97)),0),0) -> 0 | BA97: =IF(BB97="S",IF(AND(Q97="1. Aceitou o programa",AH97="Realizada"),IFERROR(IF(AG97="",0,AG97-R97),0),0),0) -> 0 | BB97: =_xlfn.XLOOKUP(U97,'Lista Suspensa'!$AA$20:$AA$23,'Lista Suspensa'!$AB$20:$AB$23,"N/A") -> S
A98: Fluxo Antigo | B98: 45292 | C98: Captação + Navegação | D98: Captado pela Amil | E98: 86491633 | F98: MARIA GLEICE ANDRADE DOS SANTOS | H98: 33122 | I98: 35 | J98: F | O98: (11) 961565976 | P98: Equipe Emagrecimento | Q98: 1. Aceitou o programa | R98: 45877 | T98: Contato Com Sucesso | U98: Ativo | V98: 45877 | W98: Não se aplica | X98: Não se aplica | Z98: Não Utiliza | AA98: 78 | AB98: 1.59 | AC98: =SUM(AA98/(AB98^2)) -> 30.85321 | AD98: =IF(AC98<18.5,"ABAIXO DO PESO", (IF(AC98<=24.9,"PESO NORMAL", (IF(AC98<=29.9,"SOBREPESO", (IF(AC98<=34.9,"OBESIDADE I", (IF(AC98<=39.9,"OBESIDADE II", (IF(AC98<=999,"OBESIDADE III","VAZIO"))))))))))) -> OBESIDADE I | AE98: CMDP - Centro Médico Dom Pedro | AF98: Aguardando Agendamento | AL98: Linha de Intervenção II | AO98: =IF(R98="","",IF(R98>TODAY(),"0 meses",DATEDIF(R98,TODAY(),"m") & " meses")) -> 10 meses | AP98: Sim | AQ98: Sim | AS98: Emagrecimento | AT98: =MONTH(B98)&"/"&YEAR(B98) -> 1/2024 | AU98: =WEEKNUM(B98)-WEEKNUM(EOMONTH(B98,-1)+1)+1 -> 1 | AV98: =MONTH(R98)&"/"&YEAR(R98) -> 8/2025 | AW98: =WEEKNUM(R98)-WEEKNUM(EOMONTH(R98,-1)+1)+1 -> 2 | AX98: =IF(BB98="S",IF(Q98="1. Aceitou o programa",R98-B98,0),0) -> 585 | AY98: =IF(BB98="S",IF(AND(S98<>"",R98<>""),S98-R98,0),0) -> 0 | AZ98: =IF(BB98="S",IF(Q98="1. Aceitou o programa",IF(OR(X98="Não se Aplica",X98=""),IF(OR(W98="Não se Aplica",W98=""),0,W98-V98),AVERAGE(X98-W98,W98-V98)),0),0) -> 0 | BA98: =IF(BB98="S",IF(AND(Q98="1. Aceitou o programa",AH98="Realizada"),IFERROR(IF(AG98="",0,AG98-R98),0),0),0) -> 0 | BB98: =_xlfn.XLOOKUP(U98,'Lista Suspensa'!$AA$20:$AA$23,'Lista Suspensa'!$AB$20:$AB$23,"N/A") -> S
A99: Fluxo Antigo | B99: 45292 | C99: Captação + Navegação | D99: Equipe - Dr. Paulo Roberto Falcão | E99: 93348457 | F99: EDBERTO BRUNO LOYOLA BASTOS | H99: 37356 | I99: 24 | J99: M | K99: RJ | N99: 120 | O99: 21964175932 | P99: Equipe Emagrecimento | Q99: 1. Aceitou o programa | R99: 45877 | T99: Contato Com Sucesso | U99: Ativo | V99: 45877 | W99: Não se aplica | X99: Não se aplica | Z99: Não Utiliza | AA99: 150 | AB99: 1.81 | AC99: =SUM(AA99/(AB99^2)) -> 45.786148 | AD99: =IF(AC99<18.5,"ABAIXO DO PESO", (IF(AC99<=24.9,"PESO NORMAL", (IF(AC99<=29.9,"SOBREPESO", (IF(AC99<=34.9,"OBESIDADE I", (IF(AC99<=39.9,"OBESIDADE II", (IF(AC99<=999,"OBESIDADE III","VAZIO"))))))))))) -> OBESIDADE III | AE99: CMDP - Centro Médico Dom Pedro | AF99: Aguardando Agendamento | AL99: Linha de Intervenção II | AO99: =IF(R99="","",IF(R99>TODAY(),"0 meses",DATEDIF(R99,TODAY(),"m") & " meses")) -> 10 meses | AP99: Sim | AQ99: Sim | AS99: Emagrecimento | AT99: =MONTH(B99)&"/"&YEAR(B99) -> 1/2024 | AU99: =WEEKNUM(B99)-WEEKNUM(EOMONTH(B99,-1)+1)+1 -> 1 | AV99: =MONTH(R99)&"/"&YEAR(R99) -> 8/2025 | AW99: =WEEKNUM(R99)-WEEKNUM(EOMONTH(R99,-1)+1)+1 -> 2 | AX99: =IF(BB99="S",IF(Q99="1. Aceitou o programa",R99-B99,0),0) -> 585 | AY99: =IF(BB99="S",IF(AND(S99<>"",R99<>""),S99-R99,0),0) -> 0 | AZ99: =IF(BB99="S",IF(Q99="1. Aceitou o programa",IF(OR(X99="Não se Aplica",X99=""),IF(OR(W99="Não se Aplica",W99=""),0,W99-V99),AVERAGE(X99-W99,W99-V99)),0),0) -> 0 | BA99: =IF(BB99="S",IF(AND(Q99="1. Aceitou o programa",AH99="Realizada"),IFERROR(IF(AG99="",0,AG99-R99),0),0),0) -> 0 | BB99: =_xlfn.XLOOKUP(U99,'Lista Suspensa'!$AA$20:$AA$23,'Lista Suspensa'!$AB$20:$AB$23,"N/A") -> S
A100: Fluxo Antigo | B100: 45292 | C100: Captação + Navegação | D100: CMDP Nutri - Rosangela Cristina Toni Dos Santos | E100: 796406960 | F100: NATHALIA SILVA SANTOS | H100: 36296 | I100: 27 | J100: F | K100: SP | O100: 11 98614-5579‬ | P100: Equipe Emagrecimento | Q100: 1. Aceitou o programa | R100: 45878 | T100: Contato Com Sucesso | U100: Ativo | V100: 45878 | W100: Não se aplica | X100: Não se aplica | Z100: Não Utiliza | AA100: 119.6 | AB100: 1.66 | AC100: =SUM(AA100/(AB100^2)) -> 43.402526 | AD100: =IF(AC100<18.5,"ABAIXO DO PESO", (IF(AC100<=24.9,"PESO NORMAL", (IF(AC100<=29.9,"SOBREPESO", (IF(AC100<=34.9,"OBESIDADE I", (IF(AC100<=39.9,"OBESIDADE II", (IF(AC100<=999,"OBESIDADE III","VAZIO"))))))))))) -> OBESIDADE III | AE100: CMDP - Centro Médico Dom Pedro | AF100: Aguardando Agendamento | AL100: Linha de Intervenção II | AO100: =IF(R100="","",IF(R100>TODAY(),"0 meses",DATEDIF(R100,TODAY(),"m") & " meses")) -> 10 meses | AP100: Sim | AQ100: Sim | AS100: Emagrecimento | AT100: =MONTH(B100)&"/"&YEAR(B100) -> 1/2024 | AU100: =WEEKNUM(B100)-WEEKNUM(EOMONTH(B100,-1)+1)+1 -> 1 | AV100: =MONTH(R100)&"/"&YEAR(R100) -> 8/2025 | AW100: =WEEKNUM(R100)-WEEKNUM(EOMONTH(R100,-1)+1)+1 -> 2 | AX100: =IF(BB100="S",IF(Q100="1. Aceitou o programa",R100-B100,0),0) -> 586 | AY100: =IF(BB100="S",IF(AND(S100<>"",R100<>""),S100-R100,0),0) -> 0 | AZ100: =IF(BB100="S",IF(Q100="1. Aceitou o programa",IF(OR(X100="Não se Aplica",X100=""),IF(OR(W100="Não se Aplica",W100=""),0,W100-V100),AVERAGE(X100-W100,W100-V100)),0),0) -> 0 | BA100: =IF(BB100="S",IF(AND(Q100="1. Aceitou o programa",AH100="Realizada"),IFERROR(IF(AG100="",0,AG100-R100),0),0),0) -> 0 | BB100: =_xlfn.XLOOKUP(U100,'Lista Suspensa'!$AA$20:$AA$23,'Lista Suspensa'!$AB$20:$AB$23,"N/A") -> S
...

Sheet Planilha1

Sheet Análise
B2: Linha | C2: Emagrecimento
B3: Motivo Envio
B4: Situação Atual do Paciente | C4: Total
B7: Mês/Ano | D7: >> Inserir no formato Mês / Ano apenas - como 01/2026, 02/2026, etc.
B9: Início
B10: Fim
B12: CONTAGEM DE PACIENTES
B14: Status BNF Linha | C14: Semana | H14: Mês | K14: Parâmetros | L14: Semana | S14: Status BNF Linha | T14: Absoluto | U14: Percentual | W14: Parâmetros
C15: 1 | D15: 2 | E15: 3 | F15: 4 | G15: 5 | H15: Absoluto | I15: Percentual | L15: 1 | M15: 2 | N15: 3 | O15: 4 | P15: 5 | Q15: Mês | S15: 1. Aceitou o programa | T15: =COUNTIFS(Consolidado!$AS:$AS,IF(ISBLANK($C$2),"<>",$C$2),Consolidado!$Q:$Q,Análise!S15,Consolidado!$B:$B,"<="&Análise!$C$10,Consolidado!$B:$B,">="&Análise!$C$9,Consolidado!$C:$C,IF(ISBLANK($C$3),"<>",$C$3),Consolidado!$BB:$BB,"S") -> 0 | U15: =IFERROR(T15/$T$48,0) -> 0 | W15: Taxa de Captação | Y15: =IFERROR(T15/T48,0) -> 0
B16: 1. Aceitou o programa | C16: =COUNTIFS(Consolidado!$AU:$AU,Análise!C$15,Consolidado!$AT:$AT,Análise!$C$7,Consolidado!$AS:$AS,IF(ISBLANK($C$2),"<>",$C$2),Consolidado!$Q:$Q,Análise!$B16,Consolidado!$C:$C,IF(ISBLANK($C$3),"<>",$C$3),Consolidado!$BB:$BB,"S") -> 0 | D16: =COUNTIFS(Consolidado!$AU:$AU,Análise!D$15,Consolidado!$AT:$AT,Análise!$C$7,Consolidado!$AS:$AS,IF(ISBLANK($C$2),"<>",$C$2),Consolidado!$Q:$Q,Análise!$B16,Consolidado!$C:$C,IF(ISBLANK($C$3),"<>",$C$3),Consolidado!$BB:$BB,"S") -> 0 | E16: =COUNTIFS(Consolidado!$AU:$AU,Análise!E$15,Consolidado!$AT:$AT,Análise!$C$7,Consolidado!$AS:$AS,IF(ISBLANK($C$2),"<>",$C$2),Consolidado!$Q:$Q,Análise!$B16,Consolidado!$C:$C,IF(ISBLANK($C$3),"<>",$C$3),Consolidado!$BB:$BB,"S") -> 0 | F16: =COUNTIFS(Consolidado!$AU:$AU,Análise!F$15,Consolidado!$AT:$AT,Análise!$C$7,Consolidado!$AS:$AS,IF(ISBLANK($C$2),"<>",$C$2),Consolidado!$Q:$Q,Análise!$B16,Consolidado!$C:$C,IF(ISBLANK($C$3),"<>",$C$3),Consolidado!$BB:$BB,"S") -> 0 | G16: =COUNTIFS(Consolidado!$AU:$AU,Análise!G$15,Consolidado!$AT:$AT,Análise!$C$7,Consolidado!$AS:$AS,IF(ISBLANK($C$2),"<>",$C$2),Consolidado!$Q:$Q,Análise!$B16,Consolidado!$C:$C,IF(ISBLANK($C$3),"<>",$C$3),Consolidado!$BB:$BB,"S") -> 0 | H16: =SUM(C16:G16) -> 0 | I16: =+IFERROR(H16/$H$49,0) -> 0 | K16: Total | L16: =+C49 -> 0 | M16: =+D49 -> 0 | N16: =+E49 -> 0 | O16: =+F49 -> 0 | P16: =+G49 -> 0 | Q16: =+H49 -> 0 | S16: 2. Em avaliação para participar do programa | T16: =COUNTIFS(Consolidado!$AS:$AS,IF(ISBLANK($C$2),"<>",$C$2),Consolidado!$Q:$Q,Análise!S16,Consolidado!$B:$B,"<="&Análise!$C$10,Consolidado!$B:$B,">="&Análise!$C$9,Consolidado!$C:$C,IF(ISBLANK($C$3),"<>",$C$3),Consolidado!$BB:$BB,"S") -> 0 | U16: =IFERROR(T16/$T$48,0) -> 0 | W16: SLA Captação Médio | Y16: =IFERROR(SUMIFS(Consolidado!AX:AX,Consolidado!$AS:$AS,IF(ISBLANK($C$2),"<>",$C$2),Consolidado!$B:$B,"<="&Análise!$C$10,Consolidado!$B:$B,">="&Análise!$C$9,Consolidado!$C:$C,IF(ISBLANK($C$3),"<>",$C$3))/T15,0) -> 0
B17: 2. Em avaliação para participar do programa | C17: =COUNTIFS(Consolidado!$AU:$AU,Análise!C$15,Consolidado!$AT:$AT,Análise!$C$7,Consolidado!$AS:$AS,IF(ISBLANK($C$2),"<>",$C$2),Consolidado!$Q:$Q,Análise!$B17,Consolidado!$C:$C,IF(ISBLANK($C$3),"<>",$C$3),Consolidado!$BB:$BB,"S") -> 0 | D17: =COUNTIFS(Consolidado!$AU:$AU,Análise!D$15,Consolidado!$AT:$AT,Análise!$C$7,Consolidado!$AS:$AS,IF(ISBLANK($C$2),"<>",$C$2),Consolidado!$Q:$Q,Análise!$B17,Consolidado!$C:$C,IF(ISBLANK($C$3),"<>",$C$3),Consolidado!$BB:$BB,"S") -> 0 | E17: =COUNTIFS(Consolidado!$AU:$AU,Análise!E$15,Consolidado!$AT:$AT,Análise!$C$7,Consolidado!$AS:$AS,IF(ISBLANK($C$2),"<>",$C$2),Consolidado!$Q:$Q,Análise!$B17,Consolidado!$C:$C,IF(ISBLANK($C$3),"<>",$C$3),Consolidado!$BB:$BB,"S") -> 0 | F17: =COUNTIFS(Consolidado!$AU:$AU,Análise!F$15,Consolidado!$AT:$AT,Análise!$C$7,Consolidado!$AS:$AS,IF(ISBLANK($C$2),"<>",$C$2),Consolidado!$Q:$Q,Análise!$B17,Consolidado!$C:$C,IF(ISBLANK($C$3),"<>",$C$3),Consolidado!$BB:$BB,"S") -> 0 | G17: =COUNTIFS(Consolidado!$AU:$AU,Análise!G$15,Consolidado!$AT:$AT,Análise!$C$7,Consolidado!$AS:$AS,IF(ISBLANK($C$2),"<>",$C$2),Consolidado!$Q:$Q,Análise!$B17,Consolidado!$C:$C,IF(ISBLANK($C$3),"<>",$C$3),Consolidado!$BB:$BB,"S") -> 0 | H17: =SUM(C17:G17) -> 0 | I17: =+IFERROR(H17/$H$49,0) -> 0 | K17: 1. Aceitou o programa | L17: =+C16 -> 0 | M17: =+D16 -> 0 | N17: =+E16 -> 0 | O17: =+F16 -> 0 | P17: =+G16 -> 0 | Q17: =+H16 -> 0 | S17: 3. Alta por falta de interesse | T17: =COUNTIFS(Consolidado!$AS:$AS,IF(ISBLANK($C$2),"<>",$C$2),Consolidado!$Q:$Q,Análise!S17,Consolidado!$B:$B,"<="&Análise!$C$10,Consolidado!$B:$B,">="&Análise!$C$9,Consolidado!$C:$C,IF(ISBLANK($C$3),"<>",$C$3),Consolidado!$BB:$BB,"S") -> 0 | U17: =IFERROR(T17/$T$48,0) -> 0 | W17: SLA Tent. Contato Médio | Y17: =IFERROR(SUMIFS(Consolidado!AZ:AZ,Consolidado!$AS:$AS,IF(ISBLANK($C$2),"<>",$C$2),Consolidado!$B:$B,"<="&Análise!$C$10,Consolidado!$B:$B,">="&Análise!$C$9,Consolidado!$C:$C,IF(ISBLANK($C$3),"<>",$C$3))/COUNTIFS(Consolidado!$AS:$AS,IF(ISBLANK($C$2),"<>",$C$2),Consolidado!$Q:$Q,S$15,Consolidado!$B:$B,"<="&Análise!$C$10,Consolidado!$B:$B,">="&Análise!$C$9,Consolidado!$C:$C,IF(ISBLANK($C$3),"<>",$C$3),Consolidado!$AZ:$AZ,"<>"&0),0) -> 0
B18: 3. Alta por falta de interesse | C18: =COUNTIFS(Consolidado!$AU:$AU,Análise!C$15,Consolidado!$AT:$AT,Análise!$C$7,Consolidado!$AS:$AS,IF(ISBLANK($C$2),"<>",$C$2),Consolidado!$Q:$Q,Análise!$B18,Consolidado!$C:$C,IF(ISBLANK($C$3),"<>",$C$3),Consolidado!$BB:$BB,"S") -> 0 | D18: =COUNTIFS(Consolidado!$AU:$AU,Análise!D$15,Consolidado!$AT:$AT,Análise!$C$7,Consolidado!$AS:$AS,IF(ISBLANK($C$2),"<>",$C$2),Consolidado!$Q:$Q,Análise!$B18,Consolidado!$C:$C,IF(ISBLANK($C$3),"<>",$C$3),Consolidado!$BB:$BB,"S") -> 0 | E18: =COUNTIFS(Consolidado!$AU:$AU,Análise!E$15,Consolidado!$AT:$AT,Análise!$C$7,Consolidado!$AS:$AS,IF(ISBLANK($C$2),"<>",$C$2),Consolidado!$Q:$Q,Análise!$B18,Consolidado!$C:$C,IF(ISBLANK($C$3),"<>",$C$3),Consolidado!$BB:$BB,"S") -> 0 | F18: =COUNTIFS(Consolidado!$AU:$AU,Análise!F$15,Consolidado!$AT:$AT,Análise!$C$7,Consolidado!$AS:$AS,IF(ISBLANK($C$2),"<>",$C$2),Consolidado!$Q:$Q,Análise!$B18,Consolidado!$C:$C,IF(ISBLANK($C$3),"<>",$C$3),Consolidado!$BB:$BB,"S") -> 0 | G18: =COUNTIFS(Consolidado!$AU:$AU,Análise!G$15,Consolidado!$AT:$AT,Análise!$C$7,Consolidado!$AS:$AS,IF(ISBLANK($C$2),"<>",$C$2),Consolidado!$Q:$Q,Análise!$B18,Consolidado!$C:$C,IF(ISBLANK($C$3),"<>",$C$3),Consolidado!$BB:$BB,"S") -> 0 | H18: =SUM(C18:G18) -> 0 | I18: =+IFERROR(H18/$H$49,0) -> 0 | K18: Taxa de Captação | L18: =IFERROR(L17/L16,"") | M18: =IFERROR(M17/M16,"") | N18: =IFERROR(N17/N16,"") | O18: =IFERROR(O17/O16,"") | P18: =IFERROR(P17/P16,"") | Q18: =IFERROR(Q17/Q16,"") | S18: 3. Alta por Finalização do Acompanhamento na Linha | T18: =COUNTIFS(Consolidado!$AS:$AS,IF(ISBLANK($C$2),"<>",$C$2),Consolidado!$Q:$Q,Análise!S18,Consolidado!$B:$B,"<="&Análise!$C$10,Consolidado!$B:$B,">="&Análise!$C$9,Consolidado!$C:$C,IF(ISBLANK($C$3),"<>",$C$3),Consolidado!$BB:$BB,"S") -> 0 | U18: =IFERROR(T18/$T$48,0) -> 0 | W18: SLA Consulta Médio | Y18: =IFERROR(SUMIFS(Consolidado!BA:BA,Consolidado!$AS:$AS,IF(ISBLANK($C$2),"<>",$C$2),Consolidado!$B:$B,"<="&Análise!$C$10,Consolidado!$B:$B,">="&Análise!$C$9,Consolidado!$C:$C,IF(ISBLANK($C$3),"<>",$C$3))/COUNTIFS(Consolidado!$AS:$AS,IF(ISBLANK($C$2),"<>",$C$2),Consolidado!$Q:$Q,S$15,Consolidado!$B:$B,"<="&Análise!$C$10,Consolidado!$B:$B,">="&Análise!$C$9,Consolidado!$C:$C,IF(ISBLANK($C$3),"<>",$C$3),Consolidado!$BA:$BA,"<>"&0),0) -> 0
B19: 3. Alta por Finalização do Acompanhamento na Linha | C19: =COUNTIFS(Consolidado!$AU:$AU,Análise!C$15,Consolidado!$AT:$AT,Análise!$C$7,Consolidado!$AS:$AS,IF(ISBLANK($C$2),"<>",$C$2),Consolidado!$Q:$Q,Análise!$B19,Consolidado!$C:$C,IF(ISBLANK($C$3),"<>",$C$3),Consolidado!$BB:$BB,"S") -> 0 | D19: =COUNTIFS(Consolidado!$AU:$AU,Análise!D$15,Consolidado!$AT:$AT,Análise!$C$7,Consolidado!$AS:$AS,IF(ISBLANK($C$2),"<>",$C$2),Consolidado!$Q:$Q,Análise!$B19,Consolidado!$C:$C,IF(ISBLANK($C$3),"<>",$C$3),Consolidado!$BB:$BB,"S") -> 0 | E19: =COUNTIFS(Consolidado!$AU:$AU,Análise!E$15,Consolidado!$AT:$AT,Análise!$C$7,Consolidado!$AS:$AS,IF(ISBLANK($C$2),"<>",$C$2),Consolidado!$Q:$Q,Análise!$B19,Consolidado!$C:$C,IF(ISBLANK($C$3),"<>",$C$3),Consolidado!$BB:$BB,"S") -> 0 | F19: =COUNTIFS(Consolidado!$AU:$AU,Análise!F$15,Consolidado!$AT:$AT,Análise!$C$7,Consolidado!$AS:$AS,IF(ISBLANK($C$2),"<>",$C$2),Consolidado!$Q:$Q,Análise!$B19,Consolidado!$C:$C,IF(ISBLANK($C$3),"<>",$C$3),Consolidado!$BB:$BB,"S") -> 0 | G19: =COUNTIFS(Consolidado!$AU:$AU,Análise!G$15,Consolidado!$AT:$AT,Análise!$C$7,Consolidado!$AS:$AS,IF(ISBLANK($C$2),"<>",$C$2),Consolidado!$Q:$Q,Análise!$B19,Consolidado!$C:$C,IF(ISBLANK($C$3),"<>",$C$3),Consolidado!$BB:$BB,"S") -> 0 | H19: =SUM(C19:G19) -> 0 | I19: =+IFERROR(H19/$H$49,0) -> 0 | K19: SLA Captação Médio | L19: =IFERROR(SUMIFS(Consolidado!$AX:$AX,Consolidado!$AU:$AU,Análise!L15,Consolidado!$AT:$AT,Análise!$C$7,Consolidado!$AS:$AS,IF(ISBLANK($C$2),"<>",$C$2),Consolidado!$C:$C,IF(ISBLANK($C$3),"<>",$C$3))/L$17,0) -> 0 | M19: =IFERROR(SUMIFS(Consolidado!$AX:$AX,Consolidado!$AU:$AU,Análise!M15,Consolidado!$AT:$AT,Análise!$C$7,Consolidado!$AS:$AS,IF(ISBLANK($C$2),"<>",$C$2),Consolidado!$C:$C,IF(ISBLANK($C$3),"<>",$C$3))/M$17,0) -> 0 | N19: =IFERROR(SUMIFS(Consolidado!$AX:$AX,Consolidado!$AU:$AU,Análise!N15,Consolidado!$AT:$AT,Análise!$C$7,Consolidado!$AS:$AS,IF(ISBLANK($C$2),"<>",$C$2),Consolidado!$C:$C,IF(ISBLANK($C$3),"<>",$C$3))/N$17,0) -> 0 | O19: =IFERROR(SUMIFS(Consolidado!$AX:$AX,Consolidado!$AU:$AU,Análise!O15,Consolidado!$AT:$AT,Análise!$C$7,Consolidado!$AS:$AS,IF(ISBLANK($C$2),"<>",$C$2),Consolidado!$C:$C,IF(ISBLANK($C$3),"<>",$C$3))/O$17,0) -> 0 | P19: =IFERROR(SUMIFS(Consolidado!$AX:$AX,Consolidado!$AU:$AU,Análise!P15,Consolidado!$AT:$AT,Análise!$C$7,Consolidado!$AS:$AS,IF(ISBLANK($C$2),"<>",$C$2),Consolidado!$C:$C,IF(ISBLANK($C$3),"<>",$C$3))/P$17,0) -> 0 | Q19: =IFERROR(SUMIFS(Consolidado!AX:AX,Consolidado!$AT:$AT,Análise!$C$7,Consolidado!$AS:$AS,IF(ISBLANK($C$2),"<>",$C$2),Consolidado!$C:$C,IF(ISBLANK($C$3),"<>",$C$3))/$Q17,0) -> 0 | S19: 3. Alta por já possuir acompanhamento | T19: =COUNTIFS(Consolidado!$AS:$AS,IF(ISBLANK($C$2),"<>",$C$2),Consolidado!$Q:$Q,Análise!S19,Consolidado!$B:$B,"<="&Análise!$C$10,Consolidado!$B:$B,">="&Análise!$C$9,Consolidado!$C:$C,IF(ISBLANK($C$3),"<>",$C$3),Consolidado!$BB:$BB,"S") -> 0 | U19: =IFERROR(T19/$T$48,0) -> 0 | W19: SLA Exclusão Médio | Y19: =IFERROR(SUMIFS(Consolidado!$AY:$AY,Consolidado!$B:$B,"<="&Análise!$C$10,Consolidado!$B:$B,">="&Análise!$C$9,Consolidado!$AT:$AT,Análise!$C$7,Consolidado!$AS:$AS,IF(ISBLANK($C$2),"<>",$C$2),Consolidado!$C:$C,IF(ISBLANK($C$3),"<>",$C$3))/COUNTIFS(Consolidado!$R:$R,"<>",Consolidado!$S:$S,"<>",Consolidado!$AT:$AT,Análise!$C$7,Consolidado!$AS:$AS,IF(ISBLANK($C$2),"<>",$C$2),Consolidado!$C:$C,IF(ISBLANK($C$3),"<>",$C$3),Consolidado!$B:$B,"<="&Análise!$C$10,Consolidado!$B:$B,">="&Análise!$C$9),0) -> 0
B20: 3. Alta por já possuir acompanhamento | C20: =COUNTIFS(Consolidado!$AU:$AU,Análise!C$15,Consolidado!$AT:$AT,Análise!$C$7,Consolidado!$AS:$AS,IF(ISBLANK($C$2),"<>",$C$2),Consolidado!$Q:$Q,Análise!$B20,Consolidado!$C:$C,IF(ISBLANK($C$3),"<>",$C$3),Consolidado!$BB:$BB,"S") -> 0 | D20: =COUNTIFS(Consolidado!$AU:$AU,Análise!D$15,Consolidado!$AT:$AT,Análise!$C$7,Consolidado!$AS:$AS,IF(ISBLANK($C$2),"<>",$C$2),Consolidado!$Q:$Q,Análise!$B20,Consolidado!$C:$C,IF(ISBLANK($C$3),"<>",$C$3),Consolidado!$BB:$BB,"S") -> 0 | E20: =COUNTIFS(Consolidado!$AU:$AU,Análise!E$15,Consolidado!$AT:$AT,Análise!$C$7,Consolidado!$AS:$AS,IF(ISBLANK($C$2),"<>",$C$2),Consolidado!$Q:$Q,Análise!$B20,Consolidado!$C:$C,IF(ISBLANK($C$3),"<>",$C$3),Consolidado!$BB:$BB,"S") -> 0 | F20: =COUNTIFS(Consolidado!$AU:$AU,Análise!F$15,Consolidado!$AT:$AT,Análise!$C$7,Consolidado!$AS:$AS,IF(ISBLANK($C$2),"<>",$C$2),Consolidado!$Q:$Q,Análise!$B20,Consolidado!$C:$C,IF(ISBLANK($C$3),"<>",$C$3),Consolidado!$BB:$BB,"S") -> 0 | G20: =COUNTIFS(Consolidado!$AU:$AU,Análise!G$15,Consolidado!$AT:$AT,Análise!$C$7,Consolidado!$AS:$AS,IF(ISBLANK($C$2),"<>",$C$2),Consolidado!$Q:$Q,Análise!$B20,Consolidado!$C:$C,IF(ISBLANK($C$3),"<>",$C$3),Consolidado!$BB:$BB,"S") -> 0 | H20: =SUM(C20:G20) -> 0 | I20: =+IFERROR(H20/$H$49,0) -> 0 | K20: SLA Tent. Contato Médio | L20: =IFERROR(SUMIFS(Consolidado!$AZ:$AZ,Consolidado!$AU:$AU,Análise!L15,Consolidado!$AT:$AT,Análise!$C$7,Consolidado!$AS:$AS,IF(ISBLANK($C$2),"<>",$C$2),Consolidado!$C:$C,IF(ISBLANK($C$3),"<>",$C$3))/COUNTIFS(Consolidado!$AU:$AU,Análise!L15,Consolidado!$AT:$AT,Análise!$C$7,Consolidado!$AS:$AS,IF(ISBLANK($C$2),"<>",$C$2),Consolidado!$Q:$Q,$K17,Consolidado!$C:$C,IF(ISBLANK($C$3),"<>",$C$3),Consolidado!$AZ:$AZ,"<>"&0),0) -> 0 | M20: =IFERROR(SUMIFS(Consolidado!$AZ:$AZ,Consolidado!$AU:$AU,Análise!M15,Consolidado!$AT:$AT,Análise!$C$7,Consolidado!$AS:$AS,IF(ISBLANK($C$2),"<>",$C$2),Consolidado!$C:$C,IF(ISBLANK($C$3),"<>",$C$3))/COUNTIFS(Consolidado!$AU:$AU,Análise!M15,Consolidado!$AT:$AT,Análise!$C$7,Consolidado!$AS:$AS,IF(ISBLANK($C$2),"<>",$C$2),Consolidado!$Q:$Q,$K17,Consolidado!$C:$C,IF(ISBLANK($C$3),"<>",$C$3),Consolidado!$AZ:$AZ,"<>"&0),0) -> 0 | N20: =IFERROR(SUMIFS(Consolidado!$AZ:$AZ,Consolidado!$AU:$AU,Análise!N15,Consolidado!$AT:$AT,Análise!$C$7,Consolidado!$AS:$AS,IF(ISBLANK($C$2),"<>",$C$2),Consolidado!$C:$C,IF(ISBLANK($C$3),"<>",$C$3))/COUNTIFS(Consolidado!$AU:$AU,Análise!N15,Consolidado!$AT:$AT,Análise!$C$7,Consolidado!$AS:$AS,IF(ISBLANK($C$2),"<>",$C$2),Consolidado!$Q:$Q,$K17,Consolidado!$C:$C,IF(ISBLANK($C$3),"<>",$C$3),Consolidado!$AZ:$AZ,"<>"&0),0) -> 0 | O20: =IFERROR(SUMIFS(Consolidado!$AZ:$AZ,Consolidado!$AU:$AU,Análise!O15,Consolidado!$AT:$AT,Análise!$C$7,Consolidado!$AS:$AS,IF(ISBLANK($C$2),"<>",$C$2),Consolidado!$C:$C,IF(ISBLANK($C$3),"<>",$C$3))/COUNTIFS(Consolidado!$AU:$AU,Análise!O15,Consolidado!$AT:$AT,Análise!$C$7,Consolidado!$AS:$AS,IF(ISBLANK($C$2),"<>",$C$2),Consolidado!$Q:$Q,$K17,Consolidado!$C:$C,IF(ISBLANK($C$3),"<>",$C$3),Consolidado!$AZ:$AZ,"<>"&0),0) -> 0 | P20: =IFERROR(SUMIFS(Consolidado!$AZ:$AZ,Consolidado!$AU:$AU,Análise!P15,Consolidado!$AT:$AT,Análise!$C$7,Consolidado!$AS:$AS,IF(ISBLANK($C$2),"<>",$C$2),Consolidado!$C:$C,IF(ISBLANK($C$3),"<>",$C$3))/COUNTIFS(Consolidado!$AU:$AU,Análise!P15,Consolidado!$AT:$AT,Análise!$C$7,Consolidado!$AS:$AS,IF(ISBLANK($C$2),"<>",$C$2),Consolidado!$Q:$Q,$K17,Consolidado!$C:$C,IF(ISBLANK($C$3),"<>",$C$3),Consolidado!$AZ:$AZ,"<>"&0),0) -> 0 | Q20: =IFERROR(SUMIFS(Consolidado!AZ:AZ,Consolidado!$AT:$AT,Análise!$C$7,Consolidado!$AS:$AS,IF(ISBLANK($C$2),"<>",$C$2),Consolidado!$C:$C,IF(ISBLANK($C$3),"<>",$C$3))/COUNTIFS(Consolidado!$AT:$AT,Análise!$C$7,Consolidado!$AS:$AS,IF(ISBLANK($C$2),"<>",$C$2),Consolidado!$Q:$Q,K$17,Consolidado!$C:$C,IF(ISBLANK($C$3),"<>",$C$3),Consolidado!$AZ:$AZ,"<>"&0),0) -> 0 | S20: 3. Alta por Múltiplas Tentativas De Contato | T20: =COUNTIFS(Consolidado!$AS:$AS,IF(ISBLANK($C$2),"<>",$C$2),Consolidado!$Q:$Q,Análise!S20,Consolidado!$B:$B,"<="&Análise!$C$10,Consolidado!$B:$B,">="&Análise!$C$9,Consolidado!$C:$C,IF(ISBLANK($C$3),"<>",$C$3),Consolidado!$BB:$BB,"S") -> 0 | U20: =IFERROR(T20/$T$48,0) -> 0 | W20: Potencial de Conversão | Y20: =IFERROR((T15+T37)/T48,"")
B21: 3. Alta por Múltiplas Tentativas De Contato | C21: =COUNTIFS(Consolidado!$AU:$AU,Análise!C$15,Consolidado!$AT:$AT,Análise!$C$7,Consolidado!$AS:$AS,IF(ISBLANK($C$2),"<>",$C$2),Consolidado!$Q:$Q,Análise!$B21,Consolidado!$C:$C,IF(ISBLANK($C$3),"<>",$C$3),Consolidado!$BB:$BB,"S") -> 0 | D21: =COUNTIFS(Consolidado!$AU:$AU,Análise!D$15,Consolidado!$AT:$AT,Análise!$C$7,Consolidado!$AS:$AS,IF(ISBLANK($C$2),"<>",$C$2),Consolidado!$Q:$Q,Análise!$B21,Consolidado!$C:$C,IF(ISBLANK($C$3),"<>",$C$3),Consolidado!$BB:$BB,"S") -> 0 | E21: =COUNTIFS(Consolidado!$AU:$AU,Análise!E$15,Consolidado!$AT:$AT,Análise!$C$7,Consolidado!$AS:$AS,IF(ISBLANK($C$2),"<>",$C$2),Consolidado!$Q:$Q,Análise!$B21,Consolidado!$C:$C,IF(ISBLANK($C$3),"<>",$C$3),Consolidado!$BB:$BB,"S") -> 0 | F21: =COUNTIFS(Consolidado!$AU:$AU,Análise!F$15,Consolidado!$AT:$AT,Análise!$C$7,Consolidado!$AS:$AS,IF(ISBLANK($C$2),"<>",$C$2),Consolidado!$Q:$Q,Análise!$B21,Consolidado!$C:$C,IF(ISBLANK($C$3),"<>",$C$3),Consolidado!$BB:$BB,"S") -> 0 | G21: =COUNTIFS(Consolidado!$AU:$AU,Análise!G$15,Consolidado!$AT:$AT,Análise!$C$7,Consolidado!$AS:$AS,IF(ISBLANK($C$2),"<>",$C$2),Consolidado!$Q:$Q,Análise!$B21,Consolidado!$C:$C,IF(ISBLANK($C$3),"<>",$C$3),Consolidado!$BB:$BB,"S") -> 0 | H21: =SUM(C21:G21) -> 0 | I21: =+IFERROR(H21/$H$49,0) -> 0 | K21: SLA Consulta Médio | L21: =IFERROR(SUMIFS(Consolidado!$BA:$BA,Consolidado!$AU:$AU,Análise!L15,Consolidado!$AT:$AT,Análise!$C$7,Consolidado!$AS:$AS,IF(ISBLANK($C$2),"<>",$C$2),Consolidado!$C:$C,IF(ISBLANK($C$3),"<>",$C$3))/COUNTIFS(Consolidado!$AU:$AU,Análise!L15,Consolidado!$AT:$AT,Análise!$C$7,Consolidado!$AS:$AS,IF(ISBLANK($C$2),"<>",$C$2),Consolidado!$Q:$Q,$K17,Consolidado!$C:$C,IF(ISBLANK($C$3),"<>",$C$3),Consolidado!$BA:$BA,"<>"&0),0) -> 0 | M21: =IFERROR(SUMIFS(Consolidado!$BA:$BA,Consolidado!$AU:$AU,Análise!M15,Consolidado!$AT:$AT,Análise!$C$7,Consolidado!$AS:$AS,IF(ISBLANK($C$2),"<>",$C$2),Consolidado!$C:$C,IF(ISBLANK($C$3),"<>",$C$3))/COUNTIFS(Consolidado!$AU:$AU,Análise!M15,Consolidado!$AT:$AT,Análise!$C$7,Consolidado!$AS:$AS,IF(ISBLANK($C$2),"<>",$C$2),Consolidado!$Q:$Q,$K17,Consolidado!$C:$C,IF(ISBLANK($C$3),"<>",$C$3),Consolidado!$BA:$BA,"<>"&0),0) -> 0 | N21: =IFERROR(SUMIFS(Consolidado!$BA:$BA,Consolidado!$AU:$AU,Análise!N15,Consolidado!$AT:$AT,Análise!$C$7,Consolidado!$AS:$AS,IF(ISBLANK($C$2),"<>",$C$2),Consolidado!$C:$C,IF(ISBLANK($C$3),"<>",$C$3))/COUNTIFS(Consolidado!$AU:$AU,Análise!N15,Consolidado!$AT:$AT,Análise!$C$7,Consolidado!$AS:$AS,IF(ISBLANK($C$2),"<>",$C$2),Consolidado!$Q:$Q,$K17,Consolidado!$C:$C,IF(ISBLANK($C$3),"<>",$C$3),Consolidado!$BA:$BA,"<>"&0),0) -> 0 | O21: =IFERROR(SUMIFS(Consolidado!$BA:$BA,Consolidado!$AU:$AU,Análise!O15,Consolidado!$AT:$AT,Análise!$C$7,Consolidado!$AS:$AS,IF(ISBLANK($C$2),"<>",$C$2),Consolidado!$C:$C,IF(ISBLANK($C$3),"<>",$C$3))/COUNTIFS(Consolidado!$AU:$AU,Análise!O15,Consolidado!$AT:$AT,Análise!$C$7,Consolidado!$AS:$AS,IF(ISBLANK($C$2),"<>",$C$2),Consolidado!$Q:$Q,$K17,Consolidado!$C:$C,IF(ISBLANK($C$3),"<>",$C$3),Consolidado!$BA:$BA,"<>"&0),0) -> 0 | P21: =IFERROR(SUMIFS(Consolidado!$BA:$BA,Consolidado!$AU:$AU,Análise!P15,Consolidado!$AT:$AT,Análise!$C$7,Consolidado!$AS:$AS,IF(ISBLANK($C$2),"<>",$C$2),Consolidado!$C:$C,IF(ISBLANK($C$3),"<>",$C$3))/COUNTIFS(Consolidado!$AU:$AU,Análise!P15,Consolidado!$AT:$AT,Análise!$C$7,Consolidado!$AS:$AS,IF(ISBLANK($C$2),"<>",$C$2),Consolidado!$Q:$Q,$K17,Consolidado!$C:$C,IF(ISBLANK($C$3),"<>",$C$3),Consolidado!$BA:$BA,"<>"&0),0) -> 0 | Q21: =IFERROR(SUMIFS(Consolidado!BA:BA,Consolidado!$AT:$AT,Análise!$C$7,Consolidado!$AS:$AS,IF(ISBLANK($C$2),"<>",$C$2),Consolidado!$C:$C,IF(ISBLANK($C$3),"<>",$C$3))/COUNTIFS(Consolidado!$AT:$AT,Análise!$C$7,Consolidado!$AS:$AS,IF(ISBLANK($C$2),"<>",$C$2),Consolidado!$Q:$Q,K$17,Consolidado!$C:$C,IF(ISBLANK($C$3),"<>",$C$3),Consolidado!$BA:$BA,"<>"&0),0) -> 0 | S21: 3. Alta por queixas da operadora | T21: =COUNTIFS(Consolidado!$AS:$AS,IF(ISBLANK($C$2),"<>",$C$2),Consolidado!$Q:$Q,Análise!S21,Consolidado!$B:$B,"<="&Análise!$C$10,Consolidado!$B:$B,">="&Análise!$C$9,Consolidado!$C:$C,IF(ISBLANK($C$3),"<>",$C$3),Consolidado!$BB:$BB,"S") -> 0 | U21: =IFERROR(T21/$T$48,0) -> 0
B22: 3. Alta por queixas da operadora | C22: =COUNTIFS(Consolidado!$AU:$AU,Análise!C$15,Consolidado!$AT:$AT,Análise!$C$7,Consolidado!$AS:$AS,IF(ISBLANK($C$2),"<>",$C$2),Consolidado!$Q:$Q,Análise!$B22,Consolidado!$C:$C,IF(ISBLANK($C$3),"<>",$C$3),Consolidado!$BB:$BB,"S") -> 0 | D22: =COUNTIFS(Consolidado!$AU:$AU,Análise!D$15,Consolidado!$AT:$AT,Análise!$C$7,Consolidado!$AS:$AS,IF(ISBLANK($C$2),"<>",$C$2),Consolidado!$Q:$Q,Análise!$B22,Consolidado!$C:$C,IF(ISBLANK($C$3),"<>",$C$3),Consolidado!$BB:$BB,"S") -> 0 | E22: =COUNTIFS(Consolidado!$AU:$AU,Análise!E$15,Consolidado!$AT:$AT,Análise!$C$7,Consolidado!$AS:$AS,IF(ISBLANK($C$2),"<>",$C$2),Consolidado!$Q:$Q,Análise!$B22,Consolidado!$C:$C,IF(ISBLANK($C$3),"<>",$C$3),Consolidado!$BB:$BB,"S") -> 0 | F22: =COUNTIFS(Consolidado!$AU:$AU,Análise!F$15,Consolidado!$AT:$AT,Análise!$C$7,Consolidado!$AS:$AS,IF(ISBLANK($C$2),"<>",$C$2),Consolidado!$Q:$Q,Análise!$B22,Consolidado!$C:$C,IF(ISBLANK($C$3),"<>",$C$3),Consolidado!$BB:$BB,"S") -> 0 | G22: =COUNTIFS(Consolidado!$AU:$AU,Análise!G$15,Consolidado!$AT:$AT,Análise!$C$7,Consolidado!$AS:$AS,IF(ISBLANK($C$2),"<>",$C$2),Consolidado!$Q:$Q,Análise!$B22,Consolidado!$C:$C,IF(ISBLANK($C$3),"<>",$C$3),Consolidado!$BB:$BB,"S") -> 0 | H22: =SUM(C22:G22) -> 0 | I22: =+IFERROR(H22/$H$49,0) -> 0 | S22: 3. Alta por exclusão do plano | T22: =COUNTIFS(Consolidado!$AS:$AS,IF(ISBLANK($C$2),"<>",$C$2),Consolidado!$Q:$Q,Análise!S22,Consolidado!$B:$B,"<="&Análise!$C$10,Consolidado!$B:$B,">="&Análise!$C$9,Consolidado!$C:$C,IF(ISBLANK($C$3),"<>",$C$3),Consolidado!$BB:$BB,"S") -> 0 | U22: =IFERROR(T22/$T$48,0) -> 0 | W22: Por Gênero | X22: Absoluto | Y22: Percentual
B23: 3. Alta por exclusão do plano | C23: =COUNTIFS(Consolidado!$AU:$AU,Análise!C$15,Consolidado!$AT:$AT,Análise!$C$7,Consolidado!$AS:$AS,IF(ISBLANK($C$2),"<>",$C$2),Consolidado!$Q:$Q,Análise!$B23,Consolidado!$C:$C,IF(ISBLANK($C$3),"<>",$C$3),Consolidado!$BB:$BB,"S") -> 0 | D23: =COUNTIFS(Consolidado!$AU:$AU,Análise!D$15,Consolidado!$AT:$AT,Análise!$C$7,Consolidado!$AS:$AS,IF(ISBLANK($C$2),"<>",$C$2),Consolidado!$Q:$Q,Análise!$B23,Consolidado!$C:$C,IF(ISBLANK($C$3),"<>",$C$3),Consolidado!$BB:$BB,"S") -> 0 | E23: =COUNTIFS(Consolidado!$AU:$AU,Análise!E$15,Consolidado!$AT:$AT,Análise!$C$7,Consolidado!$AS:$AS,IF(ISBLANK($C$2),"<>",$C$2),Consolidado!$Q:$Q,Análise!$B23,Consolidado!$C:$C,IF(ISBLANK($C$3),"<>",$C$3),Consolidado!$BB:$BB,"S") -> 0 | F23: =COUNTIFS(Consolidado!$AU:$AU,Análise!F$15,Consolidado!$AT:$AT,Análise!$C$7,Consolidado!$AS:$AS,IF(ISBLANK($C$2),"<>",$C$2),Consolidado!$Q:$Q,Análise!$B23,Consolidado!$C:$C,IF(ISBLANK($C$3),"<>",$C$3),Consolidado!$BB:$BB,"S") -> 0 | G23: =COUNTIFS(Consolidado!$AU:$AU,Análise!G$15,Consolidado!$AT:$AT,Análise!$C$7,Consolidado!$AS:$AS,IF(ISBLANK($C$2),"<>",$C$2),Consolidado!$Q:$Q,Análise!$B23,Consolidado!$C:$C,IF(ISBLANK($C$3),"<>",$C$3),Consolidado!$BB:$BB,"S") -> 0 | H23: =SUM(C23:G23) -> 0 | I23: =+IFERROR(H23/$H$49,0) -> 0 | S23: 3. Alta por óbito | T23: =COUNTIFS(Consolidado!$AS:$AS,IF(ISBLANK($C$2),"<>",$C$2),Consolidado!$Q:$Q,Análise!S23,Consolidado!$B:$B,"<="&Análise!$C$10,Consolidado!$B:$B,">="&Análise!$C$9,Consolidado!$C:$C,IF(ISBLANK($C$3),"<>",$C$3),Consolidado!$BB:$BB,"S") -> 0 | U23: =IFERROR(T23/$T$48,0) -> 0 | W23: F | X23: =COUNTIFS(Consolidado!$AS:$AS,IF(ISBLANK($C$2),"<>",$C$2),Consolidado!$Q:$Q,Análise!S15,Consolidado!$B:$B,"<="&Análise!$C$10,Consolidado!$B:$B,">="&Análise!$C$9,Consolidado!$C:$C,IF(ISBLANK($C$3),"<>",$C$3),Consolidado!$J:$J,$W23,Consolidado!$BB:$BB,"S") -> 0 | Y23: =IFERROR(X23/SUM($X$23:$X$24),"")
B24: 3. Alta por óbito | C24: =COUNTIFS(Consolidado!$AU:$AU,Análise!C$15,Consolidado!$AT:$AT,Análise!$C$7,Consolidado!$AS:$AS,IF(ISBLANK($C$2),"<>",$C$2),Consolidado!$Q:$Q,Análise!$B24,Consolidado!$C:$C,IF(ISBLANK($C$3),"<>",$C$3),Consolidado!$BB:$BB,"S") -> 0 | D24: =COUNTIFS(Consolidado!$AU:$AU,Análise!D$15,Consolidado!$AT:$AT,Análise!$C$7,Consolidado!$AS:$AS,IF(ISBLANK($C$2),"<>",$C$2),Consolidado!$Q:$Q,Análise!$B24,Consolidado!$C:$C,IF(ISBLANK($C$3),"<>",$C$3),Consolidado!$BB:$BB,"S") -> 0 | E24: =COUNTIFS(Consolidado!$AU:$AU,Análise!E$15,Consolidado!$AT:$AT,Análise!$C$7,Consolidado!$AS:$AS,IF(ISBLANK($C$2),"<>",$C$2),Consolidado!$Q:$Q,Análise!$B24,Consolidado!$C:$C,IF(ISBLANK($C$3),"<>",$C$3),Consolidado!$BB:$BB,"S") -> 0 | F24: =COUNTIFS(Consolidado!$AU:$AU,Análise!F$15,Consolidado!$AT:$AT,Análise!$C$7,Consolidado!$AS:$AS,IF(ISBLANK($C$2),"<>",$C$2),Consolidado!$Q:$Q,Análise!$B24,Consolidado!$C:$C,IF(ISBLANK($C$3),"<>",$C$3),Consolidado!$BB:$BB,"S") -> 0 | G24: =COUNTIFS(Consolidado!$AU:$AU,Análise!G$15,Consolidado!$AT:$AT,Análise!$C$7,Consolidado!$AS:$AS,IF(ISBLANK($C$2),"<>",$C$2),Consolidado!$Q:$Q,Análise!$B24,Consolidado!$C:$C,IF(ISBLANK($C$3),"<>",$C$3),Consolidado!$BB:$BB,"S") -> 0 | H24: =SUM(C24:G24) -> 0 | I24: =+IFERROR(H24/$H$49,0) -> 0 | K24: Parâmetros | L24: Semana | S24: 4. Recusa por falta de interesse | T24: =COUNTIFS(Consolidado!$AS:$AS,IF(ISBLANK($C$2),"<>",$C$2),Consolidado!$Q:$Q,Análise!S24,Consolidado!$B:$B,"<="&Análise!$C$10,Consolidado!$B:$B,">="&Análise!$C$9,Consolidado!$C:$C,IF(ISBLANK($C$3),"<>",$C$3),Consolidado!$BB:$BB,"S") -> 0 | U24: =IFERROR(T24/$T$48,0) -> 0 | W24: M | X24: =COUNTIFS(Consolidado!$AS:$AS,IF(ISBLANK($C$2),"<>",$C$2),Consolidado!$Q:$Q,S15,Consolidado!$B:$B,"<="&Análise!$C$10,Consolidado!$B:$B,">="&Análise!$C$9,Consolidado!$C:$C,IF(ISBLANK($C$3),"<>",$C$3),Consolidado!$J:$J,$W24,Consolidado!$BB:$BB,"S") -> 0 | Y24: =IFERROR(X24/SUM($X$23:$X$24),"")
B25: 4. Recusa por falta de interesse | C25: =COUNTIFS(Consolidado!$AU:$AU,Análise!C$15,Consolidado!$AT:$AT,Análise!$C$7,Consolidado!$AS:$AS,IF(ISBLANK($C$2),"<>",$C$2),Consolidado!$Q:$Q,Análise!$B25,Consolidado!$C:$C,IF(ISBLANK($C$3),"<>",$C$3),Consolidado!$BB:$BB,"S") -> 0 | D25: =COUNTIFS(Consolidado!$AU:$AU,Análise!D$15,Consolidado!$AT:$AT,Análise!$C$7,Consolidado!$AS:$AS,IF(ISBLANK($C$2),"<>",$C$2),Consolidado!$Q:$Q,Análise!$B25,Consolidado!$C:$C,IF(ISBLANK($C$3),"<>",$C$3),Consolidado!$BB:$BB,"S") -> 0 | E25: =COUNTIFS(Consolidado!$AU:$AU,Análise!E$15,Consolidado!$AT:$AT,Análise!$C$7,Consolidado!$AS:$AS,IF(ISBLANK($C$2),"<>",$C$2),Consolidado!$Q:$Q,Análise!$B25,Consolidado!$C:$C,IF(ISBLANK($C$3),"<>",$C$3),Consolidado!$BB:$BB,"S") -> 0 | F25: =COUNTIFS(Consolidado!$AU:$AU,Análise!F$15,Consolidado!$AT:$AT,Análise!$C$7,Consolidado!$AS:$AS,IF(ISBLANK($C$2),"<>",$C$2),Consolidado!$Q:$Q,Análise!$B25,Consolidado!$C:$C,IF(ISBLANK($C$3),"<>",$C$3),Consolidado!$BB:$BB,"S") -> 0 | G25: =COUNTIFS(Consolidado!$AU:$AU,Análise!G$15,Consolidado!$AT:$AT,Análise!$C$7,Consolidado!$AS:$AS,IF(ISBLANK($C$2),"<>",$C$2),Consolidado!$Q:$Q,Análise!$B25,Consolidado!$C:$C,IF(ISBLANK($C$3),"<>",$C$3),Consolidado!$BB:$BB,"S") -> 0 | H25: =SUM(C25:G25) -> 0 | I25: =+IFERROR(H25/$H$49,0) -> 0 | L25: 1 | M25: 2 | N25: 3 | O25: 4 | P25: 5 | Q25: Mês | S25: 4. Recusa por já possui acompanhamento | T25: =COUNTIFS(Consolidado!$AS:$AS,IF(ISBLANK($C$2),"<>",$C$2),Consolidado!$Q:$Q,Análise!S25,Consolidado!$B:$B,"<="&Análise!$C$10,Consolidado!$B:$B,">="&Análise!$C$9,Consolidado!$C:$C,IF(ISBLANK($C$3),"<>",$C$3),Consolidado!$BB:$BB,"S") -> 0 | U25: =IFERROR(T25/$T$48,0) -> 0
B26: 4. Recusa por já possui acompanhamento | C26: =COUNTIFS(Consolidado!$AU:$AU,Análise!C$15,Consolidado!$AT:$AT,Análise!$C$7,Consolidado!$AS:$AS,IF(ISBLANK($C$2),"<>",$C$2),Consolidado!$Q:$Q,Análise!$B26,Consolidado!$C:$C,IF(ISBLANK($C$3),"<>",$C$3),Consolidado!$BB:$BB,"S") -> 0 | D26: =COUNTIFS(Consolidado!$AU:$AU,Análise!D$15,Consolidado!$AT:$AT,Análise!$C$7,Consolidado!$AS:$AS,IF(ISBLANK($C$2),"<>",$C$2),Consolidado!$Q:$Q,Análise!$B26,Consolidado!$C:$C,IF(ISBLANK($C$3),"<>",$C$3),Consolidado!$BB:$BB,"S") -> 0 | E26: =COUNTIFS(Consolidado!$AU:$AU,Análise!E$15,Consolidado!$AT:$AT,Análise!$C$7,Consolidado!$AS:$AS,IF(ISBLANK($C$2),"<>",$C$2),Consolidado!$Q:$Q,Análise!$B26,Consolidado!$C:$C,IF(ISBLANK($C$3),"<>",$C$3),Consolidado!$BB:$BB,"S") -> 0 | F26: =COUNTIFS(Consolidado!$AU:$AU,Análise!F$15,Consolidado!$AT:$AT,Análise!$C$7,Consolidado!$AS:$AS,IF(ISBLANK($C$2),"<>",$C$2),Consolidado!$Q:$Q,Análise!$B26,Consolidado!$C:$C,IF(ISBLANK($C$3),"<>",$C$3),Consolidado!$BB:$BB,"S") -> 0 | G26: =COUNTIFS(Consolidado!$AU:$AU,Análise!G$15,Consolidado!$AT:$AT,Análise!$C$7,Consolidado!$AS:$AS,IF(ISBLANK($C$2),"<>",$C$2),Consolidado!$Q:$Q,Análise!$B26,Consolidado!$C:$C,IF(ISBLANK($C$3),"<>",$C$3),Consolidado!$BB:$BB,"S") -> 0 | H26: =SUM(C26:G26) -> 0 | I26: =+IFERROR(H26/$H$49,0) -> 0 | K26: SLA Exclusão Médio | L26: =IFERROR(SUMIFS(Consolidado!AY:AY,Consolidado!$AU:$AU,L25,Consolidado!$AT:$AT,Análise!$C$7,Consolidado!$AS:$AS,IF(ISBLANK($C$2),"<>",$C$2),Consolidado!$C:$C,IF(ISBLANK($C$3),"<>",$C$3))/COUNTIFS(Consolidado!$R:$R,"<>",Consolidado!$S:$S,"<>",Consolidado!$AT:$AT,Análise!$C$7,Consolidado!$AS:$AS,IF(ISBLANK($C$2),"<>",$C$2),Consolidado!$C:$C,IF(ISBLANK($C$3),"<>",$C$3),Consolidado!$AU:$AU,L25),0) -> 0 | M26: =IFERROR(SUMIFS(Consolidado!AY:AY,Consolidado!$AU:$AU,M25,Consolidado!$AT:$AT,Análise!$C$7,Consolidado!$AS:$AS,IF(ISBLANK($C$2),"<>",$C$2),Consolidado!$C:$C,IF(ISBLANK($C$3),"<>",$C$3))/COUNTIFS(Consolidado!$R:$R,"<>",Consolidado!$S:$S,"<>",Consolidado!$AT:$AT,Análise!$C$7,Consolidado!$AS:$AS,IF(ISBLANK($C$2),"<>",$C$2),Consolidado!$C:$C,IF(ISBLANK($C$3),"<>",$C$3),Consolidado!$AU:$AU,M25),0) -> 0 | N26: =IFERROR(SUMIFS(Consolidado!AY:AY,Consolidado!$AU:$AU,N25,Consolidado!$AT:$AT,Análise!$C$7,Consolidado!$AS:$AS,IF(ISBLANK($C$2),"<>",$C$2),Consolidado!$C:$C,IF(ISBLANK($C$3),"<>",$C$3))/COUNTIFS(Consolidado!$R:$R,"<>",Consolidado!$S:$S,"<>",Consolidado!$AT:$AT,Análise!$C$7,Consolidado!$AS:$AS,IF(ISBLANK($C$2),"<>",$C$2),Consolidado!$C:$C,IF(ISBLANK($C$3),"<>",$C$3),Consolidado!$AU:$AU,N25),0) -> 0 | O26: =IFERROR(SUMIFS(Consolidado!AY:AY,Consolidado!$AU:$AU,O25,Consolidado!$AT:$AT,Análise!$C$7,Consolidado!$AS:$AS,IF(ISBLANK($C$2),"<>",$C$2),Consolidado!$C:$C,IF(ISBLANK($C$3),"<>",$C$3))/COUNTIFS(Consolidado!$R:$R,"<>",Consolidado!$S:$S,"<>",Consolidado!$AT:$AT,Análise!$C$7,Consolidado!$AS:$AS,IF(ISBLANK($C$2),"<>",$C$2),Consolidado!$C:$C,IF(ISBLANK($C$3),"<>",$C$3),Consolidado!$AU:$AU,O25),0) -> 0 | P26: =IFERROR(SUMIFS(Consolidado!AY:AY,Consolidado!$AU:$AU,P25,Consolidado!$AT:$AT,Análise!$C$7,Consolidado!$AS:$AS,IF(ISBLANK($C$2),"<>",$C$2),Consolidado!$C:$C,IF(ISBLANK($C$3),"<>",$C$3))/COUNTIFS(Consolidado!$R:$R,"<>",Consolidado!$S:$S,"<>",Consolidado!$AT:$AT,Análise!$C$7,Consolidado!$AS:$AS,IF(ISBLANK($C$2),"<>",$C$2),Consolidado!$C:$C,IF(ISBLANK($C$3),"<>",$C$3),Consolidado!$AU:$AU,P25),0) -> 0 | Q26: =IFERROR(SUMIFS(Consolidado!AY:AY,Consolidado!$AT:$AT,Análise!$C$7,Consolidado!$AS:$AS,IF(ISBLANK($C$2),"<>",$C$2),Consolidado!$C:$C,IF(ISBLANK($C$3),"<>",$C$3))/COUNTIFS(Consolidado!$R:$R,"<>",Consolidado!$S:$S,"<>",Consolidado!$AT:$AT,Análise!$C$7,Consolidado!$AS:$AS,IF(ISBLANK($C$2),"<>",$C$2),Consolidado!$C:$C,IF(ISBLANK($C$3),"<>",$C$3)),0) -> 0 | S26: 4. Recusa por queixas da operadora | T26: =COUNTIFS(Consolidado!$AS:$AS,IF(ISBLANK($C$2),"<>",$C$2),Consolidado!$Q:$Q,Análise!S26,Consolidado!$B:$B,"<="&Análise!$C$10,Consolidado!$B:$B,">="&Análise!$C$9,Consolidado!$C:$C,IF(ISBLANK($C$3),"<>",$C$3),Consolidado!$BB:$BB,"S") -> 0 | U26: =IFERROR(T26/$T$48,0) -> 0
B27: 4. Recusa por queixas da operadora | C27: =COUNTIFS(Consolidado!$AU:$AU,Análise!C$15,Consolidado!$AT:$AT,Análise!$C$7,Consolidado!$AS:$AS,IF(ISBLANK($C$2),"<>",$C$2),Consolidado!$Q:$Q,Análise!$B27,Consolidado!$C:$C,IF(ISBLANK($C$3),"<>",$C$3),Consolidado!$BB:$BB,"S") -> 0 | D27: =COUNTIFS(Consolidado!$AU:$AU,Análise!D$15,Consolidado!$AT:$AT,Análise!$C$7,Consolidado!$AS:$AS,IF(ISBLANK($C$2),"<>",$C$2),Consolidado!$Q:$Q,Análise!$B27,Consolidado!$C:$C,IF(ISBLANK($C$3),"<>",$C$3),Consolidado!$BB:$BB,"S") -> 0 | E27: =COUNTIFS(Consolidado!$AU:$AU,Análise!E$15,Consolidado!$AT:$AT,Análise!$C$7,Consolidado!$AS:$AS,IF(ISBLANK($C$2),"<>",$C$2),Consolidado!$Q:$Q,Análise!$B27,Consolidado!$C:$C,IF(ISBLANK($C$3),"<>",$C$3),Consolidado!$BB:$BB,"S") -> 0 | F27: =COUNTIFS(Consolidado!$AU:$AU,Análise!F$15,Consolidado!$AT:$AT,Análise!$C$7,Consolidado!$AS:$AS,IF(ISBLANK($C$2),"<>",$C$2),Consolidado!$Q:$Q,Análise!$B27,Consolidado!$C:$C,IF(ISBLANK($C$3),"<>",$C$3),Consolidado!$BB:$BB,"S") -> 0 | G27: =COUNTIFS(Consolidado!$AU:$AU,Análise!G$15,Consolidado!$AT:$AT,Análise!$C$7,Consolidado!$AS:$AS,IF(ISBLANK($C$2),"<>",$C$2),Consolidado!$Q:$Q,Análise!$B27,Consolidado!$C:$C,IF(ISBLANK($C$3),"<>",$C$3),Consolidado!$BB:$BB,"S") -> 0 | H27: =SUM(C27:G27) -> 0 | I27: =+IFERROR(H27/$H$49,0) -> 0 | S27: 4. Recusa por cobrança de copart | T27: =COUNTIFS(Consolidado!$AS:$AS,IF(ISBLANK($C$2),"<>",$C$2),Consolidado!$Q:$Q,Análise!S27,Consolidado!$B:$B,"<="&Análise!$C$10,Consolidado!$B:$B,">="&Análise!$C$9,Consolidado!$C:$C,IF(ISBLANK($C$3),"<>",$C$3),Consolidado!$BB:$BB,"S") -> 0 | U27: =IFERROR(T27/$T$48,0) -> 0
B28: 4. Recusa por cobrança de copart | C28: =COUNTIFS(Consolidado!$AU:$AU,Análise!C$15,Consolidado!$AT:$AT,Análise!$C$7,Consolidado!$AS:$AS,IF(ISBLANK($C$2),"<>",$C$2),Consolidado!$Q:$Q,Análise!$B28,Consolidado!$C:$C,IF(ISBLANK($C$3),"<>",$C$3),Consolidado!$BB:$BB,"S") -> 0 | D28: =COUNTIFS(Consolidado!$AU:$AU,Análise!D$15,Consolidado!$AT:$AT,Análise!$C$7,Consolidado!$AS:$AS,IF(ISBLANK($C$2),"<>",$C$2),Consolidado!$Q:$Q,Análise!$B28,Consolidado!$C:$C,IF(ISBLANK($C$3),"<>",$C$3),Consolidado!$BB:$BB,"S") -> 0 | E28: =COUNTIFS(Consolidado!$AU:$AU,Análise!E$15,Consolidado!$AT:$AT,Análise!$C$7,Consolidado!$AS:$AS,IF(ISBLANK($C$2),"<>",$C$2),Consolidado!$Q:$Q,Análise!$B28,Consolidado!$C:$C,IF(ISBLANK($C$3),"<>",$C$3),Consolidado!$BB:$BB,"S") -> 0 | F28: =COUNTIFS(Consolidado!$AU:$AU,Análise!F$15,Consolidado!$AT:$AT,Análise!$C$7,Consolidado!$AS:$AS,IF(ISBLANK($C$2),"<>",$C$2),Consolidado!$Q:$Q,Análise!$B28,Consolidado!$C:$C,IF(ISBLANK($C$3),"<>",$C$3),Consolidado!$BB:$BB,"S") -> 0 | G28: =COUNTIFS(Consolidado!$AU:$AU,Análise!G$15,Consolidado!$AT:$AT,Análise!$C$7,Consolidado!$AS:$AS,IF(ISBLANK($C$2),"<>",$C$2),Consolidado!$Q:$Q,Análise!$B28,Consolidado!$C:$C,IF(ISBLANK($C$3),"<>",$C$3),Consolidado!$BB:$BB,"S") -> 0 | H28: =SUM(C28:G28) -> 0 | I28: =+IFERROR(H28/$H$49,0) -> 0 | S28: 4. Recusa por referir ação judicial | T28: =COUNTIFS(Consolidado!$AS:$AS,IF(ISBLANK($C$2),"<>",$C$2),Consolidado!$Q:$Q,Análise!S28,Consolidado!$B:$B,"<="&Análise!$C$10,Consolidado!$B:$B,">="&Análise!$C$9,Consolidado!$C:$C,IF(ISBLANK($C$3),"<>",$C$3),Consolidado!$BB:$BB,"S") -> 0 | U28: =IFERROR(T28/$T$48,0) -> 0
B29: 4. Recusa por referir ação judicial | C29: =COUNTIFS(Consolidado!$AU:$AU,Análise!C$15,Consolidado!$AT:$AT,Análise!$C$7,Consolidado!$AS:$AS,IF(ISBLANK($C$2),"<>",$C$2),Consolidado!$Q:$Q,Análise!$B29,Consolidado!$C:$C,IF(ISBLANK($C$3),"<>",$C$3),Consolidado!$BB:$BB,"S") -> 0 | D29: =COUNTIFS(Consolidado!$AU:$AU,Análise!D$15,Consolidado!$AT:$AT,Análise!$C$7,Consolidado!$AS:$AS,IF(ISBLANK($C$2),"<>",$C$2),Consolidado!$Q:$Q,Análise!$B29,Consolidado!$C:$C,IF(ISBLANK($C$3),"<>",$C$3),Consolidado!$BB:$BB,"S") -> 0 | E29: =COUNTIFS(Consolidado!$AU:$AU,Análise!E$15,Consolidado!$AT:$AT,Análise!$C$7,Consolidado!$AS:$AS,IF(ISBLANK($C$2),"<>",$C$2),Consolidado!$Q:$Q,Análise!$B29,Consolidado!$C:$C,IF(ISBLANK($C$3),"<>",$C$3),Consolidado!$BB:$BB,"S") -> 0 | F29: =COUNTIFS(Consolidado!$AU:$AU,Análise!F$15,Consolidado!$AT:$AT,Análise!$C$7,Consolidado!$AS:$AS,IF(ISBLANK($C$2),"<>",$C$2),Consolidado!$Q:$Q,Análise!$B29,Consolidado!$C:$C,IF(ISBLANK($C$3),"<>",$C$3),Consolidado!$BB:$BB,"S") -> 0 | G29: =COUNTIFS(Consolidado!$AU:$AU,Análise!G$15,Consolidado!$AT:$AT,Análise!$C$7,Consolidado!$AS:$AS,IF(ISBLANK($C$2),"<>",$C$2),Consolidado!$Q:$Q,Análise!$B29,Consolidado!$C:$C,IF(ISBLANK($C$3),"<>",$C$3),Consolidado!$BB:$BB,"S") -> 0 | H29: =SUM(C29:G29) -> 0 | I29: =+IFERROR(H29/$H$49,0) -> 0 | K29: Parâmetros | L29: Semana | S29: 4. Recusa por desconfiança do programa | T29: =COUNTIFS(Consolidado!$AS:$AS,IF(ISBLANK($C$2),"<>",$C$2),Consolidado!$Q:$Q,Análise!S29,Consolidado!$B:$B,"<="&Análise!$C$10,Consolidado!$B:$B,">="&Análise!$C$9,Consolidado!$C:$C,IF(ISBLANK($C$3),"<>",$C$3),Consolidado!$BB:$BB,"S") -> 0 | U29: =IFERROR(T29/$T$48,0) -> 0
