Workbook

Sheet Consolidado
A1: Prioridade no Contato? | B1: Data Envio Paciente | C1: Motivo Envio | D1: Origem | E1: MO | F1: Nome do paciente | G1: CPF | H1: Data de Nascimento | I1: Idade | J1: Genero | K1: Estado | L1: Município | M1: Bairro | N1: Nível de Rede | O1: Telefone atualizado | P1: Profissional | Q1: Status BNF Linha | R1: Data de Inclusão | S1: Data da Alta, Inatividade ou Recusa | T1: Status Do Contato | U1: Situação Atual Do Paciente | V1: Tentativa de Contato 1 | W1: Tentativa de Contato 2 | X1: Tentativa de Contato 3 | Y1: Observações Importantes | Z1: Status Pré Consulta Enfermagem | AA1: Data 1ª Consulta de Enfermagem | AB1: Status da 1ª Consulta Enfermagem | AC1: Se reagendado, sinalizar datas | AD1: Complexidade | AE1: Resultado da Escala | AF1: Local de Acomapanhamento inicial | AG1: Local de Acomapanhamento atual | AH1: Diagnostico Confirmado? | AI1: Direcionado ao Hub? | AJ1: Flag | AK1: Encaminhado p/ Consolidado? | AL1: Linha | AM1: Mês/Ano | AN1: Semana | AO1: Mês/Ano Inclusão | AP1: Semana Inclusão | AQ1: SLA Captação | AR1: SLA Exclusão | AS1: SLA Tent. Contatos | AT1: SLA Consulta | AU1: Ativo/Inativo
A2: Sim | B2: 46030 | C2: Captação + Navegação | D2: Forms | E2: 450110320 | F2: GILVAN CARNEIRO | H2: 26819 | I2: 52 | J2: M | K2: SP | L2: SAO PAULO | M2: Av Carlos Lacerda, 3232 - Pirajussara CEP 05789001 Sao Paulo SP | N2: 100 | O2: 11958997396 | P2: Caio | Q2: 1. Aceitou o programa | R2: 46077 | T2: Contato Com Sucesso | U2: Ativo | V2: 46077 | W2: Não se aplica | X2: Não se aplica | Y2: AVC RECENTE | Z2: Agendada | AA2: 46077 | AB2: Realizada | AJ2: Sim | AK2: Sim | AL2: Pós-AVC | AM2: =MONTH(B2)&"/"&YEAR(B2) -> 1/2026 | AN2: =WEEKNUM(B2)-WEEKNUM(EOMONTH(B2,-1)+1)+1 -> 2 | AO2: =MONTH(R2)&"/"&YEAR(R2) -> 2/2026 | AP2: =WEEKNUM(R2)-WEEKNUM(EOMONTH(R2,-1)+1)+1 -> 4 | AQ2: =IF(AU2="S",IF(Q2="1. Aceitou o programa",R2-B2,0),0) -> 47 | AR2: =IF(AU2="S",IF(AND(S2<>"",R2<>""),S2-R2,0),0) -> 0 | AS2: =IF(AU2="S",IF(Q2="1. Aceitou o programa",IF(OR(X2="Não se Aplica",X2=""),IF(OR(W2="Não se Aplica",W2=""),0,W2-V2),AVERAGE(X2-W2,W2-V2)),0),0) -> 0 | AT2: =IF(AU2="S",IF(AND(Q2="1. Aceitou o programa",AB2="Realizada"),IFERROR(IF(AA2="",0,AA2-R2),0),0),0) -> 0 | AU2: =_xlfn.XLOOKUP(U2,'Lista Suspensa'!$AA$20:$AA$23,'Lista Suspensa'!$AB$20:$AB$23,"N/A") -> S
A3: Sim | B3: 46030 | C3: Captação + Navegação | D3: Forms | E3: 94578522 | F3: ANTONIO SOBRINHO DA SILVA | H3: 18008 | I3: 77 | J3: M | K3: SP | L3: SAO PAULO | M3: R Jorge Kobayashi, 72 - Colinas De Itapevi CEP 06655810 Itapevi SP | N3: 60 | O3: 11998978476 | P3: Caio | Q3: 3. Recusa por falta de interesse | S3: 46077 | T3: Contato Com Sucesso | U3: Fora da Linha | V3: 46077 | W3: 46125 | Y3: 27/12/2026 - Falo com Alessandra - Filha // Desligou de forma abrupa 12/03 | AJ3: Desflagado | AL3: Pós-AVC | AM3: =MONTH(B3)&"/"&YEAR(B3) -> 1/2026 | AN3: =WEEKNUM(B3)-WEEKNUM(EOMONTH(B3,-1)+1)+1 -> 2 | AO3: =MONTH(R3)&"/"&YEAR(R3) -> 1/1900 | AP3: =WEEKNUM(R3)-WEEKNUM(EOMONTH(R3,-1)+1)+1 -> #NUM! | AQ3: =IF(AU3="S",IF(Q3="1. Aceitou o programa",R3-B3,0),0) -> 0 | AR3: =IF(AU3="S",IF(AND(S3<>"",R3<>""),S3-R3,0),0) -> 0 | AS3: =IF(AU3="S",IF(Q3="1. Aceitou o programa",IF(OR(X3="Não se Aplica",X3=""),IF(OR(W3="Não se Aplica",W3=""),0,W3-V3),AVERAGE(X3-W3,W3-V3)),0),0) -> 0 | AT3: =IF(AU3="S",IF(AND(Q3="1. Aceitou o programa",AB3="Realizada"),IFERROR(IF(AA3="",0,AA3-R3),0),0),0) -> 0 | AU3: =_xlfn.XLOOKUP(U3,'Lista Suspensa'!$AA$20:$AA$23,'Lista Suspensa'!$AB$20:$AB$23,"N/A") -> S
A4: Sim | B4: 46030 | C4: Captação + Navegação | D4: Forms | E4: 128560118 | F4: CAZUMI JOSE HIRATA | H4: 13993 | I4: 88 | J4: M | K4: SP | L4: SAO PAULO | M4: Av Jabaquara 1195, 1195 - Mirandopolis CEP 04045970 Sao Paulo SP | N4: 400 | O4: 11995061936 | P4: Caio | Q4: 3. Recusa por falta de interesse | S4: 46077 | T4: Contato Com Sucesso | U4: Fora da Linha | V4: 46077 | W4: 46125 | X4: 46141 | Y4: FALO COM A SRA LUCI - ESPOSA -AVC RECENTE - NÃO ATENDE MAIS | Z4: Agendada | AA4: 46157 | AJ4: Desflagado | AL4: Pós-AVC | AM4: =MONTH(B4)&"/"&YEAR(B4) -> 1/2026 | AN4: =WEEKNUM(B4)-WEEKNUM(EOMONTH(B4,-1)+1)+1 -> 2 | AO4: =MONTH(R4)&"/"&YEAR(R4) -> 1/1900 | AP4: =WEEKNUM(R4)-WEEKNUM(EOMONTH(R4,-1)+1)+1 -> #NUM! | AQ4: =IF(AU4="S",IF(Q4="1. Aceitou o programa",R4-B4,0),0) -> 0 | AR4: =IF(AU4="S",IF(AND(S4<>"",R4<>""),S4-R4,0),0) -> 0 | AS4: =IF(AU4="S",IF(Q4="1. Aceitou o programa",IF(OR(X4="Não se Aplica",X4=""),IF(OR(W4="Não se Aplica",W4=""),0,W4-V4),AVERAGE(X4-W4,W4-V4)),0),0) -> 0 | AT4: =IF(AU4="S",IF(AND(Q4="1. Aceitou o programa",AB4="Realizada"),IFERROR(IF(AA4="",0,AA4-R4),0),0),0) -> 0 | AU4: =_xlfn.XLOOKUP(U4,'Lista Suspensa'!$AA$20:$AA$23,'Lista Suspensa'!$AB$20:$AB$23,"N/A") -> S
A5: Sim | B5: 46030 | C5: Captação + Navegação | D5: Forms | E5: 86832934 | F5: PAULO XAVIER DOS SANTOS | H5: 26573 | I5: 126 | J5: M | K5: SP | L5: SAO PAULO | M5: ND | N5: 60 | O5: 11962088683 | P5: Caio | Q5: 1. Aceitou o programa | R5: 46127 | T5: Contato Com Sucesso | U5: Ativo | V5: 46077 | W5: 46125 | X5: Não se aplica | Y5: NÃO DÁ SEGUIMENTO | Z5: Agendada | AA5: 46127 | AB5: Realizada | AD5: Baixa | AE5: 2 | AF5: Interno - Amil Geral | AI5: Sim | AJ5: Sim | AK5: Sim | AL5: Pós-AVC | AM5: =MONTH(B5)&"/"&YEAR(B5) -> 1/2026 | AN5: =WEEKNUM(B5)-WEEKNUM(EOMONTH(B5,-1)+1)+1 -> 2 | AO5: =MONTH(R5)&"/"&YEAR(R5) -> 4/2026 | AP5: =WEEKNUM(R5)-WEEKNUM(EOMONTH(R5,-1)+1)+1 -> 3 | AQ5: =IF(AU5="S",IF(Q5="1. Aceitou o programa",R5-B5,0),0) -> 97 | AR5: =IF(AU5="S",IF(AND(S5<>"",R5<>""),S5-R5,0),0) -> 0 | AS5: =IF(AU5="S",IF(Q5="1. Aceitou o programa",IF(OR(X5="Não se Aplica",X5=""),IF(OR(W5="Não se Aplica",W5=""),0,W5-V5),AVERAGE(X5-W5,W5-V5)),0),0) -> 48 | AT5: =IF(AU5="S",IF(AND(Q5="1. Aceitou o programa",AB5="Realizada"),IFERROR(IF(AA5="",0,AA5-R5),0),0),0) -> 0 | AU5: =_xlfn.XLOOKUP(U5,'Lista Suspensa'!$AA$20:$AA$23,'Lista Suspensa'!$AB$20:$AB$23,"N/A") -> S
A6: Sim | B6: 46030 | C6: Captação + Navegação | D6: Triggers | E6: 222857366 | F6: NEUSA DUTRA GOMES | H6: 17250 | I6: 79 | J6: F | K6: SP | L6: SAO PAULO | M6: PLANALTO PAULISTA | N6: 600 | O6: 11-996001590; 11-996513083 | P6: Caio | Q6: 1. Aceitou o programa | R6: 46078 | T6: Contato Com Sucesso | U6: Ativo | V6: 46078 | W6: Não se aplica | X6: Não se aplica | Y6: FALO COM A CINTIA | Z6: Aguardando Agendamento | AJ6: Sim | AK6: Sim | AL6: Pós-AVC | AM6: =MONTH(B6)&"/"&YEAR(B6) -> 1/2026 | AN6: =WEEKNUM(B6)-WEEKNUM(EOMONTH(B6,-1)+1)+1 -> 2 | AO6: =MONTH(R6)&"/"&YEAR(R6) -> 2/2026 | AP6: =WEEKNUM(R6)-WEEKNUM(EOMONTH(R6,-1)+1)+1 -> 4 | AQ6: =IF(AU6="S",IF(Q6="1. Aceitou o programa",R6-B6,0),0) -> 48 | AR6: =IF(AU6="S",IF(AND(S6<>"",R6<>""),S6-R6,0),0) -> 0 | AS6: =IF(AU6="S",IF(Q6="1. Aceitou o programa",IF(OR(X6="Não se Aplica",X6=""),IF(OR(W6="Não se Aplica",W6=""),0,W6-V6),AVERAGE(X6-W6,W6-V6)),0),0) -> 0 | AT6: =IF(AU6="S",IF(AND(Q6="1. Aceitou o programa",AB6="Realizada"),IFERROR(IF(AA6="",0,AA6-R6),0),0),0) -> 0 | AU6: =_xlfn.XLOOKUP(U6,'Lista Suspensa'!$AA$20:$AA$23,'Lista Suspensa'!$AB$20:$AB$23,"N/A") -> S
A7: Sim | B7: 46030 | C7: Captação + Navegação | D7: Triggers | E7: 451708490 | F7: MAURO GOUVEA | H7: 16840 | I7: 80 | J7: M | K7: SP | L7: SAO PAULO | M7: VILA GUMERCINDO | N7: 500 | O7: 11-32099067; 11-998012413 | P7: Caio | Q7: 1. Aceitou o programa | R7: 46058 | T7: Contato Com Sucesso | U7: Ativo | V7: 46058 | W7: Não se aplica | X7: Não se aplica | Y7: POSSÍVEL AVC HÁ 20 DIAS - LIGAR EM 20 DIAS | Z7: Aguardando Agendamento | AJ7: Sim | AK7: Sim | AL7: Pós-AVC | AM7: =MONTH(B7)&"/"&YEAR(B7) -> 1/2026 | AN7: =WEEKNUM(B7)-WEEKNUM(EOMONTH(B7,-1)+1)+1 -> 2 | AO7: =MONTH(R7)&"/"&YEAR(R7) -> 2/2026 | AP7: =WEEKNUM(R7)-WEEKNUM(EOMONTH(R7,-1)+1)+1 -> 1 | AQ7: =IF(AU7="S",IF(Q7="1. Aceitou o programa",R7-B7,0),0) -> 28 | AR7: =IF(AU7="S",IF(AND(S7<>"",R7<>""),S7-R7,0),0) -> 0 | AS7: =IF(AU7="S",IF(Q7="1. Aceitou o programa",IF(OR(X7="Não se Aplica",X7=""),IF(OR(W7="Não se Aplica",W7=""),0,W7-V7),AVERAGE(X7-W7,W7-V7)),0),0) -> 0 | AT7: =IF(AU7="S",IF(AND(Q7="1. Aceitou o programa",AB7="Realizada"),IFERROR(IF(AA7="",0,AA7-R7),0),0),0) -> 0 | AU7: =_xlfn.XLOOKUP(U7,'Lista Suspensa'!$AA$20:$AA$23,'Lista Suspensa'!$AB$20:$AB$23,"N/A") -> S
A8: Sim | B8: 46030 | C8: Captação + Navegação | D8: Triggers | E8: 72529316 | F8: ISA ARAUJO FIGARELLA | H8: 31040 | I8: 41 | J8: F | K8: SP | L8: SAO PAULO | M8: JARDIM INGA | N8: 50 | O8: 11-55133065; 11-54154782; 11-954154782 | P8: Caio | Q8: 1. Aceitou o programa | R8: 46066 | T8: Contato Com Sucesso | U8: Ativo | V8: 46066 | W8: Não se aplica | X8: Não se aplica | Y8: AVC HÁ 9 ANOS E AIT HÁ 3 MESES | Z8: Aguardando Agendamento | AJ8: Sim | AK8: Sim | AL8: Pós-AVC | AM8: =MONTH(B8)&"/"&YEAR(B8) -> 1/2026 | AN8: =WEEKNUM(B8)-WEEKNUM(EOMONTH(B8,-1)+1)+1 -> 2 | AO8: =MONTH(R8)&"/"&YEAR(R8) -> 2/2026 | AP8: =WEEKNUM(R8)-WEEKNUM(EOMONTH(R8,-1)+1)+1 -> 2 | AQ8: =IF(AU8="S",IF(Q8="1. Aceitou o programa",R8-B8,0),0) -> 36 | AR8: =IF(AU8="S",IF(AND(S8<>"",R8<>""),S8-R8,0),0) -> 0 | AS8: =IF(AU8="S",IF(Q8="1. Aceitou o programa",IF(OR(X8="Não se Aplica",X8=""),IF(OR(W8="Não se Aplica",W8=""),0,W8-V8),AVERAGE(X8-W8,W8-V8)),0),0) -> 0 | AT8: =IF(AU8="S",IF(AND(Q8="1. Aceitou o programa",AB8="Realizada"),IFERROR(IF(AA8="",0,AA8-R8),0),0),0) -> 0 | AU8: =_xlfn.XLOOKUP(U8,'Lista Suspensa'!$AA$20:$AA$23,'Lista Suspensa'!$AB$20:$AB$23,"N/A") -> S
A9: Sim | B9: 46030 | C9: Captação + Navegação | D9: Triggers | E9: 93636998 | F9: JULIANA AGUIAR ALVES | H9: 34980 | I9: 30 | J9: F | K9: SP | L9: SAO PAULO | M9: VILA MARARI | N9: 60 | O9: 11-969491797 | P9: Giovanna | Q9: 1. Aceitou o programa | R9: 46072 | T9: Contato Com Sucesso | U9: Ativo | V9: 46072 | W9: Não se aplica | X9: Não se aplica | Z9: Agendada | AA9: 46184 | AB9: Realizada | AC9: 46184 | AD9: Média | AH9: Confirmado | AJ9: Sim | AK9: Sim | AL9: Pós-AVC | AM9: =MONTH(B9)&"/"&YEAR(B9) -> 1/2026 | AN9: =WEEKNUM(B9)-WEEKNUM(EOMONTH(B9,-1)+1)+1 -> 2 | AO9: =MONTH(R9)&"/"&YEAR(R9) -> 2/2026 | AP9: =WEEKNUM(R9)-WEEKNUM(EOMONTH(R9,-1)+1)+1 -> 3 | AQ9: =IF(AU9="S",IF(Q9="1. Aceitou o programa",R9-B9,0),0) -> 42 | AR9: =IF(AU9="S",IF(AND(S9<>"",R9<>""),S9-R9,0),0) -> 0 | AS9: =IF(AU9="S",IF(Q9="1. Aceitou o programa",IF(OR(X9="Não se Aplica",X9=""),IF(OR(W9="Não se Aplica",W9=""),0,W9-V9),AVERAGE(X9-W9,W9-V9)),0),0) -> 0 | AT9: =IF(AU9="S",IF(AND(Q9="1. Aceitou o programa",AB9="Realizada"),IFERROR(IF(AA9="",0,AA9-R9),0),0),0) -> 112 | AU9: =_xlfn.XLOOKUP(U9,'Lista Suspensa'!$AA$20:$AA$23,'Lista Suspensa'!$AB$20:$AB$23,"N/A") -> S
A10: Sim | B10: 46030 | C10: Captação + Navegação | D10: Forms | E10: 76790019 | F10: JONAS FRANCISCO PIRES | H10: 29270 | I10: 46 | J10: M | K10: SP | L10: SAO PAULO | M10: Avenida Padre Antonio Jose Dos Santos, 296 - Cidade Monçoes CEP 04563000 Sao Paulo SP | N10: 50 | O10: 11947462849 | P10: Caio | Q10: 3. Recusa por falta de interesse | S10: 46077 | T10: Contato Com Sucesso | U10: Fora da Linha | V10: 46077 | W10: 46125 | Y10: VOZ FEMININA RESPONDIA APENAS NÃO PARA AS PERGUNTAS | AJ10: Desflagado | AL10: Pós-AVC | AM10: =MONTH(B10)&"/"&YEAR(B10) -> 1/2026 | AN10: =WEEKNUM(B10)-WEEKNUM(EOMONTH(B10,-1)+1)+1 -> 2 | AO10: =MONTH(R10)&"/"&YEAR(R10) -> 1/1900 | AP10: =WEEKNUM(R10)-WEEKNUM(EOMONTH(R10,-1)+1)+1 -> #NUM! | AQ10: =IF(AU10="S",IF(Q10="1. Aceitou o programa",R10-B10,0),0) -> 0 | AR10: =IF(AU10="S",IF(AND(S10<>"",R10<>""),S10-R10,0),0) -> 0 | AS10: =IF(AU10="S",IF(Q10="1. Aceitou o programa",IF(OR(X10="Não se Aplica",X10=""),IF(OR(W10="Não se Aplica",W10=""),0,W10-V10),AVERAGE(X10-W10,W10-V10)),0),0) -> 0 | AT10: =IF(AU10="S",IF(AND(Q10="1. Aceitou o programa",AB10="Realizada"),IFERROR(IF(AA10="",0,AA10-R10),0),0),0) -> 0 | AU10: =_xlfn.XLOOKUP(U10,'Lista Suspensa'!$AA$20:$AA$23,'Lista Suspensa'!$AB$20:$AB$23,"N/A") -> S
A11: Sim | B11: 46030 | C11: Captação + Navegação | D11: Forms | E11: 86198842 | F11: YON WOOK PARK | H11: 23977 | I11: 60 | J11: M | K11: SP | L11: SAO PAULO | M11: R Loureiro Da Cruz, 11 - Aclimaçao CEP 01529020 Sao Paulo SP | N11: 60 | O11: 11987630172 | P11: Caio | Q11: 3. Recusa por falta de interesse | S11: 46077 | T11: Contato Com Sucesso | U11: Fora da Linha | V11: 46077 | W11: 46125 | Y11: DESLIGOU DE FORMA ABRUPTA | AL11: Pós-AVC | AM11: =MONTH(B11)&"/"&YEAR(B11) -> 1/2026 | AN11: =WEEKNUM(B11)-WEEKNUM(EOMONTH(B11,-1)+1)+1 -> 2 | AO11: =MONTH(R11)&"/"&YEAR(R11) -> 1/1900 | AP11: =WEEKNUM(R11)-WEEKNUM(EOMONTH(R11,-1)+1)+1 -> #NUM! | AQ11: =IF(AU11="S",IF(Q11="1. Aceitou o programa",R11-B11,0),0) -> 0 | AR11: =IF(AU11="S",IF(AND(S11<>"",R11<>""),S11-R11,0),0) -> 0 | AS11: =IF(AU11="S",IF(Q11="1. Aceitou o programa",IF(OR(X11="Não se Aplica",X11=""),IF(OR(W11="Não se Aplica",W11=""),0,W11-V11),AVERAGE(X11-W11,W11-V11)),0),0) -> 0 | AT11: =IF(AU11="S",IF(AND(Q11="1. Aceitou o programa",AB11="Realizada"),IFERROR(IF(AA11="",0,AA11-R11),0),0),0) -> 0 | AU11: =_xlfn.XLOOKUP(U11,'Lista Suspensa'!$AA$20:$AA$23,'Lista Suspensa'!$AB$20:$AB$23,"N/A") -> S
A12: Sim | B12: 46030 | C12: Captação + Navegação | D12: Forms | E12: 79565265 | F12: MARIO CANDIDO | H12: 18094 | I12: 76 | J12: M | K12: SP | L12: SAO PAULO | M12: R Francisco Alves, 721 - Jardim Sonia Maria CEP 09380360 Maua SP | N12: 60 | O12: 11985495973 | P12: Caio | Q12: 6. Contato sem sucesso | S12: 46150 | T12: Contato Sem Sucesso | U12: Fora da Linha | V12: 46077 | W12: 46125 | X12: 46142 | Y12: CHAMADA BLOQUEADA | AL12: Pós-AVC | AM12: =MONTH(B12)&"/"&YEAR(B12) -> 1/2026 | AN12: =WEEKNUM(B12)-WEEKNUM(EOMONTH(B12,-1)+1)+1 -> 2 | AO12: =MONTH(R12)&"/"&YEAR(R12) -> 1/1900 | AP12: =WEEKNUM(R12)-WEEKNUM(EOMONTH(R12,-1)+1)+1 -> #NUM! | AQ12: =IF(AU12="S",IF(Q12="1. Aceitou o programa",R12-B12,0),0) -> 0 | AR12: =IF(AU12="S",IF(AND(S12<>"",R12<>""),S12-R12,0),0) -> 0 | AS12: =IF(AU12="S",IF(Q12="1. Aceitou o programa",IF(OR(X12="Não se Aplica",X12=""),IF(OR(W12="Não se Aplica",W12=""),0,W12-V12),AVERAGE(X12-W12,W12-V12)),0),0) -> 0 | AT12: =IF(AU12="S",IF(AND(Q12="1. Aceitou o programa",AB12="Realizada"),IFERROR(IF(AA12="",0,AA12-R12),0),0),0) -> 0 | AU12: =_xlfn.XLOOKUP(U12,'Lista Suspensa'!$AA$20:$AA$23,'Lista Suspensa'!$AB$20:$AB$23,"N/A") -> S
A13: Sim | B13: 46030 | C13: Captação + Navegação | D13: Forms | E13: 95179124 | F13: VALDECI APARECIDO BASSO | H13: 24037 | I13: 126 | J13: M | K13: SP | L13: SAO PAULO | M13: ND | N13: 110 | O13: 11959020743 | P13: Caio | Q13: 1. Aceitou o programa | R13: 46189 | S13: 46150 | T13: Contato Com Sucesso | U13: Ativo | V13: 46077 | W13: 46125 | X13: 46142 | Y13: NÃO ATENDE | Z13: Agendada | AA13: 46196 | AJ13: Sim | AL13: Pós-AVC | AM13: =MONTH(B13)&"/"&YEAR(B13) -> 1/2026 | AN13: =WEEKNUM(B13)-WEEKNUM(EOMONTH(B13,-1)+1)+1 -> 2 | AO13: =MONTH(R13)&"/"&YEAR(R13) -> 6/2026 | AP13: =WEEKNUM(R13)-WEEKNUM(EOMONTH(R13,-1)+1)+1 -> 3 | AQ13: =IF(AU13="S",IF(Q13="1. Aceitou o programa",R13-B13,0),0) -> 159 | AR13: =IF(AU13="S",IF(AND(S13<>"",R13<>""),S13-R13,0),0) -> -39 | AS13: =IF(AU13="S",IF(Q13="1. Aceitou o programa",IF(OR(X13="Não se Aplica",X13=""),IF(OR(W13="Não se Aplica",W13=""),0,W13-V13),AVERAGE(X13-W13,W13-V13)),0),0) -> 32.5 | AT13: =IF(AU13="S",IF(AND(Q13="1. Aceitou o programa",AB13="Realizada"),IFERROR(IF(AA13="",0,AA13-R13),0),0),0) -> 0 | AU13: =_xlfn.XLOOKUP(U13,'Lista Suspensa'!$AA$20:$AA$23,'Lista Suspensa'!$AB$20:$AB$23,"N/A") -> S
A14: Sim | B14: 46035 | C14: Captação + Navegação | D14: Forms | E14: 792036077 | F14: RINAUDA MARTA NOMURA | H14: 15891 | I14: 82 | J14: F | K14: SP | L14: R OSIRIS MAGALHAES DE ALMEIDA, 725, Jardim Monte Kemel | M14: R OSIRIS MAGALHAES DE ALMEIDA, 725, Jardim Monte Kemel | N14: 100 | O14: 11993929169 | P14: Caio | Q14: 1. Aceitou o programa | R14: 46077 | T14: Contato Com Sucesso | U14: Ativo | V14: 46078 | W14: Não se aplica | X14: Não se aplica | Y14: FALO COM A CINTIA | Z14: Agendada | AA14: 46170 | AB14: Realizada | AD14: Baixa | AE14: 0 | AF14: Amil - Ud Cubatão Sp - Hospital Da Luz | AG14: Amil - Ud Cubatão Sp - Hospital Da Luz | AH14: Confirmado | AJ14: Sim | AK14: Sim | AL14: Pós-AVC | AM14: =MONTH(B14)&"/"&YEAR(B14) -> 1/2026 | AN14: =WEEKNUM(B14)-WEEKNUM(EOMONTH(B14,-1)+1)+1 -> 3 | AO14: =MONTH(R14)&"/"&YEAR(R14) -> 2/2026 | AP14: =WEEKNUM(R14)-WEEKNUM(EOMONTH(R14,-1)+1)+1 -> 4 | AQ14: =IF(AU14="S",IF(Q14="1. Aceitou o programa",R14-B14,0),0) -> 42 | AR14: =IF(AU14="S",IF(AND(S14<>"",R14<>""),S14-R14,0),0) -> 0 | AS14: =IF(AU14="S",IF(Q14="1. Aceitou o programa",IF(OR(X14="Não se Aplica",X14=""),IF(OR(W14="Não se Aplica",W14=""),0,W14-V14),AVERAGE(X14-W14,W14-V14)),0),0) -> 0 | AT14: =IF(AU14="S",IF(AND(Q14="1. Aceitou o programa",AB14="Realizada"),IFERROR(IF(AA14="",0,AA14-R14),0),0),0) -> 93 | AU14: =_xlfn.XLOOKUP(U14,'Lista Suspensa'!$AA$20:$AA$23,'Lista Suspensa'!$AB$20:$AB$23,"N/A") -> S
A15: Sim | B15: 46041 | C15: Captação + Navegação | D15: Forms | E15: 93805811 | F15: ROBERTA ELOISA DE AZEVEDO | H15: 30783 | I15: 42 | J15: F | K15: SP | L15: SAO PAULO | M15: ND | N15: 380 | O15: 11974058870 | P15: Caio | Q15: 3. Recusa por falta de interesse | S15: 46078 | T15: Contato Com Sucesso | U15: Fora da Linha | V15: 46078 | W15: 46125 | Y15: OCUPADA - AG. DISPONIBILIADE - Hemorragia subaracnoidea | Z15: Aguardando Agendamento | AL15: Pós-AVC | AM15: =MONTH(B15)&"/"&YEAR(B15) -> 1/2026 | AN15: =WEEKNUM(B15)-WEEKNUM(EOMONTH(B15,-1)+1)+1 -> 4 | AO15: =MONTH(R15)&"/"&YEAR(R15) -> 1/1900 | AP15: =WEEKNUM(R15)-WEEKNUM(EOMONTH(R15,-1)+1)+1 -> #NUM! | AQ15: =IF(AU15="S",IF(Q15="1. Aceitou o programa",R15-B15,0),0) -> 0 | AR15: =IF(AU15="S",IF(AND(S15<>"",R15<>""),S15-R15,0),0) -> 0 | AS15: =IF(AU15="S",IF(Q15="1. Aceitou o programa",IF(OR(X15="Não se Aplica",X15=""),IF(OR(W15="Não se Aplica",W15=""),0,W15-V15),AVERAGE(X15-W15,W15-V15)),0),0) -> 0 | AT15: =IF(AU15="S",IF(AND(Q15="1. Aceitou o programa",AB15="Realizada"),IFERROR(IF(AA15="",0,AA15-R15),0),0),0) -> 0 | AU15: =_xlfn.XLOOKUP(U15,'Lista Suspensa'!$AA$20:$AA$23,'Lista Suspensa'!$AB$20:$AB$23,"N/A") -> S
A16: Sim | B16: 46041 | C16: Captação + Navegação | D16: Forms | E16: 789137178 | F16: PEDRINA DEDES FERREIRA | H16: 12964 | I16: 90 | J16: F | K16: SP | L16: ANTONIO ANGELO CUZZIOL, 41, TABOÃO, SÃO BERNARDO DO CAMPO | M16: ANTONIO ANGELO CUZZIOL, 41, TABOÃO, SÃO BERNARDO DO CAMPO | N16: 100 | O16: 11968981957 | P16: Caio | Q16: 4. Inelegível fora do escopo | S16: 46078 | T16: Contato Com Sucesso | U16: Fora da Linha | V16: 46078 | Y16: JÁ DE ALTA DA FISIO | AL16: Pós-AVC | AM16: =MONTH(B16)&"/"&YEAR(B16) -> 1/2026 | AN16: =WEEKNUM(B16)-WEEKNUM(EOMONTH(B16,-1)+1)+1 -> 4 | AO16: =MONTH(R16)&"/"&YEAR(R16) -> 1/1900 | AP16: =WEEKNUM(R16)-WEEKNUM(EOMONTH(R16,-1)+1)+1 -> #NUM! | AQ16: =IF(AU16="S",IF(Q16="1. Aceitou o programa",R16-B16,0),0) -> 0 | AR16: =IF(AU16="S",IF(AND(S16<>"",R16<>""),S16-R16,0),0) -> 0 | AS16: =IF(AU16="S",IF(Q16="1. Aceitou o programa",IF(OR(X16="Não se Aplica",X16=""),IF(OR(W16="Não se Aplica",W16=""),0,W16-V16),AVERAGE(X16-W16,W16-V16)),0),0) -> 0 | AT16: =IF(AU16="S",IF(AND(Q16="1. Aceitou o programa",AB16="Realizada"),IFERROR(IF(AA16="",0,AA16-R16),0),0),0) -> 0 | AU16: =_xlfn.XLOOKUP(U16,'Lista Suspensa'!$AA$20:$AA$23,'Lista Suspensa'!$AB$20:$AB$23,"N/A") -> S
A17: Não | B17: 46042 | C17: Navegação | D17: Captado pela Amil/Call Center | E17: 451948360 | F17: RITA DE CASSIA BANDEIRA REIMBERG | H17: 25805 | I17: 55 | J17: F | K17: SP | L17: SAO PAULO | M17: ND | O17: 11988437339 | P17: Caio | Q17: 1. Aceitou o programa | R17: 46125 | T17: Contato Com Sucesso | U17: Ativo | V17: 46093 | W17: 46125 | X17: Não se aplica | Y17: TU DE COLUNA - CONFIRMADO AVC // 2021 E 2023 (TROMBOFILIAS) | Z17: Agendada | AA17: 46126 | AB17: Realizada | AD17: Média | AE17: 4 | AF17: Interno - Amil Geral | AJ17: Sim | AK17: Sim | AL17: Pós-AVC | AM17: =MONTH(B17)&"/"&YEAR(B17) -> 1/2026 | AN17: =WEEKNUM(B17)-WEEKNUM(EOMONTH(B17,-1)+1)+1 -> 4 | AO17: =MONTH(R17)&"/"&YEAR(R17) -> 4/2026 | AP17: =WEEKNUM(R17)-WEEKNUM(EOMONTH(R17,-1)+1)+1 -> 3 | AQ17: =IF(AU17="S",IF(Q17="1. Aceitou o programa",R17-B17,0),0) -> 83 | AR17: =IF(AU17="S",IF(AND(S17<>"",R17<>""),S17-R17,0),0) -> 0 | AS17: =IF(AU17="S",IF(Q17="1. Aceitou o programa",IF(OR(X17="Não se Aplica",X17=""),IF(OR(W17="Não se Aplica",W17=""),0,W17-V17),AVERAGE(X17-W17,W17-V17)),0),0) -> 32 | AT17: =IF(AU17="S",IF(AND(Q17="1. Aceitou o programa",AB17="Realizada"),IFERROR(IF(AA17="",0,AA17-R17),0),0),0) -> 1 | AU17: =_xlfn.XLOOKUP(U17,'Lista Suspensa'!$AA$20:$AA$23,'Lista Suspensa'!$AB$20:$AB$23,"N/A") -> S
A18: Sim | B18: 46043 | C18: Captação + Navegação | D18: Forms | E18: 450026779 | F18: ANTONIO JOSE MILANI | H18: 14411 | I18: 86 | J18: M | K18: SP | L18: SAO PAULO | M18: ND | N18: 100 | O18: 11976243144 | P18: Caio | Q18: 1. Aceitou o programa | R18: 46125 | T18: Contato Com Sucesso | U18: Ativo | V18: 46079 | W18: 46125 | X18: Não se aplica | Y18: NÃO ATENDE | Z18: Agendada | AA18: 46126 | AJ18: Sim | AK18: Sim | AL18: Pós-AVC | AM18: =MONTH(B18)&"/"&YEAR(B18) -> 1/2026 | AN18: =WEEKNUM(B18)-WEEKNUM(EOMONTH(B18,-1)+1)+1 -> 4 | AO18: =MONTH(R18)&"/"&YEAR(R18) -> 4/2026 | AP18: =WEEKNUM(R18)-WEEKNUM(EOMONTH(R18,-1)+1)+1 -> 3 | AQ18: =IF(AU18="S",IF(Q18="1. Aceitou o programa",R18-B18,0),0) -> 82 | AR18: =IF(AU18="S",IF(AND(S18<>"",R18<>""),S18-R18,0),0) -> 0 | AS18: =IF(AU18="S",IF(Q18="1. Aceitou o programa",IF(OR(X18="Não se Aplica",X18=""),IF(OR(W18="Não se Aplica",W18=""),0,W18-V18),AVERAGE(X18-W18,W18-V18)),0),0) -> 46 | AT18: =IF(AU18="S",IF(AND(Q18="1. Aceitou o programa",AB18="Realizada"),IFERROR(IF(AA18="",0,AA18-R18),0),0),0) -> 0 | AU18: =_xlfn.XLOOKUP(U18,'Lista Suspensa'!$AA$20:$AA$23,'Lista Suspensa'!$AB$20:$AB$23,"N/A") -> S
A19: Sim | B19: 46043 | C19: Captação + Navegação | D19: Forms | E19: 805067043 | F19: ANTONIO ANGELO BROGGIO | H19: 16285 | I19: 81 | J19: M | K19: SP | L19: SAO PAULO | M19: ND | N19: 100 | O19: 11981446100 | P19: Caio | Q19: 4. Inelegível fora do escopo | S19: 46078 | T19: Contato Com Sucesso | U19: Fora da Linha | V19: 46078 | Y19: INSTITUCIONALZIADO | AL19: Pós-AVC | AM19: =MONTH(B19)&"/"&YEAR(B19) -> 1/2026 | AN19: =WEEKNUM(B19)-WEEKNUM(EOMONTH(B19,-1)+1)+1 -> 4 | AO19: =MONTH(R19)&"/"&YEAR(R19) -> 1/1900 | AP19: =WEEKNUM(R19)-WEEKNUM(EOMONTH(R19,-1)+1)+1 -> #NUM! | AQ19: =IF(AU19="S",IF(Q19="1. Aceitou o programa",R19-B19,0),0) -> 0 | AR19: =IF(AU19="S",IF(AND(S19<>"",R19<>""),S19-R19,0),0) -> 0 | AS19: =IF(AU19="S",IF(Q19="1. Aceitou o programa",IF(OR(X19="Não se Aplica",X19=""),IF(OR(W19="Não se Aplica",W19=""),0,W19-V19),AVERAGE(X19-W19,W19-V19)),0),0) -> 0 | AT19: =IF(AU19="S",IF(AND(Q19="1. Aceitou o programa",AB19="Realizada"),IFERROR(IF(AA19="",0,AA19-R19),0),0),0) -> 0 | AU19: =_xlfn.XLOOKUP(U19,'Lista Suspensa'!$AA$20:$AA$23,'Lista Suspensa'!$AB$20:$AB$23,"N/A") -> S
A20: Sim | B20: 46044 | C20: Captação + Navegação | D20: Forms | E20: 457869844 | F20: LUIZ LEOMAR DE SOUZA | H20: 16155 | I20: 82 | J20: M | K20: SP | L20: SAO PAULO | M20: ND | N20: 100 | O20: 11982331392 | P20: Caio | Q20: 4. Inelegível fora do escopo | S20: 46079 | T20: Contato Com Sucesso | U20: Fora da Linha | V20: 46079 | Y20: NEGA AVC | AL20: Pós-AVC | AM20: =MONTH(B20)&"/"&YEAR(B20) -> 1/2026 | AN20: =WEEKNUM(B20)-WEEKNUM(EOMONTH(B20,-1)+1)+1 -> 4 | AO20: =MONTH(R20)&"/"&YEAR(R20) -> 1/1900 | AP20: =WEEKNUM(R20)-WEEKNUM(EOMONTH(R20,-1)+1)+1 -> #NUM! | AQ20: =IF(AU20="S",IF(Q20="1. Aceitou o programa",R20-B20,0),0) -> 0 | AR20: =IF(AU20="S",IF(AND(S20<>"",R20<>""),S20-R20,0),0) -> 0 | AS20: =IF(AU20="S",IF(Q20="1. Aceitou o programa",IF(OR(X20="Não se Aplica",X20=""),IF(OR(W20="Não se Aplica",W20=""),0,W20-V20),AVERAGE(X20-W20,W20-V20)),0),0) -> 0 | AT20: =IF(AU20="S",IF(AND(Q20="1. Aceitou o programa",AB20="Realizada"),IFERROR(IF(AA20="",0,AA20-R20),0),0),0) -> 0 | AU20: =_xlfn.XLOOKUP(U20,'Lista Suspensa'!$AA$20:$AA$23,'Lista Suspensa'!$AB$20:$AB$23,"N/A") -> S
A21: Não | B21: 46051 | C21: Navegação | D21: Captado pela Amil/Call Center | E21: 450914879 | F21: EDILIANA DE ANDRADE SOUZA | H21: 30364 | I21: 43 | J21: F | K21: SP | L21: SAO PAULO | M21: ND | O21: 11984780557 | P21: Caio | Q21: 1. Aceitou o programa | R21: 46125 | T21: Contato Com Sucesso | U21: Ativo | V21: 46051 | W21: 46125 | X21: Não se aplica | Y21: há dois anos, segue com hemiparesia. | Z21: Agendada | AA21: 46126 | AB21: Realizada | AJ21: Sim | AK21: Sim | AL21: Pós-AVC | AM21: =MONTH(B21)&"/"&YEAR(B21) -> 1/2026 | AN21: =WEEKNUM(B21)-WEEKNUM(EOMONTH(B21,-1)+1)+1 -> 5 | AO21: =MONTH(R21)&"/"&YEAR(R21) -> 4/2026 | AP21: =WEEKNUM(R21)-WEEKNUM(EOMONTH(R21,-1)+1)+1 -> 3 | AQ21: =IF(AU21="S",IF(Q21="1. Aceitou o programa",R21-B21,0),0) -> 74 | AR21: =IF(AU21="S",IF(AND(S21<>"",R21<>""),S21-R21,0),0) -> 0 | AS21: =IF(AU21="S",IF(Q21="1. Aceitou o programa",IF(OR(X21="Não se Aplica",X21=""),IF(OR(W21="Não se Aplica",W21=""),0,W21-V21),AVERAGE(X21-W21,W21-V21)),0),0) -> 74 | AT21: =IF(AU21="S",IF(AND(Q21="1. Aceitou o programa",AB21="Realizada"),IFERROR(IF(AA21="",0,AA21-R21),0),0),0) -> 1 | AU21: =_xlfn.XLOOKUP(U21,'Lista Suspensa'!$AA$20:$AA$23,'Lista Suspensa'!$AB$20:$AB$23,"N/A") -> S
A22: Sim | B22: 46055 | C22: Captação + Navegação | D22: Forms | E22: 79541447 | F22: MAURO COSTA BITENCOURT | H22: 25065 | I22: 57 | J22: M | K22: SP | L22: PARQUE SANTO ANTONIO | M22: ND | N22: 40 | O22: 11961520901 | P22: Caio | Q22: 1. Aceitou o programa | R22: 46077 | T22: Contato Com Sucesso | U22: Ativo | V22: 46079 | W22: Não se aplica | X22: Não se aplica | Y22: AVC - 01/02/2026 - APARENTEMENTE DISLALIA | Z22: Aguardando Agendamento | AJ22: Sim | AK22: Sim | AL22: Pós-AVC | AM22: =MONTH(B22)&"/"&YEAR(B22) -> 2/2026 | AN22: =WEEKNUM(B22)-WEEKNUM(EOMONTH(B22,-1)+1)+1 -> 1 | AO22: =MONTH(R22)&"/"&YEAR(R22) -> 2/2026 | AP22: =WEEKNUM(R22)-WEEKNUM(EOMONTH(R22,-1)+1)+1 -> 4 | AQ22: =IF(AU22="S",IF(Q22="1. Aceitou o programa",R22-B22,0),0) -> 22 | AR22: =IF(AU22="S",IF(AND(S22<>"",R22<>""),S22-R22,0),0) -> 0 | AS22: =IF(AU22="S",IF(Q22="1. Aceitou o programa",IF(OR(X22="Não se Aplica",X22=""),IF(OR(W22="Não se Aplica",W22=""),0,W22-V22),AVERAGE(X22-W22,W22-V22)),0),0) -> 0 | AT22: =IF(AU22="S",IF(AND(Q22="1. Aceitou o programa",AB22="Realizada"),IFERROR(IF(AA22="",0,AA22-R22),0),0),0) -> 0 | AU22: =_xlfn.XLOOKUP(U22,'Lista Suspensa'!$AA$20:$AA$23,'Lista Suspensa'!$AB$20:$AB$23,"N/A") -> S
A23: Não | B23: 46058 | C23: Captação + Navegação | D23: Migrou do Fluxo de Negativa | E23: 87326861 | F23: Maria Aparecida Castelli | H23: 17841 | J23: F | K23: SP | L23: SAO PAULO | O23: (11) 9958-49371 | P23: Hellen | Q23: 1. Aceitou o programa | R23: 46058 | T23: Contato Com Sucesso | U23: Ativo | V23: 46058 | W23: Não se aplica | X23: Não se aplica | Z23: Agendada | AA23: 46126 | AB23: Realizada | AD23: Baixa | AE23: 1 | AF23: Interno - Amil Geral | AI23: Sim | AJ23: Sim | AK23: Sim | AL23: Pós-AVC | AM23: =MONTH(B23)&"/"&YEAR(B23) -> 2/2026 | AN23: =WEEKNUM(B23)-WEEKNUM(EOMONTH(B23,-1)+1)+1 -> 1 | AO23: =MONTH(R23)&"/"&YEAR(R23) -> 2/2026 | AP23: =WEEKNUM(R23)-WEEKNUM(EOMONTH(R23,-1)+1)+1 -> 1 | AQ23: =IF(AU23="S",IF(Q23="1. Aceitou o programa",R23-B23,0),0) -> 0 | AR23: =IF(AU23="S",IF(AND(S23<>"",R23<>""),S23-R23,0),0) -> 0 | AS23: =IF(AU23="S",IF(Q23="1. Aceitou o programa",IF(OR(X23="Não se Aplica",X23=""),IF(OR(W23="Não se Aplica",W23=""),0,W23-V23),AVERAGE(X23-W23,W23-V23)),0),0) -> 0 | AT23: =IF(AU23="S",IF(AND(Q23="1. Aceitou o programa",AB23="Realizada"),IFERROR(IF(AA23="",0,AA23-R23),0),0),0) -> 68 | AU23: =_xlfn.XLOOKUP(U23,'Lista Suspensa'!$AA$20:$AA$23,'Lista Suspensa'!$AB$20:$AB$23,"N/A") -> S
A24: Não | B24: 46058 | C24: Captação + Navegação | D24: Migrou do Fluxo de Negativa | E24: 800025164 | F24: Marlene Aparecida Cambili Almazan | H24: 16409 | J24: F | K24: SP | L24: SAO PAULO | O24: (11) 9994-38848 (11) 9640-58575 | P24: Hellen | Q24: 1. Aceitou o programa | R24: 46058 | T24: Contato Com Sucesso | U24: Ativo | V24: 46058 | W24: Não se aplica | X24: Não se aplica | Z24: Agendada | AJ24: Sim | AK24: Sim | AL24: Pós-AVC | AM24: =MONTH(B24)&"/"&YEAR(B24) -> 2/2026 | AN24: =WEEKNUM(B24)-WEEKNUM(EOMONTH(B24,-1)+1)+1 -> 1 | AO24: =MONTH(R24)&"/"&YEAR(R24) -> 2/2026 | AP24: =WEEKNUM(R24)-WEEKNUM(EOMONTH(R24,-1)+1)+1 -> 1 | AQ24: =IF(AU24="S",IF(Q24="1. Aceitou o programa",R24-B24,0),0) -> 0 | AR24: =IF(AU24="S",IF(AND(S24<>"",R24<>""),S24-R24,0),0) -> 0 | AS24: =IF(AU24="S",IF(Q24="1. Aceitou o programa",IF(OR(X24="Não se Aplica",X24=""),IF(OR(W24="Não se Aplica",W24=""),0,W24-V24),AVERAGE(X24-W24,W24-V24)),0),0) -> 0 | AT24: =IF(AU24="S",IF(AND(Q24="1. Aceitou o programa",AB24="Realizada"),IFERROR(IF(AA24="",0,AA24-R24),0),0),0) -> 0 | AU24: =_xlfn.XLOOKUP(U24,'Lista Suspensa'!$AA$20:$AA$23,'Lista Suspensa'!$AB$20:$AB$23,"N/A") -> S
A25: Sim | B25: 46058 | C25: Captação + Navegação | D25: Forms | E25: 772399328 | F25: JOSEFINA PEREIRA DE ANDRADE | H25: 17299 | I25: 79 | J25: F | K25: SP | L25: TABOAO | M25: ND | N25: 100 | O25: 11971270511 | P25: Caio | Q25: 6. Contato sem sucesso | S25: 46150 | T25: Contato Sem Sucesso | U25: Fora da Linha | V25: 46079 | W25: 46125 | X25: 46142 | Y25: NÃO ATENDE | AL25: Pós-AVC | AM25: =MONTH(B25)&"/"&YEAR(B25) -> 2/2026 | AN25: =WEEKNUM(B25)-WEEKNUM(EOMONTH(B25,-1)+1)+1 -> 1 | AO25: =MONTH(R25)&"/"&YEAR(R25) -> 1/1900 | AP25: =WEEKNUM(R25)-WEEKNUM(EOMONTH(R25,-1)+1)+1 -> #NUM! | AQ25: =IF(AU25="S",IF(Q25="1. Aceitou o programa",R25-B25,0),0) -> 0 | AR25: =IF(AU25="S",IF(AND(S25<>"",R25<>""),S25-R25,0),0) -> 0 | AS25: =IF(AU25="S",IF(Q25="1. Aceitou o programa",IF(OR(X25="Não se Aplica",X25=""),IF(OR(W25="Não se Aplica",W25=""),0,W25-V25),AVERAGE(X25-W25,W25-V25)),0),0) -> 0 | AT25: =IF(AU25="S",IF(AND(Q25="1. Aceitou o programa",AB25="Realizada"),IFERROR(IF(AA25="",0,AA25-R25),0),0),0) -> 0 | AU25: =_xlfn.XLOOKUP(U25,'Lista Suspensa'!$AA$20:$AA$23,'Lista Suspensa'!$AB$20:$AB$23,"N/A") -> S
A26: Sim | B26: 46065 | C26: Captação + Navegação | D26: Forms | E26: 452002621 | F26: EDILEUSA CELESTINO DE ALMEIDA | H26: 26526 | I26: 53 | J26: F | K26: SP | L26: VILA MARARI | M26: ND | N26: 100 | O26: 11982627039 | P26: Caio | Q26: 1. Aceitou o programa | R26: 46077 | T26: Contato Com Sucesso | U26: Ativo | V26: 46079 | W26: Não se aplica | X26: Não se aplica | Y26: FEV/2026 - AVC // DISLALIA // escala ok | Z26: Agendada | AA26: 46082 | AB26: Realizada | AJ26: Sim | AK26: Sim | AL26: Pós-AVC | AM26: =MONTH(B26)&"/"&YEAR(B26) -> 2/2026 | AN26: =WEEKNUM(B26)-WEEKNUM(EOMONTH(B26,-1)+1)+1 -> 2 | AO26: =MONTH(R26)&"/"&YEAR(R26) -> 2/2026 | AP26: =WEEKNUM(R26)-WEEKNUM(EOMONTH(R26,-1)+1)+1 -> 4 | AQ26: =IF(AU26="S",IF(Q26="1. Aceitou o programa",R26-B26,0),0) -> 12 | AR26: =IF(AU26="S",IF(AND(S26<>"",R26<>""),S26-R26,0),0) -> 0 | AS26: =IF(AU26="S",IF(Q26="1. Aceitou o programa",IF(OR(X26="Não se Aplica",X26=""),IF(OR(W26="Não se Aplica",W26=""),0,W26-V26),AVERAGE(X26-W26,W26-V26)),0),0) -> 0 | AT26: =IF(AU26="S",IF(AND(Q26="1. Aceitou o programa",AB26="Realizada"),IFERROR(IF(AA26="",0,AA26-R26),0),0),0) -> 5 | AU26: =_xlfn.XLOOKUP(U26,'Lista Suspensa'!$AA$20:$AA$23,'Lista Suspensa'!$AB$20:$AB$23,"N/A") -> S
A27: Sim | B27: 46065 | C27: Captação + Navegação | D27: Forms | E27: 810659794 | F27: LEIA OLIVEIRA | H27: 22028 | I27: 126 | J27: F | K27: SP | L27: VILA SOUZA | M27: ND | N27: 100 | O27: 11970777649 | P27: Caio | Q27: 4. Inelegível fora do escopo | S27: 46079 | T27: Contato Com Sucesso | U27: Fora da Linha | V27: 46079 | Y27: FILHA Caroline - AVC 02/26 - Dislalia e sequela motora - INSTITUCIONALIZADA | Z27: Agendada | AA27: 46054 | AB27: Realizada | AJ27: Desflagado | AL27: Pós-AVC | AM27: =MONTH(B27)&"/"&YEAR(B27) -> 2/2026 | AN27: =WEEKNUM(B27)-WEEKNUM(EOMONTH(B27,-1)+1)+1 -> 2 | AO27: =MONTH(R27)&"/"&YEAR(R27) -> 1/1900 | AP27: =WEEKNUM(R27)-WEEKNUM(EOMONTH(R27,-1)+1)+1 -> #NUM! | AQ27: =IF(AU27="S",IF(Q27="1. Aceitou o programa",R27-B27,0),0) -> 0 | AR27: =IF(AU27="S",IF(AND(S27<>"",R27<>""),S27-R27,0),0) -> 0 | AS27: =IF(AU27="S",IF(Q27="1. Aceitou o programa",IF(OR(X27="Não se Aplica",X27=""),IF(OR(W27="Não se Aplica",W27=""),0,W27-V27),AVERAGE(X27-W27,W27-V27)),0),0) -> 0 | AT27: =IF(AU27="S",IF(AND(Q27="1. Aceitou o programa",AB27="Realizada"),IFERROR(IF(AA27="",0,AA27-R27),0),0),0) -> 0 | AU27: =_xlfn.XLOOKUP(U27,'Lista Suspensa'!$AA$20:$AA$23,'Lista Suspensa'!$AB$20:$AB$23,"N/A") -> S
A28: Sim | B28: 46072 | C28: Captação + Navegação | D28: Forms | E28: 94429498 | F28: ROSANI BRIGIDA DE LANNA BATISTA | H28: 31933 | I28: 38 | J28: F | K28: SP | L28: CENTRO | M28: ND | N28: 110 | O28: 11963422365 | P28: Caio | Q28: 1. Aceitou o programa | R28: 46127 | T28: Contato Com Sucesso | U28: Ativo | V28: 46079 | W28: 46125 | X28: Não se aplica | Y28: FALO COM ESPOSO - Não quer e não me deixou explicar | Z28: Agendada | AA28: 46127 | AB28: Realizada | AJ28: Sim | AK28: Sim | AL28: Pós-AVC | AM28: =MONTH(B28)&"/"&YEAR(B28) -> 2/2026 | AN28: =WEEKNUM(B28)-WEEKNUM(EOMONTH(B28,-1)+1)+1 -> 3 | AO28: =MONTH(R28)&"/"&YEAR(R28) -> 4/2026 | AP28: =WEEKNUM(R28)-WEEKNUM(EOMONTH(R28,-1)+1)+1 -> 3 | AQ28: =IF(AU28="S",IF(Q28="1. Aceitou o programa",R28-B28,0),0) -> 55 | AR28: =IF(AU28="S",IF(AND(S28<>"",R28<>""),S28-R28,0),0) -> 0 | AS28: =IF(AU28="S",IF(Q28="1. Aceitou o programa",IF(OR(X28="Não se Aplica",X28=""),IF(OR(W28="Não se Aplica",W28=""),0,W28-V28),AVERAGE(X28-W28,W28-V28)),0),0) -> 46 | AT28: =IF(AU28="S",IF(AND(Q28="1. Aceitou o programa",AB28="Realizada"),IFERROR(IF(AA28="",0,AA28-R28),0),0),0) -> 0 | AU28: =_xlfn.XLOOKUP(U28,'Lista Suspensa'!$AA$20:$AA$23,'Lista Suspensa'!$AB$20:$AB$23,"N/A") -> S
A29: Sim | B29: 46078 | C29: Captação + Navegação | D29: Forms | E29: 94188885 | F29: MARCOS BELTRAN | H29: 21627 | I29: 67 | J29: M | K29: SP | L29: PONTE GRANDE | M29: ND | N29: 110 | O29: 11996669409 | P29: Caio | Q29: 3. Recusa por falta de interesse | S29: 46092 | T29: Contato Com Sucesso | U29: Fora da Linha | V29: 46092 | W29: 46125 | Y29: RELATOU ESTAR BEM VIA MENSAGEM, NÃO DEU CONTINUIDADE | Z29: Agendada | AA29: 46157 | AB29: Não realizada - Falta | AJ29: Desflagado | AL29: Pós-AVC | AM29: =MONTH(B29)&"/"&YEAR(B29) -> 2/2026 | AN29: =WEEKNUM(B29)-WEEKNUM(EOMONTH(B29,-1)+1)+1 -> 4 | AO29: =MONTH(R29)&"/"&YEAR(R29) -> 1/1900 | AP29: =WEEKNUM(R29)-WEEKNUM(EOMONTH(R29,-1)+1)+1 -> #NUM! | AQ29: =IF(AU29="S",IF(Q29="1. Aceitou o programa",R29-B29,0),0) -> 0 | AR29: =IF(AU29="S",IF(AND(S29<>"",R29<>""),S29-R29,0),0) -> 0 | AS29: =IF(AU29="S",IF(Q29="1. Aceitou o programa",IF(OR(X29="Não se Aplica",X29=""),IF(OR(W29="Não se Aplica",W29=""),0,W29-V29),AVERAGE(X29-W29,W29-V29)),0),0) -> 0 | AT29: =IF(AU29="S",IF(AND(Q29="1. Aceitou o programa",AB29="Realizada"),IFERROR(IF(AA29="",0,AA29-R29),0),0),0) -> 0 | AU29: =_xlfn.XLOOKUP(U29,'Lista Suspensa'!$AA$20:$AA$23,'Lista Suspensa'!$AB$20:$AB$23,"N/A") -> S
A30: Sim | B30: 46079 | C30: Navegação | D30: Captado pela Amil/Call Center | E30: 301361053 | F30: JOSE ANTONIO MARTINEZ Y PEREZ | H30: 21713 | I30: 66 | J30: M | K30: SP | L30: SAO PAULO | M30: ND | O30: 11967669822 | P30: Caio | Q30: 4. Inelegível fora do escopo | S30: 46142 | T30: Contato Com Sucesso | U30: Fora da Linha | V30: 46092 | W30: 46142 | X30: Não se aplica | Y30: EM PLATO | AJ30: Desflagado | AK30: Sim | AL30: Pós-AVC | AM30: =MONTH(B30)&"/"&YEAR(B30) -> 2/2026 | AN30: =WEEKNUM(B30)-WEEKNUM(EOMONTH(B30,-1)+1)+1 -> 4 | AO30: =MONTH(R30)&"/"&YEAR(R30) -> 1/1900 | AP30: =WEEKNUM(R30)-WEEKNUM(EOMONTH(R30,-1)+1)+1 -> #NUM! | AQ30: =IF(AU30="S",IF(Q30="1. Aceitou o programa",R30-B30,0),0) -> 0 | AR30: =IF(AU30="S",IF(AND(S30<>"",R30<>""),S30-R30,0),0) -> 0 | AS30: =IF(AU30="S",IF(Q30="1. Aceitou o programa",IF(OR(X30="Não se Aplica",X30=""),IF(OR(W30="Não se Aplica",W30=""),0,W30-V30),AVERAGE(X30-W30,W30-V30)),0),0) -> 0 | AT30: =IF(AU30="S",IF(AND(Q30="1. Aceitou o programa",AB30="Realizada"),IFERROR(IF(AA30="",0,AA30-R30),0),0),0) -> 0 | AU30: =_xlfn.XLOOKUP(U30,'Lista Suspensa'!$AA$20:$AA$23,'Lista Suspensa'!$AB$20:$AB$23,"N/A") -> S
A31: Sim | B31: 46091 | C31: Captação + Navegação | D31: Forms | E31: 451632320 | F31: IDALICIO FERREIRA OLIVEIRA | H31: 16055 | I31: 82 | J31: M | K31: SP | L31: PARQUE RESIDENCIAL COCAIA | M31: ND | N31: 100 | O31: 11995084735 | P31: Caio | Q31: 1. Aceitou o programa | R31: 46092 | T31: Contato Com Sucesso | U31: Ativo | V31: 46092 | W31: Não se aplica | X31: Não se aplica | Y31: LURDES (FILHA) - AVC HÁ 8 DIAS - DISLALIA LEVE | Z31: Aguardando Agendamento | AJ31: Sim | AK31: Sim | AL31: Pós-AVC | AM31: =MONTH(B31)&"/"&YEAR(B31) -> 3/2026 | AN31: =WEEKNUM(B31)-WEEKNUM(EOMONTH(B31,-1)+1)+1 -> 2 | AO31: =MONTH(R31)&"/"&YEAR(R31) -> 3/2026 | AP31: =WEEKNUM(R31)-WEEKNUM(EOMONTH(R31,-1)+1)+1 -> 2 | AQ31: =IF(AU31="S",IF(Q31="1. Aceitou o programa",R31-B31,0),0) -> 1 | AR31: =IF(AU31="S",IF(AND(S31<>"",R31<>""),S31-R31,0),0) -> 0 | AS31: =IF(AU31="S",IF(Q31="1. Aceitou o programa",IF(OR(X31="Não se Aplica",X31=""),IF(OR(W31="Não se Aplica",W31=""),0,W31-V31),AVERAGE(X31-W31,W31-V31)),0),0) -> 0 | AT31: =IF(AU31="S",IF(AND(Q31="1. Aceitou o programa",AB31="Realizada"),IFERROR(IF(AA31="",0,AA31-R31),0),0),0) -> 0 | AU31: =_xlfn.XLOOKUP(U31,'Lista Suspensa'!$AA$20:$AA$23,'Lista Suspensa'!$AB$20:$AB$23,"N/A") -> S
A32: Sim | B32: 46091 | C32: Captação + Navegação | D32: Forms | E32: 79230426 | F32: NELSON FANTIM | H32: 15494 | I32: 83 | J32: M | K32: SP | L32: CIDADE PATRIARCA | M32: ND | N32: 50 | O32: 11975451357 | P32: Caio | Q32: 1. Aceitou o programa | R32: 46092 | T32: Contato Com Sucesso | U32: Ativo | V32: 46092 | W32: Não se aplica | X32: Não se aplica | Y32: FALO COM IVONE - ESPOSA / HEMIPLEGIA BILATERAL - 01/03 e 02/03 | Z32: Aguardando Agendamento | AH32: Confirmado | AJ32: Sim | AK32: Sim | AL32: Pós-AVC | AM32: =MONTH(B32)&"/"&YEAR(B32) -> 3/2026 | AN32: =WEEKNUM(B32)-WEEKNUM(EOMONTH(B32,-1)+1)+1 -> 2 | AO32: =MONTH(R32)&"/"&YEAR(R32) -> 3/2026 | AP32: =WEEKNUM(R32)-WEEKNUM(EOMONTH(R32,-1)+1)+1 -> 2 | AQ32: =IF(AU32="S",IF(Q32="1. Aceitou o programa",R32-B32,0),0) -> 1 | AR32: =IF(AU32="S",IF(AND(S32<>"",R32<>""),S32-R32,0),0) -> 0 | AS32: =IF(AU32="S",IF(Q32="1. Aceitou o programa",IF(OR(X32="Não se Aplica",X32=""),IF(OR(W32="Não se Aplica",W32=""),0,W32-V32),AVERAGE(X32-W32,W32-V32)),0),0) -> 0 | AT32: =IF(AU32="S",IF(AND(Q32="1. Aceitou o programa",AB32="Realizada"),IFERROR(IF(AA32="",0,AA32-R32),0),0),0) -> 0 | AU32: =_xlfn.XLOOKUP(U32,'Lista Suspensa'!$AA$20:$AA$23,'Lista Suspensa'!$AB$20:$AB$23,"N/A") -> S
A33: Sim | B33: 46093 | C33: Navegação | D33: Captado pela Amil/Call Center | E33: 87532912 | F33: JOAO LUIZ DE OLIVEIRA JUNIOR | H33: 29307 | I33: 46 | J33: M | K33: SP | L33: CONJUNTO RESIDENCIAL JOSE BONIFACIO | M33: ND | N33: 100 | O33: 11932178446 | P33: Caio | Q33: 1. Aceitou o programa | R33: 46091 | T33: Contato Com Sucesso | U33: Ativo | V33: 16.03.2026 | W33: Não se aplica | X33: Não se aplica | Y33: HEMIP. A DIR. + DISLALIA - FISIO 2 X SEMANA // SEM FONO POR ORA | Z33: Aguardando Agendamento | AJ33: Sim | AK33: Sim | AL33: Pós-AVC | AM33: =MONTH(B33)&"/"&YEAR(B33) -> 3/2026 | AN33: =WEEKNUM(B33)-WEEKNUM(EOMONTH(B33,-1)+1)+1 -> 2 | AO33: =MONTH(R33)&"/"&YEAR(R33) -> 3/2026 | AP33: =WEEKNUM(R33)-WEEKNUM(EOMONTH(R33,-1)+1)+1 -> 2 | AQ33: =IF(AU33="S",IF(Q33="1. Aceitou o programa",R33-B33,0),0) -> -2 | AR33: =IF(AU33="S",IF(AND(S33<>"",R33<>""),S33-R33,0),0) -> 0 | AS33: =IF(AU33="S",IF(Q33="1. Aceitou o programa",IF(OR(X33="Não se Aplica",X33=""),IF(OR(W33="Não se Aplica",W33=""),0,W33-V33),AVERAGE(X33-W33,W33-V33)),0),0) -> 0 | AT33: =IF(AU33="S",IF(AND(Q33="1. Aceitou o programa",AB33="Realizada"),IFERROR(IF(AA33="",0,AA33-R33),0),0),0) -> 0 | AU33: =_xlfn.XLOOKUP(U33,'Lista Suspensa'!$AA$20:$AA$23,'Lista Suspensa'!$AB$20:$AB$23,"N/A") -> S
A34: Sim | B34: 46098 | C34: Captação + Navegação | D34: GSC | E34: 80514839 | F34: JOSÉ DANTAS DA SILVA | H34: 22167 | I34: 65 | J34: M | K34: SP | L34: GUARULHOS | M34: ND | N34: 700 | O34: 11999782669 | P34: Hellen | Q34: 1. Aceitou o programa | R34: 46125 | T34: Contato Com Sucesso | U34: Ativo | V34: 46100 | W34: 46125 | X34: Não se aplica | Z34: Agendada | AA34: 46126 | AB34: Não realizada - Falta | AJ34: Sim | AK34: Sim | AL34: Pós-AVC | AM34: =MONTH(B34)&"/"&YEAR(B34) -> 3/2026 | AN34: =WEEKNUM(B34)-WEEKNUM(EOMONTH(B34,-1)+1)+1 -> 3 | AO34: =MONTH(R34)&"/"&YEAR(R34) -> 4/2026 | AP34: =WEEKNUM(R34)-WEEKNUM(EOMONTH(R34,-1)+1)+1 -> 3 | AQ34: =IF(AU34="S",IF(Q34="1. Aceitou o programa",R34-B34,0),0) -> 27 | AR34: =IF(AU34="S",IF(AND(S34<>"",R34<>""),S34-R34,0),0) -> 0 | AS34: =IF(AU34="S",IF(Q34="1. Aceitou o programa",IF(OR(X34="Não se Aplica",X34=""),IF(OR(W34="Não se Aplica",W34=""),0,W34-V34),AVERAGE(X34-W34,W34-V34)),0),0) -> 25 | AT34: =IF(AU34="S",IF(AND(Q34="1. Aceitou o programa",AB34="Realizada"),IFERROR(IF(AA34="",0,AA34-R34),0),0),0) -> 0 | AU34: =_xlfn.XLOOKUP(U34,'Lista Suspensa'!$AA$20:$AA$23,'Lista Suspensa'!$AB$20:$AB$23,"N/A") -> S
A35: Sim | B35: 46099 | C35: Captação + Navegação | D35: Forms | E35: 783548516 | F35: APARECIDA DA SILVA PEREIRA | H35: 15963 | I35: 82 | J35: F | K35: SP | L35: SAO PAULO | M35: ND | N35: 100 | O35: 11974093645 | P35: Caio | Q35: 1. Aceitou o programa | R35: 46125 | T35: Contato Com Sucesso | U35: Ativo | V35: 46100 | W35: 46125 | X35: Não se aplica | Z35: Agendada | AA35: 46127 | AB35: Realizada | AD35: Baixa | AE35: 0 | AF35: Externo - Geral | AI35: Sim | AJ35: Sim | AK35: Sim | AL35: Pós-AVC | AM35: =MONTH(B35)&"/"&YEAR(B35) -> 3/2026 | AN35: =WEEKNUM(B35)-WEEKNUM(EOMONTH(B35,-1)+1)+1 -> 3 | AO35: =MONTH(R35)&"/"&YEAR(R35) -> 4/2026 | AP35: =WEEKNUM(R35)-WEEKNUM(EOMONTH(R35,-1)+1)+1 -> 3 | AQ35: =IF(AU35="S",IF(Q35="1. Aceitou o programa",R35-B35,0),0) -> 26 | AR35: =IF(AU35="S",IF(AND(S35<>"",R35<>""),S35-R35,0),0) -> 0 | AS35: =IF(AU35="S",IF(Q35="1. Aceitou o programa",IF(OR(X35="Não se Aplica",X35=""),IF(OR(W35="Não se Aplica",W35=""),0,W35-V35),AVERAGE(X35-W35,W35-V35)),0),0) -> 25 | AT35: =IF(AU35="S",IF(AND(Q35="1. Aceitou o programa",AB35="Realizada"),IFERROR(IF(AA35="",0,AA35-R35),0),0),0) -> 2 | AU35: =_xlfn.XLOOKUP(U35,'Lista Suspensa'!$AA$20:$AA$23,'Lista Suspensa'!$AB$20:$AB$23,"N/A") -> S
A36: Sim | B36: 46099 | C36: Captação + Navegação | D36: Forms | E36: 77842835 | F36: ELIU YOSHIMITSU MATSUTANI | G36: 5783748897 | H36: 23433 | I36: 62 | J36: M | K36: SP | L36: MOGI DAS CRUZES | M36: ND | N36: 60 | O36: 11975061669 | P36: Caio | Q36: 1. Aceitou o programa | R36: 46142 | T36: Contato Com Sucesso | U36: Ativo | V36: 46100 | W36: 46125 | X36: 46142 | Z36: Agendada | AA36: 06/05/2026 14:20 | AB36: Não realizada - Falta | AC36: 46161 | AJ36: Sim | AK36: Sim | AL36: Pós-AVC | AM36: =MONTH(B36)&"/"&YEAR(B36) -> 3/2026 | AN36: =WEEKNUM(B36)-WEEKNUM(EOMONTH(B36,-1)+1)+1 -> 3 | AO36: =MONTH(R36)&"/"&YEAR(R36) -> 4/2026 | AP36: =WEEKNUM(R36)-WEEKNUM(EOMONTH(R36,-1)+1)+1 -> 5 | AQ36: =IF(AU36="S",IF(Q36="1. Aceitou o programa",R36-B36,0),0) -> 43 | AR36: =IF(AU36="S",IF(AND(S36<>"",R36<>""),S36-R36,0),0) -> 0 | AS36: =IF(AU36="S",IF(Q36="1. Aceitou o programa",IF(OR(X36="Não se Aplica",X36=""),IF(OR(W36="Não se Aplica",W36=""),0,W36-V36),AVERAGE(X36-W36,W36-V36)),0),0) -> 21 | AT36: =IF(AU36="S",IF(AND(Q36="1. Aceitou o programa",AB36="Realizada"),IFERROR(IF(AA36="",0,AA36-R36),0),0),0) -> 0 | AU36: =_xlfn.XLOOKUP(U36,'Lista Suspensa'!$AA$20:$AA$23,'Lista Suspensa'!$AB$20:$AB$23,"N/A") -> S
A37: Sim | B37: 46105 | C37: Captação + Navegação | D37: Forms | E37: 84044774 | F37: LUIZ VIEIRA DA SILVA | G37: 56958757300 | H37: 27422 | I37: 51 | J37: M | K37: SP | L37: SAO PAULO | M37: VILA PROGRESSO (ZONA LESTE) | N37: 60 | O37: 11949003012 | P37: Caio | Q37: 1. Aceitou o programa | R37: 46125 | T37: Contato Com Sucesso | U37: Ativo | V37: 46107 | W37: 46125 | X37: Não se aplica | Z37: Agendada | AA37: 46126 | AB37: Realizada | AD37: Baixa | AE37: 0 | AF37: Externo - Geral | AI37: Sim | AJ37: Sim | AK37: Sim | AL37: Pós-AVC | AM37: =MONTH(B37)&"/"&YEAR(B37) -> 3/2026 | AN37: =WEEKNUM(B37)-WEEKNUM(EOMONTH(B37,-1)+1)+1 -> 4 | AO37: =MONTH(R37)&"/"&YEAR(R37) -> 4/2026 | AP37: =WEEKNUM(R37)-WEEKNUM(EOMONTH(R37,-1)+1)+1 -> 3 | AQ37: =IF(AU37="S",IF(Q37="1. Aceitou o programa",R37-B37,0),0) -> 20 | AR37: =IF(AU37="S",IF(AND(S37<>"",R37<>""),S37-R37,0),0) -> 0 | AS37: =IF(AU37="S",IF(Q37="1. Aceitou o programa",IF(OR(X37="Não se Aplica",X37=""),IF(OR(W37="Não se Aplica",W37=""),0,W37-V37),AVERAGE(X37-W37,W37-V37)),0),0) -> 18 | AT37: =IF(AU37="S",IF(AND(Q37="1. Aceitou o programa",AB37="Realizada"),IFERROR(IF(AA37="",0,AA37-R37),0),0),0) -> 1 | AU37: =_xlfn.XLOOKUP(U37,'Lista Suspensa'!$AA$20:$AA$23,'Lista Suspensa'!$AB$20:$AB$23,"N/A") -> S
A38: Sim | B38: 46105 | C38: Captação + Navegação | D38: Forms | E38: 450182800 | F38: AKIKO KATSUKI YANAGUIMOTO | G38: 668772883 | H38: 15401 | I38: 84 | J38: F | K38: SP | L38: SAO PAULO | M38: VILA BRASILINA | N38: 100 | O38: 11996049931 | P38: Caio | Q38: 6. Contato sem sucesso | S38: 46150 | T38: Contato Sem Sucesso | U38: Fora da Linha | V38: 46107 | W38: 46125 | X38: 46142 | AL38: Pós-AVC | AM38: =MONTH(B38)&"/"&YEAR(B38) -> 3/2026 | AN38: =WEEKNUM(B38)-WEEKNUM(EOMONTH(B38,-1)+1)+1 -> 4 | AO38: =MONTH(R38)&"/"&YEAR(R38) -> 1/1900 | AP38: =WEEKNUM(R38)-WEEKNUM(EOMONTH(R38,-1)+1)+1 -> #NUM! | AQ38: =IF(AU38="S",IF(Q38="1. Aceitou o programa",R38-B38,0),0) -> 0 | AR38: =IF(AU38="S",IF(AND(S38<>"",R38<>""),S38-R38,0),0) -> 0 | AS38: =IF(AU38="S",IF(Q38="1. Aceitou o programa",IF(OR(X38="Não se Aplica",X38=""),IF(OR(W38="Não se Aplica",W38=""),0,W38-V38),AVERAGE(X38-W38,W38-V38)),0),0) -> 0 | AT38: =IF(AU38="S",IF(AND(Q38="1. Aceitou o programa",AB38="Realizada"),IFERROR(IF(AA38="",0,AA38-R38),0),0),0) -> 0 | AU38: =_xlfn.XLOOKUP(U38,'Lista Suspensa'!$AA$20:$AA$23,'Lista Suspensa'!$AB$20:$AB$23,"N/A") -> S
A39: Sim | B39: 46107 | C39: Captação + Navegação | D39: Forms | E39: 451737474 | F39: AMANDIO FERREIRA RAINHO | G39: 61741361834 | H39: 12079 | I39: 93 | J39: M | K39: SP | L39: SAO PAULO | M39: JARDIM MONTE KEMEL | N39: 400 | O39: 11932029314 | P39: Caio | Q39: 6. Contato sem sucesso | S39: 46150 | T39: Contato Sem Sucesso | U39: Fora da Linha | V39: 46107 | W39: 46125 | X39: 46147 | Y39: 16/04/2026 30/04 05/05 | AL39: Pós-AVC | AM39: =MONTH(B39)&"/"&YEAR(B39) -> 3/2026 | AN39: =WEEKNUM(B39)-WEEKNUM(EOMONTH(B39,-1)+1)+1 -> 4 | AO39: =MONTH(R39)&"/"&YEAR(R39) -> 1/1900 | AP39: =WEEKNUM(R39)-WEEKNUM(EOMONTH(R39,-1)+1)+1 -> #NUM! | AQ39: =IF(AU39="S",IF(Q39="1. Aceitou o programa",R39-B39,0),0) -> 0 | AR39: =IF(AU39="S",IF(AND(S39<>"",R39<>""),S39-R39,0),0) -> 0 | AS39: =IF(AU39="S",IF(Q39="1. Aceitou o programa",IF(OR(X39="Não se Aplica",X39=""),IF(OR(W39="Não se Aplica",W39=""),0,W39-V39),AVERAGE(X39-W39,W39-V39)),0),0) -> 0 | AT39: =IF(AU39="S",IF(AND(Q39="1. Aceitou o programa",AB39="Realizada"),IFERROR(IF(AA39="",0,AA39-R39),0),0),0) -> 0 | AU39: =_xlfn.XLOOKUP(U39,'Lista Suspensa'!$AA$20:$AA$23,'Lista Suspensa'!$AB$20:$AB$23,"N/A") -> S
A40: Sim | B40: 46120 | C40: Captação + Navegação | D40: Forms | E40: 94866348 | F40: PATRICIA KELLY FERNANDES DOS SANTOS | G40: 41095646893 | H40: 33755 | I40: 33 | J40: F | K40: SP | L40: SAO PAULO | M40: Jardim Novo Pantanal | N40: 300 | O40: 11984468110 | P40: Hellen | Q40: 1. Aceitou o programa | R40: 46125 | T40: Contato Com Sucesso | U40: Ativo | V40: 46125 | W40: Não se aplica | X40: Não se aplica | Z40: Agendada | AA40: 46127 | AB40: Realizada | AJ40: Sim | AK40: Sim | AL40: Pós-AVC | AM40: =MONTH(B40)&"/"&YEAR(B40) -> 4/2026 | AN40: =WEEKNUM(B40)-WEEKNUM(EOMONTH(B40,-1)+1)+1 -> 2 | AO40: =MONTH(R40)&"/"&YEAR(R40) -> 4/2026 | AP40: =WEEKNUM(R40)-WEEKNUM(EOMONTH(R40,-1)+1)+1 -> 3 | AQ40: =IF(AU40="S",IF(Q40="1. Aceitou o programa",R40-B40,0),0) -> 5 | AR40: =IF(AU40="S",IF(AND(S40<>"",R40<>""),S40-R40,0),0) -> 0 | AS40: =IF(AU40="S",IF(Q40="1. Aceitou o programa",IF(OR(X40="Não se Aplica",X40=""),IF(OR(W40="Não se Aplica",W40=""),0,W40-V40),AVERAGE(X40-W40,W40-V40)),0),0) -> 0 | AT40: =IF(AU40="S",IF(AND(Q40="1. Aceitou o programa",AB40="Realizada"),IFERROR(IF(AA40="",0,AA40-R40),0),0),0) -> 2 | AU40: =_xlfn.XLOOKUP(U40,'Lista Suspensa'!$AA$20:$AA$23,'Lista Suspensa'!$AB$20:$AB$23,"N/A") -> S
A41: Sim | B41: 46120 | C41: Navegação | D41: Forms | E41: 82381457 | F41: HELVECIO JOSE SANT ANNA | G41: 29835410887 | H41: 15095 | I41: 84 | J41: M | K41: SP | L41: SAO PAULO | M41: Jardim Danfer | N41: 50 | O41: 11984103237 | P41: Hellen | Q41: 1. Aceitou o programa | R41: 46125 | T41: Contato Com Sucesso | U41: Ativo | V41: 46125 | W41: Não se aplica | X41: Não se aplica | Z41: Agendada | AA41: 46129 | AB41: Realizada | AJ41: Sim | AK41: Sim | AL41: Pós-AVC | AM41: =MONTH(B41)&"/"&YEAR(B41) -> 4/2026 | AN41: =WEEKNUM(B41)-WEEKNUM(EOMONTH(B41,-1)+1)+1 -> 2 | AO41: =MONTH(R41)&"/"&YEAR(R41) -> 4/2026 | AP41: =WEEKNUM(R41)-WEEKNUM(EOMONTH(R41,-1)+1)+1 -> 3 | AQ41: =IF(AU41="S",IF(Q41="1. Aceitou o programa",R41-B41,0),0) -> 5 | AR41: =IF(AU41="S",IF(AND(S41<>"",R41<>""),S41-R41,0),0) -> 0 | AS41: =IF(AU41="S",IF(Q41="1. Aceitou o programa",IF(OR(X41="Não se Aplica",X41=""),IF(OR(W41="Não se Aplica",W41=""),0,W41-V41),AVERAGE(X41-W41,W41-V41)),0),0) -> 0 | AT41: =IF(AU41="S",IF(AND(Q41="1. Aceitou o programa",AB41="Realizada"),IFERROR(IF(AA41="",0,AA41-R41),0),0),0) -> 4 | AU41: =_xlfn.XLOOKUP(U41,'Lista Suspensa'!$AA$20:$AA$23,'Lista Suspensa'!$AB$20:$AB$23,"N/A") -> S
A42: Sim | B42: 46122 | C42: Navegação | D42: Forms | E42: 95678122 | F42: ROSANGELA GONCALVES VIEIRA DE SA | G42: 12692722841 | H42: 26658 | I42: 53 | J42: F | K42: SP | L42: SAO PAULO | M42: VILA PARANAGUA | N42: 60 | O42: 11997298183 | P42: Hellen | Q42: 1. Aceitou o programa | R42: 46125 | T42: Contato Com Sucesso | U42: Ativo | V42: 46125 | W42: Não se aplica | X42: Não se aplica | Z42: Agendada | AA42: 46127 | AB42: Realizada | AI42: Sim | AJ42: Sim | AK42: Sim | AL42: Pós-AVC | AM42: =MONTH(B42)&"/"&YEAR(B42) -> 4/2026 | AN42: =WEEKNUM(B42)-WEEKNUM(EOMONTH(B42,-1)+1)+1 -> 2 | AO42: =MONTH(R42)&"/"&YEAR(R42) -> 4/2026 | AP42: =WEEKNUM(R42)-WEEKNUM(EOMONTH(R42,-1)+1)+1 -> 3 | AQ42: =IF(AU42="S",IF(Q42="1. Aceitou o programa",R42-B42,0),0) -> 3 | AR42: =IF(AU42="S",IF(AND(S42<>"",R42<>""),S42-R42,0),0) -> 0 | AS42: =IF(AU42="S",IF(Q42="1. Aceitou o programa",IF(OR(X42="Não se Aplica",X42=""),IF(OR(W42="Não se Aplica",W42=""),0,W42-V42),AVERAGE(X42-W42,W42-V42)),0),0) -> 0 | AT42: =IF(AU42="S",IF(AND(Q42="1. Aceitou o programa",AB42="Realizada"),IFERROR(IF(AA42="",0,AA42-R42),0),0),0) -> 2 | AU42: =_xlfn.XLOOKUP(U42,'Lista Suspensa'!$AA$20:$AA$23,'Lista Suspensa'!$AB$20:$AB$23,"N/A") -> S
A43: Sim | B43: 46125 | C43: Captação + Navegação | D43: Viva Bem | E43: 79043738 | F43: JOSE VIEIRA GOMES | G43: 27490602815 | H43: 14712 | I43: 86 | J43: M | K43: SP | L43: GUARULHOS | M43: VILA FLORIDA | N43: 60 | O43: 11976385055 | P43: Hellen | Q43: 1. Aceitou o programa | R43: 46125 | T43: Contato Com Sucesso | U43: Ativo | V43: 46125 | W43: Não se aplica | X43: Não se aplica | Z43: Agendada | AA43: 46128 | AB43: Realizada | AD43: Alta | AE43: 21 | AF43: Interno - Amil Geral | AI43: Sim | AJ43: Sim | AK43: Sim | AL43: Pós-AVC | AM43: =MONTH(B43)&"/"&YEAR(B43) -> 4/2026 | AN43: =WEEKNUM(B43)-WEEKNUM(EOMONTH(B43,-1)+1)+1 -> 3 | AO43: =MONTH(R43)&"/"&YEAR(R43) -> 4/2026 | AP43: =WEEKNUM(R43)-WEEKNUM(EOMONTH(R43,-1)+1)+1 -> 3 | AQ43: =IF(AU43="S",IF(Q43="1. Aceitou o programa",R43-B43,0),0) -> 0 | AR43: =IF(AU43="S",IF(AND(S43<>"",R43<>""),S43-R43,0),0) -> 0 | AS43: =IF(AU43="S",IF(Q43="1. Aceitou o programa",IF(OR(X43="Não se Aplica",X43=""),IF(OR(W43="Não se Aplica",W43=""),0,W43-V43),AVERAGE(X43-W43,W43-V43)),0),0) -> 0 | AT43: =IF(AU43="S",IF(AND(Q43="1. Aceitou o programa",AB43="Realizada"),IFERROR(IF(AA43="",0,AA43-R43),0),0),0) -> 3 | AU43: =_xlfn.XLOOKUP(U43,'Lista Suspensa'!$AA$20:$AA$23,'Lista Suspensa'!$AB$20:$AB$23,"N/A") -> S
A44: Sim | B44: 46125 | C44: Captação + Navegação | D44: Viva Bem | E44: 451669983 | F44: RAIMUNDA MARIA SALES | G44: 29285900801 | H44: 18845 | I44: 74 | J44: F | K44: SP | L44: SAO PAULO | M44: VILA MARIANA | N44: 500 | O44: 11992887019 | P44: Hellen | Q44: 6. Contato sem sucesso | S44: 46150 | T44: Contato Sem Sucesso | U44: Fora da Linha | V44: 46125 | W44: 46128 | X44: 46147 | AL44: Pós-AVC | AM44: =MONTH(B44)&"/"&YEAR(B44) -> 4/2026 | AN44: =WEEKNUM(B44)-WEEKNUM(EOMONTH(B44,-1)+1)+1 -> 3 | AO44: =MONTH(R44)&"/"&YEAR(R44) -> 1/1900 | AP44: =WEEKNUM(R44)-WEEKNUM(EOMONTH(R44,-1)+1)+1 -> #NUM! | AQ44: =IF(AU44="S",IF(Q44="1. Aceitou o programa",R44-B44,0),0) -> 0 | AR44: =IF(AU44="S",IF(AND(S44<>"",R44<>""),S44-R44,0),0) -> 0 | AS44: =IF(AU44="S",IF(Q44="1. Aceitou o programa",IF(OR(X44="Não se Aplica",X44=""),IF(OR(W44="Não se Aplica",W44=""),0,W44-V44),AVERAGE(X44-W44,W44-V44)),0),0) -> 0 | AT44: =IF(AU44="S",IF(AND(Q44="1. Aceitou o programa",AB44="Realizada"),IFERROR(IF(AA44="",0,AA44-R44),0),0),0) -> 0 | AU44: =_xlfn.XLOOKUP(U44,'Lista Suspensa'!$AA$20:$AA$23,'Lista Suspensa'!$AB$20:$AB$23,"N/A") -> S
A45: Sim | B45: 46125 | C45: Captação + Navegação | D45: Viva Bem | E45: 791520960 | F45: LUCIN KOUYOUMJIAM | G45: 37167260878 | H45: 13234 | I45: 90 | J45: F | K45: SP | L45: SAO PAULO | M45: PARADA INGLESA | N45: 100 | O45: 11959164989 | P45: Hellen | Q45: 6. Contato sem sucesso | S45: 46150 | T45: Contato Sem Sucesso | U45: Fora da Linha | V45: 46125 | W45: 46128 | X45: 46147 | AL45: Pós-AVC | AM45: =MONTH(B45)&"/"&YEAR(B45) -> 4/2026 | AN45: =WEEKNUM(B45)-WEEKNUM(EOMONTH(B45,-1)+1)+1 -> 3 | AO45: =MONTH(R45)&"/"&YEAR(R45) -> 1/1900 | AP45: =WEEKNUM(R45)-WEEKNUM(EOMONTH(R45,-1)+1)+1 -> #NUM! | AQ45: =IF(AU45="S",IF(Q45="1. Aceitou o programa",R45-B45,0),0) -> 0 | AR45: =IF(AU45="S",IF(AND(S45<>"",R45<>""),S45-R45,0),0) -> 0 | AS45: =IF(AU45="S",IF(Q45="1. Aceitou o programa",IF(OR(X45="Não se Aplica",X45=""),IF(OR(W45="Não se Aplica",W45=""),0,W45-V45),AVERAGE(X45-W45,W45-V45)),0),0) -> 0 | AT45: =IF(AU45="S",IF(AND(Q45="1. Aceitou o programa",AB45="Realizada"),IFERROR(IF(AA45="",0,AA45-R45),0),0),0) -> 0 | AU45: =_xlfn.XLOOKUP(U45,'Lista Suspensa'!$AA$20:$AA$23,'Lista Suspensa'!$AB$20:$AB$23,"N/A") -> S
A46: Sim | B46: 46127 | C46: Captação + Navegação | D46: Forms | E46: 92897618 | F46: LIDIANE DE JESUS RODRIGUES | G46: 291.818.638-45 | H46: 29836 | I46: 44 | J46: F | K46: SP | L46: TABOAO DA SERRA | M46: ND | N46: 80 | O46: 11973402734 | P46: Hellen | Q46: 1. Aceitou o programa | R46: 46141 | T46: Contato Com Sucesso | U46: Ativo | V46: 46128 | W46: 46141 | X46: Não se aplica | Y46: em março | Z46: Agendada | AA46: 46146 | AB46: Realizada | AD46: Baixa | AE46: 0 | AF46: Interno - Amil Geral | AH46: Confirmado | AI46: Sim | AJ46: Sim | AK46: Sim | AL46: Pós-AVC | AM46: =MONTH(B46)&"/"&YEAR(B46) -> 4/2026 | AN46: =WEEKNUM(B46)-WEEKNUM(EOMONTH(B46,-1)+1)+1 -> 3 | AO46: =MONTH(R46)&"/"&YEAR(R46) -> 4/2026 | AP46: =WEEKNUM(R46)-WEEKNUM(EOMONTH(R46,-1)+1)+1 -> 5 | AQ46: =IF(AU46="S",IF(Q46="1. Aceitou o programa",R46-B46,0),0) -> 14 | AR46: =IF(AU46="S",IF(AND(S46<>"",R46<>""),S46-R46,0),0) -> 0 | AS46: =IF(AU46="S",IF(Q46="1. Aceitou o programa",IF(OR(X46="Não se Aplica",X46=""),IF(OR(W46="Não se Aplica",W46=""),0,W46-V46),AVERAGE(X46-W46,W46-V46)),0),0) -> 13 | AT46: =IF(AU46="S",IF(AND(Q46="1. Aceitou o programa",AB46="Realizada"),IFERROR(IF(AA46="",0,AA46-R46),0),0),0) -> 5 | AU46: =_xlfn.XLOOKUP(U46,'Lista Suspensa'!$AA$20:$AA$23,'Lista Suspensa'!$AB$20:$AB$23,"N/A") -> S
A47: Sim | B47: 46127 | C47: Navegação | D47: Forms | E47: 72096770 | F47: DANIEL SILVA DE ASSUNCAO FABIAO ALVES | G47: 316.716.888-99 | H47: 30415 | I47: 43 | J47: M | K47: SP | L47: SAO PAULO | M47: VILA DO CASTELO | N47: 50 | O47: 11947515067 | P47: Hellen | Q47: 1. Aceitou o programa | R47: 46141 | T47: Contato Com Sucesso | U47: Ativo | V47: 46128 | W47: 46141 | X47: Não se aplica | Z47: Agendada | AA47: 04/05/2026 11:20 | AB47: Realizada | AD47: Alta | AE47: 8 | AF47: Externo - Geral | AI47: Sim | AJ47: Sim | AK47: Sim | AL47: Pós-AVC | AM47: =MONTH(B47)&"/"&YEAR(B47) -> 4/2026 | AN47: =WEEKNUM(B47)-WEEKNUM(EOMONTH(B47,-1)+1)+1 -> 3 | AO47: =MONTH(R47)&"/"&YEAR(R47) -> 4/2026 | AP47: =WEEKNUM(R47)-WEEKNUM(EOMONTH(R47,-1)+1)+1 -> 5 | AQ47: =IF(AU47="S",IF(Q47="1. Aceitou o programa",R47-B47,0),0) -> 14 | AR47: =IF(AU47="S",IF(AND(S47<>"",R47<>""),S47-R47,0),0) -> 0 | AS47: =IF(AU47="S",IF(Q47="1. Aceitou o programa",IF(OR(X47="Não se Aplica",X47=""),IF(OR(W47="Não se Aplica",W47=""),0,W47-V47),AVERAGE(X47-W47,W47-V47)),0),0) -> 13 | AT47: =IF(AU47="S",IF(AND(Q47="1. Aceitou o programa",AB47="Realizada"),IFERROR(IF(AA47="",0,AA47-R47),0),0),0) -> 5.4722222 | AU47: =_xlfn.XLOOKUP(U47,'Lista Suspensa'!$AA$20:$AA$23,'Lista Suspensa'!$AB$20:$AB$23,"N/A") -> S
A48: Sim | B48: 46128 | C48: Captação + Navegação | D48: GSC | E48: 80257321 | F48: EDSON CARLOS DA SILVA | G48: 341.188.648-00 | H48: 31384 | I48: 41 | J48: M | K48: SP | L48: SAO PAULO | M48: UNIAO DE VILA NOVA | N48: 400 | O48: 11968816035 | P48: Hellen | Q48: 6. Contato sem sucesso | S48: 46150 | T48: Contato Sem Sucesso | U48: Fora da Linha | V48: 46128 | W48: 46141 | X48: 46147 | AL48: Pós-AVC | AM48: =MONTH(B48)&"/"&YEAR(B48) -> 4/2026 | AN48: =WEEKNUM(B48)-WEEKNUM(EOMONTH(B48,-1)+1)+1 -> 3 | AO48: =MONTH(R48)&"/"&YEAR(R48) -> 1/1900 | AP48: =WEEKNUM(R48)-WEEKNUM(EOMONTH(R48,-1)+1)+1 -> #NUM! | AQ48: =IF(AU48="S",IF(Q48="1. Aceitou o programa",R48-B48,0),0) -> 0 | AR48: =IF(AU48="S",IF(AND(S48<>"",R48<>""),S48-R48,0),0) -> 0 | AS48: =IF(AU48="S",IF(Q48="1. Aceitou o programa",IF(OR(X48="Não se Aplica",X48=""),IF(OR(W48="Não se Aplica",W48=""),0,W48-V48),AVERAGE(X48-W48,W48-V48)),0),0) -> 0 | AT48: =IF(AU48="S",IF(AND(Q48="1. Aceitou o programa",AB48="Realizada"),IFERROR(IF(AA48="",0,AA48-R48),0),0),0) -> 0 | AU48: =_xlfn.XLOOKUP(U48,'Lista Suspensa'!$AA$20:$AA$23,'Lista Suspensa'!$AB$20:$AB$23,"N/A") -> S
A49: Sim | B49: 46129 | C49: Captação + Navegação | D49: GSC | E49: 88204870 | F49: ALEXANDRE GOMES DOS SANTOS | G49: 18471075830 | H49: 28265 | I49: 48 | J49: M | K49: SP | L49: SAO PAULO | M49: BALNEARIO MAR PAULISTA | N49: 50 | O49: 11993942324 | P49: Hellen | Q49: 1. Aceitou o programa | R49: 46150 | T49: Contato Com Sucesso | U49: Ativo | V49: 46139 | W49: 46141 | X49: 46147 | Z49: Agendada | AA49: 46150 | AB49: Realizada | AD49: Alta | AE49: 13 | AF49: Interno - Amil Geral | AI49: Sim | AJ49: Sim | AK49: Sim | AL49: Pós-AVC | AM49: =MONTH(B49)&"/"&YEAR(B49) -> 4/2026 | AN49: =WEEKNUM(B49)-WEEKNUM(EOMONTH(B49,-1)+1)+1 -> 3 | AO49: =MONTH(R49)&"/"&YEAR(R49) -> 5/2026 | AP49: =WEEKNUM(R49)-WEEKNUM(EOMONTH(R49,-1)+1)+1 -> 2 | AQ49: =IF(AU49="S",IF(Q49="1. Aceitou o programa",R49-B49,0),0) -> 21 | AR49: =IF(AU49="S",IF(AND(S49<>"",R49<>""),S49-R49,0),0) -> 0 | AS49: =IF(AU49="S",IF(Q49="1. Aceitou o programa",IF(OR(X49="Não se Aplica",X49=""),IF(OR(W49="Não se Aplica",W49=""),0,W49-V49),AVERAGE(X49-W49,W49-V49)),0),0) -> 4 | AT49: =IF(AU49="S",IF(AND(Q49="1. Aceitou o programa",AB49="Realizada"),IFERROR(IF(AA49="",0,AA49-R49),0),0),0) -> 0 | AU49: =_xlfn.XLOOKUP(U49,'Lista Suspensa'!$AA$20:$AA$23,'Lista Suspensa'!$AB$20:$AB$23,"N/A") -> S
A50: Sim | B50: 46129 | C50: Navegação | D50: Forms | E50: 93576426 | F50: RITA BETANIA DINIZ PEREIRA | G50: 18758099883 | H50: 25934 | I50: 55 | J50: F | K50: SP | L50: GUARULHOS | M50: CIDADE SOBERANA | N50: 110 | O50: 11961622016 | P50: Hellen | Q50: 1. Aceitou o programa | R50: 46141 | T50: Contato Com Sucesso | U50: Ativo | V50: 46139 | W50: 46141 | X50: Não se aplica | Z50: Agendada | AA50: 46150 | AB50: Realizada | AJ50: Sim | AK50: Sim | AL50: Pós-AVC | AM50: =MONTH(B50)&"/"&YEAR(B50) -> 4/2026 | AN50: =WEEKNUM(B50)-WEEKNUM(EOMONTH(B50,-1)+1)+1 -> 3 | AO50: =MONTH(R50)&"/"&YEAR(R50) -> 4/2026 | AP50: =WEEKNUM(R50)-WEEKNUM(EOMONTH(R50,-1)+1)+1 -> 5 | AQ50: =IF(AU50="S",IF(Q50="1. Aceitou o programa",R50-B50,0),0) -> 12 | AR50: =IF(AU50="S",IF(AND(S50<>"",R50<>""),S50-R50,0),0) -> 0 | AS50: =IF(AU50="S",IF(Q50="1. Aceitou o programa",IF(OR(X50="Não se Aplica",X50=""),IF(OR(W50="Não se Aplica",W50=""),0,W50-V50),AVERAGE(X50-W50,W50-V50)),0),0) -> 2 | AT50: =IF(AU50="S",IF(AND(Q50="1. Aceitou o programa",AB50="Realizada"),IFERROR(IF(AA50="",0,AA50-R50),0),0),0) -> 9 | AU50: =_xlfn.XLOOKUP(U50,'Lista Suspensa'!$AA$20:$AA$23,'Lista Suspensa'!$AB$20:$AB$23,"N/A") -> S
A51: Sim | B51: 46129 | C51: Captação + Navegação | D51: Forms | E51: 301296065 | F51: JOVINO RUBIM DE TOLEDO | G51: 40181545853 | H51: 15130 | I51: 84 | J51: M | K51: SP | L51: SAO PAULO | M51: SE | N51: 600 | O51: 11945905786 / 11998675869 / 1131151629 | P51: Hellen | Q51: 1. Aceitou o programa | R51: 46178 | T51: Contato Com Sucesso | U51: Ativo | V51: 46139 | W51: 46141 | X51: 46147 | Z51: Agendada | AA51: 46182 | AB51: Realizada | AJ51: Sim | AK51: Sim | AL51: Pós-AVC | AM51: =MONTH(B51)&"/"&YEAR(B51) -> 4/2026 | AN51: =WEEKNUM(B51)-WEEKNUM(EOMONTH(B51,-1)+1)+1 -> 3 | AO51: =MONTH(R51)&"/"&YEAR(R51) -> 6/2026 | AP51: =WEEKNUM(R51)-WEEKNUM(EOMONTH(R51,-1)+1)+1 -> 1 | AQ51: =IF(AU51="S",IF(Q51="1. Aceitou o programa",R51-B51,0),0) -> 49 | AR51: =IF(AU51="S",IF(AND(S51<>"",R51<>""),S51-R51,0),0) -> 0 | AS51: =IF(AU51="S",IF(Q51="1. Aceitou o programa",IF(OR(X51="Não se Aplica",X51=""),IF(OR(W51="Não se Aplica",W51=""),0,W51-V51),AVERAGE(X51-W51,W51-V51)),0),0) -> 4 | AT51: =IF(AU51="S",IF(AND(Q51="1. Aceitou o programa",AB51="Realizada"),IFERROR(IF(AA51="",0,AA51-R51),0),0),0) -> 4 | AU51: =_xlfn.XLOOKUP(U51,'Lista Suspensa'!$AA$20:$AA$23,'Lista Suspensa'!$AB$20:$AB$23,"N/A") -> S
A52: Sim | B52: 46129 | C52: Captação + Navegação | D52: Forms | E52: 93743019 | F52: LILIAM DO CARMO ASSOLI SILVA | G52: 68103344834 | H52: 20396 | I52: 70 | J52: F | K52: SP | L52: GUARULHOS | M52: VILA SAO JOAO | N52: 60 | O52: 11975517801 / 11992842590 / 11975517801 | P52: Hellen | Q52: 1. Aceitou o programa | R52: 46147 | T52: Contato Com Sucesso | U52: Ativo | V52: 46139 | W52: 46141 | X52: 46147 | AJ52: Sim | AK52: Sim | AL52: Pós-AVC | AM52: =MONTH(B52)&"/"&YEAR(B52) -> 4/2026 | AN52: =WEEKNUM(B52)-WEEKNUM(EOMONTH(B52,-1)+1)+1 -> 3 | AO52: =MONTH(R52)&"/"&YEAR(R52) -> 5/2026 | AP52: =WEEKNUM(R52)-WEEKNUM(EOMONTH(R52,-1)+1)+1 -> 2 | AQ52: =IF(AU52="S",IF(Q52="1. Aceitou o programa",R52-B52,0),0) -> 18 | AR52: =IF(AU52="S",IF(AND(S52<>"",R52<>""),S52-R52,0),0) -> 0 | AS52: =IF(AU52="S",IF(Q52="1. Aceitou o programa",IF(OR(X52="Não se Aplica",X52=""),IF(OR(W52="Não se Aplica",W52=""),0,W52-V52),AVERAGE(X52-W52,W52-V52)),0),0) -> 4 | AT52: =IF(AU52="S",IF(AND(Q52="1. Aceitou o programa",AB52="Realizada"),IFERROR(IF(AA52="",0,AA52-R52),0),0),0) -> 0 | AU52: =_xlfn.XLOOKUP(U52,'Lista Suspensa'!$AA$20:$AA$23,'Lista Suspensa'!$AB$20:$AB$23,"N/A") -> S
A53: Sim | B53: 46134 | C53: Navegação | D53: Captado pela Amil/Call Center | E53: 85076986 | F53: ANTONIO EMILIO GLIBER | G53: 944.640.228-04 | H53: 21616 | I53: 67 | J53: M | K53: SP | L53: SAO BERNARDO DO CAMPO | M53: INDEPENDENCIA | N53: 80 | O53: 11915254500 | P53: Hellen | Q53: 6. Contato sem sucesso | S53: 46150 | T53: Contato Sem Sucesso | U53: Fora da Linha | V53: 46139 | W53: 46141 | X53: 46147 | AJ53: Desflagado | AK53: Sim | AL53: Pós-AVC | AM53: =MONTH(B53)&"/"&YEAR(B53) -> 4/2026 | AN53: =WEEKNUM(B53)-WEEKNUM(EOMONTH(B53,-1)+1)+1 -> 4 | AO53: =MONTH(R53)&"/"&YEAR(R53) -> 1/1900 | AP53: =WEEKNUM(R53)-WEEKNUM(EOMONTH(R53,-1)+1)+1 -> #NUM! | AQ53: =IF(AU53="S",IF(Q53="1. Aceitou o programa",R53-B53,0),0) -> 0 | AR53: =IF(AU53="S",IF(AND(S53<>"",R53<>""),S53-R53,0),0) -> 0 | AS53: =IF(AU53="S",IF(Q53="1. Aceitou o programa",IF(OR(X53="Não se Aplica",X53=""),IF(OR(W53="Não se Aplica",W53=""),0,W53-V53),AVERAGE(X53-W53,W53-V53)),0),0) -> 0 | AT53: =IF(AU53="S",IF(AND(Q53="1. Aceitou o programa",AB53="Realizada"),IFERROR(IF(AA53="",0,AA53-R53),0),0),0) -> 0 | AU53: =_xlfn.XLOOKUP(U53,'Lista Suspensa'!$AA$20:$AA$23,'Lista Suspensa'!$AB$20:$AB$23,"N/A") -> S
A54: Sim | B54: 46135 | C54: Navegação | D54: Captado pela Amil/Call Center | E54: 451661915 | F54: MARIA LUIZA CONCEICAO PINTO | G54: 917.976.838-53 | H54: 18096 | I54: 76 | J54: F | K54: SP | L54: SAO PAULO | M54: GUARAPIRANGA | N54: 100 | O54: 11987895932 | P54: Hellen | Q54: 1. Aceitou o programa | R54: 46141 | T54: Contato Com Sucesso | U54: Ativo | V54: 46139 | W54: 46141 | X54: Não se aplica | Z54: Agendada | AA54: 04/05/2026 11:00 | AB54: Não realizada - Falta | AJ54: Sim | AK54: Sim | AL54: Pós-AVC | AM54: =MONTH(B54)&"/"&YEAR(B54) -> 4/2026 | AN54: =WEEKNUM(B54)-WEEKNUM(EOMONTH(B54,-1)+1)+1 -> 4 | AO54: =MONTH(R54)&"/"&YEAR(R54) -> 4/2026 | AP54: =WEEKNUM(R54)-WEEKNUM(EOMONTH(R54,-1)+1)+1 -> 5 | AQ54: =IF(AU54="S",IF(Q54="1. Aceitou o programa",R54-B54,0),0) -> 6 | AR54: =IF(AU54="S",IF(AND(S54<>"",R54<>""),S54-R54,0),0) -> 0 | AS54: =IF(AU54="S",IF(Q54="1. Aceitou o programa",IF(OR(X54="Não se Aplica",X54=""),IF(OR(W54="Não se Aplica",W54=""),0,W54-V54),AVERAGE(X54-W54,W54-V54)),0),0) -> 2 | AT54: =IF(AU54="S",IF(AND(Q54="1. Aceitou o programa",AB54="Realizada"),IFERROR(IF(AA54="",0,AA54-R54),0),0),0) -> 0 | AU54: =_xlfn.XLOOKUP(U54,'Lista Suspensa'!$AA$20:$AA$23,'Lista Suspensa'!$AB$20:$AB$23,"N/A") -> S
A55: Sim | B55: 46142 | C55: Navegação | D55: Forms | E55: 93738820 | F55: MARTHA AYAKO NAKAYAMA | G55: 380.921.237-72 | H55: 20383 | I55: 70 | J55: F | K55: SP | L55: SAO PAULO | N55: 110 | O55: 11972140877 | P55: Hellen | Q55: 1. Aceitou o programa | R55: 46147 | T55: Contato Com Sucesso | U55: Ativo | V55: 46147 | Z55: Aguardando Agendamento | AJ55: Sim | AK55: Sim | AL55: Pós-AVC | AM55: =MONTH(B55)&"/"&YEAR(B55) -> 4/2026 | AN55: =WEEKNUM(B55)-WEEKNUM(EOMONTH(B55,-1)+1)+1 -> 5 | AO55: =MONTH(R55)&"/"&YEAR(R55) -> 5/2026 | AP55: =WEEKNUM(R55)-WEEKNUM(EOMONTH(R55,-1)+1)+1 -> 2 | AQ55: =IF(AU55="S",IF(Q55="1. Aceitou o programa",R55-B55,0),0) -> 5 | AR55: =IF(AU55="S",IF(AND(S55<>"",R55<>""),S55-R55,0),0) -> 0 | AS55: =IF(AU55="S",IF(Q55="1. Aceitou o programa",IF(OR(X55="Não se Aplica",X55=""),IF(OR(W55="Não se Aplica",W55=""),0,W55-V55),AVERAGE(X55-W55,W55-V55)),0),0) -> 0 | AT55: =IF(AU55="S",IF(AND(Q55="1. Aceitou o programa",AB55="Realizada"),IFERROR(IF(AA55="",0,AA55-R55),0),0),0) -> 0 | AU55: =_xlfn.XLOOKUP(U55,'Lista Suspensa'!$AA$20:$AA$23,'Lista Suspensa'!$AB$20:$AB$23,"N/A") -> S
A56: Sim | B56: 46142 | C56: Navegação | D56: Forms | E56: 79126705 | F56: JOSE MANUEL DA SILVA MARTINS | G56: 236.065.417-91 | H56: 18920 | I56: 74 | J56: M | K56: SP | L56: SAO PAULO | N56: 80 | O56: 11997344236 | P56: Hellen | Q56: 1. Aceitou o programa | R56: 46147 | T56: Contato Com Sucesso | U56: Ativo | V56: 46147 | Z56: Agendada | AA56: 46183 | AB56: Realizada | AJ56: Sim | AK56: Sim | AL56: Pós-AVC | AM56: =MONTH(B56)&"/"&YEAR(B56) -> 4/2026 | AN56: =WEEKNUM(B56)-WEEKNUM(EOMONTH(B56,-1)+1)+1 -> 5 | AO56: =MONTH(R56)&"/"&YEAR(R56) -> 5/2026 | AP56: =WEEKNUM(R56)-WEEKNUM(EOMONTH(R56,-1)+1)+1 -> 2 | AQ56: =IF(AU56="S",IF(Q56="1. Aceitou o programa",R56-B56,0),0) -> 5 | AR56: =IF(AU56="S",IF(AND(S56<>"",R56<>""),S56-R56,0),0) -> 0 | AS56: =IF(AU56="S",IF(Q56="1. Aceitou o programa",IF(OR(X56="Não se Aplica",X56=""),IF(OR(W56="Não se Aplica",W56=""),0,W56-V56),AVERAGE(X56-W56,W56-V56)),0),0) -> 0 | AT56: =IF(AU56="S",IF(AND(Q56="1. Aceitou o programa",AB56="Realizada"),IFERROR(IF(AA56="",0,AA56-R56),0),0),0) -> 36 | AU56: =_xlfn.XLOOKUP(U56,'Lista Suspensa'!$AA$20:$AA$23,'Lista Suspensa'!$AB$20:$AB$23,"N/A") -> S
A57: Sim | B57: 46148 | C57: Navegação | D57: Captado pela Amil/Call Center | E57: 94946466 | F57: RAIMUNDO FERNANDES DA SILVA | G57: 012.235.518-06 | H57: 20343 | I57: 70 | J57: M | K57: SP | L57: DIADEMA | N57: 110 | O57: 11932729414 | Q57: 1. Aceitou o programa | R57: 46171 | T57: Contato Com Sucesso | U57: Ativo | V57: 46150 | W57: 46164 | X57: 46170 | Z57: Agendada | AA57: 46175 | AB57: Não realizada - Falta | AJ57: Sim | AK57: Sim | AL57: Pós-AVC | AM57: =MONTH(B57)&"/"&YEAR(B57) -> 5/2026 | AN57: =WEEKNUM(B57)-WEEKNUM(EOMONTH(B57,-1)+1)+1 -> 2 | AO57: =MONTH(R57)&"/"&YEAR(R57) -> 5/2026 | AP57: =WEEKNUM(R57)-WEEKNUM(EOMONTH(R57,-1)+1)+1 -> 5 | AQ57: =IF(AU57="S",IF(Q57="1. Aceitou o programa",R57-B57,0),0) -> 23 | AR57: =IF(AU57="S",IF(AND(S57<>"",R57<>""),S57-R57,0),0) -> 0 | AS57: =IF(AU57="S",IF(Q57="1. Aceitou o programa",IF(OR(X57="Não se Aplica",X57=""),IF(OR(W57="Não se Aplica",W57=""),0,W57-V57),AVERAGE(X57-W57,W57-V57)),0),0) -> 10 | AT57: =IF(AU57="S",IF(AND(Q57="1. Aceitou o programa",AB57="Realizada"),IFERROR(IF(AA57="",0,AA57-R57),0),0),0) -> 0 | AU57: =_xlfn.XLOOKUP(U57,'Lista Suspensa'!$AA$20:$AA$23,'Lista Suspensa'!$AB$20:$AB$23,"N/A") -> S
A58: Sim | B58: 46148 | C58: Captação + Navegação | D58: Forms | E58: 772769613 | F58: MARIA TERESA J TABUCO | G58: 76930297887 | H58: 19105 | I58: 74 | J58: F | K58: SP | L58: SAO PAULO | M58: VILA BUENOS AIRES | N58: 300 | O58: 11982203439; 11983304758; 11932957812 | Q58: 1. Aceitou o programa | R58: 46171 | T58: Contato Com Sucesso | U58: Ativo | V58: 46150 | W58: 46164 | X58: 46170 | Z58: Agendada | AA58: 46175 | AB58: Não realizada - Falta | AJ58: Sim | AK58: Sim | AL58: Pós-AVC | AM58: =MONTH(B58)&"/"&YEAR(B58) -> 5/2026 | AN58: =WEEKNUM(B58)-WEEKNUM(EOMONTH(B58,-1)+1)+1 -> 2 | AO58: =MONTH(R58)&"/"&YEAR(R58) -> 5/2026 | AP58: =WEEKNUM(R58)-WEEKNUM(EOMONTH(R58,-1)+1)+1 -> 5 | AQ58: =IF(AU58="S",IF(Q58="1. Aceitou o programa",R58-B58,0),0) -> 23 | AR58: =IF(AU58="S",IF(AND(S58<>"",R58<>""),S58-R58,0),0) -> 0 | AS58: =IF(AU58="S",IF(Q58="1. Aceitou o programa",IF(OR(X58="Não se Aplica",X58=""),IF(OR(W58="Não se Aplica",W58=""),0,W58-V58),AVERAGE(X58-W58,W58-V58)),0),0) -> 10 | AT58: =IF(AU58="S",IF(AND(Q58="1. Aceitou o programa",AB58="Realizada"),IFERROR(IF(AA58="",0,AA58-R58),0),0),0) -> 0 | AU58: =_xlfn.XLOOKUP(U58,'Lista Suspensa'!$AA$20:$AA$23,'Lista Suspensa'!$AB$20:$AB$23,"N/A") -> S
A59: Sim | B59: 46149 | C59: Captação + Navegação | D59: Forms | E59: 452056845 | F59: IZILDO GREGORIO JARDIM | G59: 7752423815 | H59: 13563 | I59: 89 | J59: M | K59: SP | L59: SAO PAULO | M59: VILA GUARANI | N59: 400 | O59: 11-997321601; 11-50171402 | Q59: 1. Aceitou o programa | R59: 46171 | T59: Contato Com Sucesso | U59: Ativo | V59: 46150 | W59: 46164 | X59: 46170 | Z59: Agendada | AA59: 46175 | AB59: Não realizada - Falta | AJ59: Sim | AK59: Sim | AL59: Pós-AVC | AM59: =MONTH(B59)&"/"&YEAR(B59) -> 5/2026 | AN59: =WEEKNUM(B59)-WEEKNUM(EOMONTH(B59,-1)+1)+1 -> 2 | AO59: =MONTH(R59)&"/"&YEAR(R59) -> 5/2026 | AP59: =WEEKNUM(R59)-WEEKNUM(EOMONTH(R59,-1)+1)+1 -> 5 | AQ59: =IF(AU59="S",IF(Q59="1. Aceitou o programa",R59-B59,0),0) -> 22 | AR59: =IF(AU59="S",IF(AND(S59<>"",R59<>""),S59-R59,0),0) -> 0 | AS59: =IF(AU59="S",IF(Q59="1. Aceitou o programa",IF(OR(X59="Não se Aplica",X59=""),IF(OR(W59="Não se Aplica",W59=""),0,W59-V59),AVERAGE(X59-W59,W59-V59)),0),0) -> 10 | AT59: =IF(AU59="S",IF(AND(Q59="1. Aceitou o programa",AB59="Realizada"),IFERROR(IF(AA59="",0,AA59-R59),0),0),0) -> 0 | AU59: =_xlfn.XLOOKUP(U59,'Lista Suspensa'!$AA$20:$AA$23,'Lista Suspensa'!$AB$20:$AB$23,"N/A") -> S
A60: Sim | B60: 46163 | C60: Navegação | D60: Forms | E60: 82846593 | F60: NILDO DE SOUZA BRITO | G60: 892.612.325-15 | H60: 27788 | I60: 50 | J60: M | K60: SP | L60: DIADEMA | M60: CENTRO | N60: 40 | O60: 11973677390 | Q60: 7. Em fase de captação | T60: Contato Sem Sucesso | U60: Inativo | V60: 46164 | W60: 46170 | AJ60: Sim | AK60: Sim | AL60: Pós-AVC | AM60: =MONTH(B60)&"/"&YEAR(B60) -> 5/2026 | AN60: =WEEKNUM(B60)-WEEKNUM(EOMONTH(B60,-1)+1)+1 -> 4 | AO60: =MONTH(R60)&"/"&YEAR(R60) -> 1/1900 | AP60: =WEEKNUM(R60)-WEEKNUM(EOMONTH(R60,-1)+1)+1 -> #NUM! | AQ60: =IF(AU60="S",IF(Q60="1. Aceitou o programa",R60-B60,0),0) -> 0 | AR60: =IF(AU60="S",IF(AND(S60<>"",R60<>""),S60-R60,0),0) -> 0 | AS60: =IF(AU60="S",IF(Q60="1. Aceitou o programa",IF(OR(X60="Não se Aplica",X60=""),IF(OR(W60="Não se Aplica",W60=""),0,W60-V60),AVERAGE(X60-W60,W60-V60)),0),0) -> 0 | AT60: =IF(AU60="S",IF(AND(Q60="1. Aceitou o programa",AB60="Realizada"),IFERROR(IF(AA60="",0,AA60-R60),0),0),0) -> 0 | AU60: =_xlfn.XLOOKUP(U60,'Lista Suspensa'!$AA$20:$AA$23,'Lista Suspensa'!$AB$20:$AB$23,"N/A") -> S
A61: Sim | B61: 46163 | C61: Navegação | D61: Forms | E61: 86176281 | F61: FELIPE ROSA | G61: 386.724.560-68 | H61: 22972 | I61: 63 | J61: M | K61: SP | L61: SAO PAULO | M61: TATUAPE | N61: 60 | O61: 11996737930 | Q61: 1. Aceitou o programa | R61: 46178 | T61: Contato Com Sucesso | U61: Ativo | V61: 46164 | W61: 46170 | Z61: Agendada | AA61: 46190 | AJ61: Sim | AK61: Sim | AL61: Pós-AVC | AM61: =MONTH(B61)&"/"&YEAR(B61) -> 5/2026 | AN61: =WEEKNUM(B61)-WEEKNUM(EOMONTH(B61,-1)+1)+1 -> 4 | AO61: =MONTH(R61)&"/"&YEAR(R61) -> 6/2026 | AP61: =WEEKNUM(R61)-WEEKNUM(EOMONTH(R61,-1)+1)+1 -> 1 | AQ61: =IF(AU61="S",IF(Q61="1. Aceitou o programa",R61-B61,0),0) -> 15 | AR61: =IF(AU61="S",IF(AND(S61<>"",R61<>""),S61-R61,0),0) -> 0 | AS61: =IF(AU61="S",IF(Q61="1. Aceitou o programa",IF(OR(X61="Não se Aplica",X61=""),IF(OR(W61="Não se Aplica",W61=""),0,W61-V61),AVERAGE(X61-W61,W61-V61)),0),0) -> 6 | AT61: =IF(AU61="S",IF(AND(Q61="1. Aceitou o programa",AB61="Realizada"),IFERROR(IF(AA61="",0,AA61-R61),0),0),0) -> 0 | AU61: =_xlfn.XLOOKUP(U61,'Lista Suspensa'!$AA$20:$AA$23,'Lista Suspensa'!$AB$20:$AB$23,"N/A") -> S
A62: Sim | B62: 46175 | C62: Captação + Navegação | D62: Forms | E62: 84371438 | F62: PAULO FRANCISCO VERA CRUZ | G62: 994.167.868-53 | H62: 36186 | J62: M | K62: SP | L62: SAO PAULO | N62: 60 | O62: 11940323072 | Q62: 1. Aceitou o programa | R62: 46178 | T62: Contato Com Sucesso | U62: Ativo | V62: 46181 | Z62: Agendada | AA62: 46190 | AJ62: Sim | AK62: Sim | AL62: Pós-AVC | AM62: =MONTH(B62)&"/"&YEAR(B62) -> 6/2026 | AN62: =WEEKNUM(B62)-WEEKNUM(EOMONTH(B62,-1)+1)+1 -> 1 | AO62: =MONTH(R62)&"/"&YEAR(R62) -> 6/2026 | AP62: =WEEKNUM(R62)-WEEKNUM(EOMONTH(R62,-1)+1)+1 -> 1 | AQ62: =IF(AU62="S",IF(Q62="1. Aceitou o programa",R62-B62,0),0) -> 3 | AR62: =IF(AU62="S",IF(AND(S62<>"",R62<>""),S62-R62,0),0) -> 0 | AS62: =IF(AU62="S",IF(Q62="1. Aceitou o programa",IF(OR(X62="Não se Aplica",X62=""),IF(OR(W62="Não se Aplica",W62=""),0,W62-V62),AVERAGE(X62-W62,W62-V62)),0),0) -> 0 | AT62: =IF(AU62="S",IF(AND(Q62="1. Aceitou o programa",AB62="Realizada"),IFERROR(IF(AA62="",0,AA62-R62),0),0),0) -> 0 | AU62: =_xlfn.XLOOKUP(U62,'Lista Suspensa'!$AA$20:$AA$23,'Lista Suspensa'!$AB$20:$AB$23,"N/A") -> S
A63: Sim | B63: 46181 | C63: Captação + Navegação | D63: Forms | E63: 93860868 | F63: IEDA VALQUIRIA DA CUNHA SOUZA | G63: 283.868.738-76 | H63: 28793 | J63: F | K63: SP | L63: SAO PAULO | N63: 60 | O63: 11981291567 | Q63: 1. Aceitou o programa | R63: 46178 | T63: Contato Com Sucesso | U63: Ativo | V63: 46181 | Z63: Agendada | AA63: 46189 | AJ63: Sim | AK63: Sim
A64: Sim | B64: 46181 | C64: Captação + Navegação | D64: Forms | E64: 93185615 | F64: VERA LUCIA DA SILVA E SILVA | G64: 185.494.308-11 | H64: 26448 | J64: F | K64: SP | L64: SAO PAULO | N64: 120 | O64: 11971414270 | Q64: 7. Em fase de captação | T64: Contato Sem Sucesso | U64: Inativo | V64: 46181
A65: Sim | B65: 46182 | C65: Captação + Navegação | D65: Forms | E65: 451603141 | F65: DURLEI TEIXEIRA DE LIMA | H65: 13589 | J65: M | K65: SP | L65: SAO PAULO | M65: JARDIM ALZIRA | N65: 400 | O65: 11992160849 | Q65: 1. Aceitou o programa | R65: 46189 | T65: Contato Com Sucesso | U65: Ativo | V65: 46188 | Z65: Agendada | AA65: 46196 | AJ65: Sim
A66: Sim | B66: 46182 | C66: Captação + Navegação | D66: Forms | E66: 87801677 | F66: SAULO DO AMOR DIVINO WEIGERT | G66: 218.181.808-80 | H66: 30312 | J66: M | K66: SP | L66: SAO PAULO | M66: BARRA FUNDA | N66: 100 | O66: 11982150350 | Q66: 1. Aceitou o programa | R66: 46189 | T66: Contato Com Sucesso | U66: Ativo | V66: 46188 | Z66: Agendada | AA66: 46197 | AJ66: Sim
A67: Sim | B67: 46189 | C67: Captação + Navegação | D67: Forms | E67: 93843146 | F67: WELHINGTON VIANA LIMA | G67: 087.768.518-50 | H67: 24981 | J67: M | K67: SP | L67: SAO PAULO | M67: VILA REGINA ( ZONA LESTE) | N67: 60 | O67: 11946445094
A68: Sim | B68: 46189 | C68: Captação + Navegação | D68: Forms | E68: 800071174 | F68: SEBASTIAO NOGUEIRA DE LIMA | G68: 994.741.318-72 | H68: 19165 | J68: M | K68: SP | L68: SAO PAULO | M68: SERPA | N68: 200 | O68: 11974116136
A69: Sim | B69: 46189 | C69: Captação + Navegação | D69: Forms | E69: 82709829 | F69: JUSCELINO SILVA PEREIRA | G69: 086.289.668-11 | H69: 24504 | J69: M | K69: SP | L69: SAO PAULO | M69: SITIO MORRO GRANDE | N69: 40 | O69: 11968724929
A70: Sim | B70: 46191 | C70: Captação + Navegação | D70: Forms | E70: 93514487 | F70: CELSO ESTEVES MORON | G70: 120.139.238-13 | H70: 22978 | J70: M | K70: SP | L70: SAO PAULO | M70: ITAIM BIBI | N70: 60 | O70: 11987477034

Sheet Análise
B2: Linha | C2: Pós-AVC
B3: Motivo Envio
B4: Situação Atual do Paciente | C4: Total
B7: Mês/Ano | C7: 46143 | D7: >> Inserir no formato Mês / Ano apenas - como 01/2026, 02/2026, etc.
B9: Início | C9: 46023
B10: Fim | C10: 46165
B12: CONTAGEM DE PACIENTES
B14: Status BNF Linha | C14: Semana | H14: Mês | K14: Parâmetros | L14: Semana | S14: Status BNF Linha | T14: Absoluto | U14: Percentual | W14: Parâmetros
C15: 1 | D15: 2 | E15: 3 | F15: 4 | G15: 5 | H15: Absoluto | I15: Percentual | L15: 1 | M15: 2 | N15: 3 | O15: 4 | P15: 5 | Q15: Mês | S15: 1. Aceitou o programa | T15: =COUNTIFS(Consolidado!$AL:$AL,IF(ISBLANK($C$2),"<>",$C$2),Consolidado!$Q:$Q,Análise!S15,Consolidado!$B:$B,"<="&Análise!$C$10,Consolidado!$B:$B,">="&Análise!$C$9,Consolidado!$C:$C,IF(ISBLANK($C$3),"<>",$C$3),Consolidado!$AU:$AU,"S") -> 40 | U15: =IFERROR(T15/$T$40,0) -> 0.66666667 | W15: Taxa de Captação | Y15: =IFERROR(T15/T40,0) -> 0.66666667
B16: 1. Aceitou o programa | C16: =COUNTIFS(Consolidado!$AN:$AN,Análise!C$15,Consolidado!$AM:$AM,Análise!$C$7,Consolidado!$AL:$AL,IF(ISBLANK($C$2),"<>",$C$2),Consolidado!$Q:$Q,Análise!$B16,Consolidado!$C:$C,IF(ISBLANK($C$3),"<>",$C$3),Consolidado!$AU:$AU,"S") -> 0 | D16: =COUNTIFS(Consolidado!$AN:$AN,Análise!D$15,Consolidado!$AM:$AM,Análise!$C$7,Consolidado!$AL:$AL,IF(ISBLANK($C$2),"<>",$C$2),Consolidado!$Q:$Q,Análise!$B16,Consolidado!$C:$C,IF(ISBLANK($C$3),"<>",$C$3),Consolidado!$AU:$AU,"S") -> 3 | E16: =COUNTIFS(Consolidado!$AN:$AN,Análise!E$15,Consolidado!$AM:$AM,Análise!$C$7,Consolidado!$AL:$AL,IF(ISBLANK($C$2),"<>",$C$2),Consolidado!$Q:$Q,Análise!$B16,Consolidado!$C:$C,IF(ISBLANK($C$3),"<>",$C$3),Consolidado!$AU:$AU,"S") -> 0 | F16: =COUNTIFS(Consolidado!$AN:$AN,Análise!F$15,Consolidado!$AM:$AM,Análise!$C$7,Consolidado!$AL:$AL,IF(ISBLANK($C$2),"<>",$C$2),Consolidado!$Q:$Q,Análise!$B16,Consolidado!$C:$C,IF(ISBLANK($C$3),"<>",$C$3),Consolidado!$AU:$AU,"S") -> 1 | G16: =COUNTIFS(Consolidado!$AN:$AN,Análise!G$15,Consolidado!$AM:$AM,Análise!$C$7,Consolidado!$AL:$AL,IF(ISBLANK($C$2),"<>",$C$2),Consolidado!$Q:$Q,Análise!$B16,Consolidado!$C:$C,IF(ISBLANK($C$3),"<>",$C$3),Consolidado!$AU:$AU,"S") -> 0 | H16: =SUM(C16:G16) -> 4 | I16: =+IFERROR(H16/$H$41,0) -> 0.8 | K16: Total | L16: =+C41 -> 0 | M16: =+D41 -> 3 | N16: =+E41 -> 0 | O16: =+F41 -> 2 | P16: =+G41 -> 0 | Q16: =+H41 -> 5 | S16: 2. Em avaliação para participar do programa | T16: =COUNTIFS(Consolidado!$AL:$AL,IF(ISBLANK($C$2),"<>",$C$2),Consolidado!$Q:$Q,Análise!S16,Consolidado!$B:$B,"<="&Análise!$C$10,Consolidado!$B:$B,">="&Análise!$C$9,Consolidado!$C:$C,IF(ISBLANK($C$3),"<>",$C$3),Consolidado!$AU:$AU,"S") -> 0 | U16: =IFERROR(T16/$T$40,0) -> 0 | W16: SLA Captação Médio | Y16: =IFERROR(SUMIFS(Consolidado!AQ:AQ,Consolidado!$AL:$AL,IF(ISBLANK($C$2),"<>",$C$2),Consolidado!$B:$B,"<="&Análise!$C$10,Consolidado!$B:$B,">="&Análise!$C$9,Consolidado!$C:$C,IF(ISBLANK($C$3),"<>",$C$3))/T15,0) -> 29.575
B17: 2. Em avaliação para participar do programa | C17: =COUNTIFS(Consolidado!$AN:$AN,Análise!C$15,Consolidado!$AM:$AM,Análise!$C$7,Consolidado!$AL:$AL,IF(ISBLANK($C$2),"<>",$C$2),Consolidado!$Q:$Q,Análise!$B17,Consolidado!$C:$C,IF(ISBLANK($C$3),"<>",$C$3),Consolidado!$AU:$AU,"S") -> 0 | D17: =COUNTIFS(Consolidado!$AN:$AN,Análise!D$15,Consolidado!$AM:$AM,Análise!$C$7,Consolidado!$AL:$AL,IF(ISBLANK($C$2),"<>",$C$2),Consolidado!$Q:$Q,Análise!$B17,Consolidado!$C:$C,IF(ISBLANK($C$3),"<>",$C$3),Consolidado!$AU:$AU,"S") -> 0 | E17: =COUNTIFS(Consolidado!$AN:$AN,Análise!E$15,Consolidado!$AM:$AM,Análise!$C$7,Consolidado!$AL:$AL,IF(ISBLANK($C$2),"<>",$C$2),Consolidado!$Q:$Q,Análise!$B17,Consolidado!$C:$C,IF(ISBLANK($C$3),"<>",$C$3),Consolidado!$AU:$AU,"S") -> 0 | F17: =COUNTIFS(Consolidado!$AN:$AN,Análise!F$15,Consolidado!$AM:$AM,Análise!$C$7,Consolidado!$AL:$AL,IF(ISBLANK($C$2),"<>",$C$2),Consolidado!$Q:$Q,Análise!$B17,Consolidado!$C:$C,IF(ISBLANK($C$3),"<>",$C$3),Consolidado!$AU:$AU,"S") -> 0 | G17: =COUNTIFS(Consolidado!$AN:$AN,Análise!G$15,Consolidado!$AM:$AM,Análise!$C$7,Consolidado!$AL:$AL,IF(ISBLANK($C$2),"<>",$C$2),Consolidado!$Q:$Q,Análise!$B17,Consolidado!$C:$C,IF(ISBLANK($C$3),"<>",$C$3),Consolidado!$AU:$AU,"S") -> 0 | H17: =SUM(C17:G17) -> 0 | I17: =+IFERROR(H17/$H$41,0) -> 0 | K17: 1. Aceitou o programa | L17: =+C16 -> 0 | M17: =+D16 -> 3 | N17: =+E16 -> 0 | O17: =+F16 -> 1 | P17: =+G16 -> 0 | Q17: =+H16 -> 4 | S17: 3. Recusa por conta da assinatura do termo | T17: =COUNTIFS(Consolidado!$AL:$AL,IF(ISBLANK($C$2),"<>",$C$2),Consolidado!$Q:$Q,Análise!S17,Consolidado!$B:$B,"<="&Análise!$C$10,Consolidado!$B:$B,">="&Análise!$C$9,Consolidado!$C:$C,IF(ISBLANK($C$3),"<>",$C$3),Consolidado!$AU:$AU,"S") -> 0 | U17: =IFERROR(T17/$T$40,0) -> 0 | W17: SLA Tent. Contato Médio | Y17: =IFERROR(SUMIFS(Consolidado!AS:AS,Consolidado!$AL:$AL,IF(ISBLANK($C$2),"<>",$C$2),Consolidado!$B:$B,"<="&Análise!$C$10,Consolidado!$B:$B,">="&Análise!$C$9,Consolidado!$C:$C,IF(ISBLANK($C$3),"<>",$C$3))/COUNTIFS(Consolidado!$AL:$AL,IF(ISBLANK($C$2),"<>",$C$2),Consolidado!$Q:$Q,S$15,Consolidado!$B:$B,"<="&Análise!$C$10,Consolidado!$B:$B,">="&Análise!$C$9,Consolidado!$C:$C,IF(ISBLANK($C$3),"<>",$C$3),Consolidado!$AS:$AS,"<>"&0),0) -> 21.214286
B18: 3. Recusa por conta da assinatura do termo | C18: =COUNTIFS(Consolidado!$AN:$AN,Análise!C$15,Consolidado!$AM:$AM,Análise!$C$7,Consolidado!$AL:$AL,IF(ISBLANK($C$2),"<>",$C$2),Consolidado!$Q:$Q,Análise!$B18,Consolidado!$C:$C,IF(ISBLANK($C$3),"<>",$C$3),Consolidado!$AU:$AU,"S") -> 0 | D18: =COUNTIFS(Consolidado!$AN:$AN,Análise!D$15,Consolidado!$AM:$AM,Análise!$C$7,Consolidado!$AL:$AL,IF(ISBLANK($C$2),"<>",$C$2),Consolidado!$Q:$Q,Análise!$B18,Consolidado!$C:$C,IF(ISBLANK($C$3),"<>",$C$3),Consolidado!$AU:$AU,"S") -> 0 | E18: =COUNTIFS(Consolidado!$AN:$AN,Análise!E$15,Consolidado!$AM:$AM,Análise!$C$7,Consolidado!$AL:$AL,IF(ISBLANK($C$2),"<>",$C$2),Consolidado!$Q:$Q,Análise!$B18,Consolidado!$C:$C,IF(ISBLANK($C$3),"<>",$C$3),Consolidado!$AU:$AU,"S") -> 0 | F18: =COUNTIFS(Consolidado!$AN:$AN,Análise!F$15,Consolidado!$AM:$AM,Análise!$C$7,Consolidado!$AL:$AL,IF(ISBLANK($C$2),"<>",$C$2),Consolidado!$Q:$Q,Análise!$B18,Consolidado!$C:$C,IF(ISBLANK($C$3),"<>",$C$3),Consolidado!$AU:$AU,"S") -> 0 | G18: =COUNTIFS(Consolidado!$AN:$AN,Análise!G$15,Consolidado!$AM:$AM,Análise!$C$7,Consolidado!$AL:$AL,IF(ISBLANK($C$2),"<>",$C$2),Consolidado!$Q:$Q,Análise!$B18,Consolidado!$C:$C,IF(ISBLANK($C$3),"<>",$C$3),Consolidado!$AU:$AU,"S") -> 0 | H18: =SUM(C18:G18) -> 0 | I18: =+IFERROR(H18/$H$41,0) -> 0 | K18: Taxa de Captação | L18: =IFERROR(L17/L16,"") | M18: =IFERROR(M17/M16,"") -> 1 | N18: =IFERROR(N17/N16,"") | O18: =IFERROR(O17/O16,"") -> 0.5 | P18: =IFERROR(P17/P16,"") | Q18: =IFERROR(Q17/Q16,"") -> 0.8 | S18: 3. Recusa por desconfiança do programa | T18: =COUNTIFS(Consolidado!$AL:$AL,IF(ISBLANK($C$2),"<>",$C$2),Consolidado!$Q:$Q,Análise!S18,Consolidado!$B:$B,"<="&Análise!$C$10,Consolidado!$B:$B,">="&Análise!$C$9,Consolidado!$C:$C,IF(ISBLANK($C$3),"<>",$C$3),Consolidado!$AU:$AU,"S") -> 0 | U18: =IFERROR(T18/$T$40,0) -> 0 | W18: SLA Consulta Médio | Y18: =IFERROR(SUMIFS(Consolidado!AT:AT,Consolidado!$AL:$AL,IF(ISBLANK($C$2),"<>",$C$2),Consolidado!$B:$B,"<="&Análise!$C$10,Consolidado!$B:$B,">="&Análise!$C$9,Consolidado!$C:$C,IF(ISBLANK($C$3),"<>",$C$3))/COUNTIFS(Consolidado!$AL:$AL,IF(ISBLANK($C$2),"<>",$C$2),Consolidado!$Q:$Q,S$15,Consolidado!$B:$B,"<="&Análise!$C$10,Consolidado!$B:$B,">="&Análise!$C$9,Consolidado!$C:$C,IF(ISBLANK($C$3),"<>",$C$3),Consolidado!$AT:$AT,"<>"&0),0) -> 20.792484
B19: 3. Recusa por desconfiança do programa | C19: =COUNTIFS(Consolidado!$AN:$AN,Análise!C$15,Consolidado!$AM:$AM,Análise!$C$7,Consolidado!$AL:$AL,IF(ISBLANK($C$2),"<>",$C$2),Consolidado!$Q:$Q,Análise!$B19,Consolidado!$C:$C,IF(ISBLANK($C$3),"<>",$C$3),Consolidado!$AU:$AU,"S") -> 0 | D19: =COUNTIFS(Consolidado!$AN:$AN,Análise!D$15,Consolidado!$AM:$AM,Análise!$C$7,Consolidado!$AL:$AL,IF(ISBLANK($C$2),"<>",$C$2),Consolidado!$Q:$Q,Análise!$B19,Consolidado!$C:$C,IF(ISBLANK($C$3),"<>",$C$3),Consolidado!$AU:$AU,"S") -> 0 | E19: =COUNTIFS(Consolidado!$AN:$AN,Análise!E$15,Consolidado!$AM:$AM,Análise!$C$7,Consolidado!$AL:$AL,IF(ISBLANK($C$2),"<>",$C$2),Consolidado!$Q:$Q,Análise!$B19,Consolidado!$C:$C,IF(ISBLANK($C$3),"<>",$C$3),Consolidado!$AU:$AU,"S") -> 0 | F19: =COUNTIFS(Consolidado!$AN:$AN,Análise!F$15,Consolidado!$AM:$AM,Análise!$C$7,Consolidado!$AL:$AL,IF(ISBLANK($C$2),"<>",$C$2),Consolidado!$Q:$Q,Análise!$B19,Consolidado!$C:$C,IF(ISBLANK($C$3),"<>",$C$3),Consolidado!$AU:$AU,"S") -> 0 | G19: =COUNTIFS(Consolidado!$AN:$AN,Análise!G$15,Consolidado!$AM:$AM,Análise!$C$7,Consolidado!$AL:$AL,IF(ISBLANK($C$2),"<>",$C$2),Consolidado!$Q:$Q,Análise!$B19,Consolidado!$C:$C,IF(ISBLANK($C$3),"<>",$C$3),Consolidado!$AU:$AU,"S") -> 0 | H19: =SUM(C19:G19) -> 0 | I19: =+IFERROR(H19/$H$41,0) -> 0 | K19: SLA Captação Médio | L19: =IFERROR(SUMIFS(Consolidado!$AQ:$AQ,Consolidado!$AN:$AN,Análise!L15,Consolidado!$AM:$AM,Análise!$C$7,Consolidado!$AL:$AL,IF(ISBLANK($C$2),"<>",$C$2),Consolidado!$C:$C,IF(ISBLANK($C$3),"<>",$C$3))/L$17,0) -> 0 | M19: =IFERROR(SUMIFS(Consolidado!$AQ:$AQ,Consolidado!$AN:$AN,Análise!M15,Consolidado!$AM:$AM,Análise!$C$7,Consolidado!$AL:$AL,IF(ISBLANK($C$2),"<>",$C$2),Consolidado!$C:$C,IF(ISBLANK($C$3),"<>",$C$3))/M$17,0) -> 22.666667 | N19: =IFERROR(SUMIFS(Consolidado!$AQ:$AQ,Consolidado!$AN:$AN,Análise!N15,Consolidado!$AM:$AM,Análise!$C$7,Consolidado!$AL:$AL,IF(ISBLANK($C$2),"<>",$C$2),Consolidado!$C:$C,IF(ISBLANK($C$3),"<>",$C$3))/N$17,0) -> 0 | O19: =IFERROR(SUMIFS(Consolidado!$AQ:$AQ,Consolidado!$AN:$AN,Análise!O15,Consolidado!$AM:$AM,Análise!$C$7,Consolidado!$AL:$AL,IF(ISBLANK($C$2),"<>",$C$2),Consolidado!$C:$C,IF(ISBLANK($C$3),"<>",$C$3))/O$17,0) -> 15 | P19: =IFERROR(SUMIFS(Consolidado!$AQ:$AQ,Consolidado!$AN:$AN,Análise!P15,Consolidado!$AM:$AM,Análise!$C$7,Consolidado!$AL:$AL,IF(ISBLANK($C$2),"<>",$C$2),Consolidado!$C:$C,IF(ISBLANK($C$3),"<>",$C$3))/P$17,0) -> 0 | Q19: =IFERROR(SUMIFS(Consolidado!AQ:AQ,Consolidado!$AM:$AM,Análise!$C$7,Consolidado!$AL:$AL,IF(ISBLANK($C$2),"<>",$C$2),Consolidado!$C:$C,IF(ISBLANK($C$3),"<>",$C$3))/$Q17,0) -> 20.75 | S19: 3. Recusa por falta de interesse | T19: =COUNTIFS(Consolidado!$AL:$AL,IF(ISBLANK($C$2),"<>",$C$2),Consolidado!$Q:$Q,Análise!S19,Consolidado!$B:$B,"<="&Análise!$C$10,Consolidado!$B:$B,">="&Análise!$C$9,Consolidado!$C:$C,IF(ISBLANK($C$3),"<>",$C$3),Consolidado!$AU:$AU,"S") -> 6 | U19: =IFERROR(T19/$T$40,0) -> 0.1 | W19: SLA Exclusão Médio | Y19: =IFERROR(SUMIFS(Consolidado!$AR:$AR,Consolidado!$B:$B,"<="&Análise!$C$10,Consolidado!$B:$B,">="&Análise!$C$9,Consolidado!$AM:$AM,Análise!$C$7,Consolidado!$AL:$AL,IF(ISBLANK($C$2),"<>",$C$2),Consolidado!$C:$C,IF(ISBLANK($C$3),"<>",$C$3))/COUNTIFS(Consolidado!$R:$R,"<>",Consolidado!$S:$S,"<>",Consolidado!$AM:$AM,Análise!$C$7,Consolidado!$AL:$AL,IF(ISBLANK($C$2),"<>",$C$2),Consolidado!$C:$C,IF(ISBLANK($C$3),"<>",$C$3),Consolidado!$B:$B,"<="&Análise!$C$10,Consolidado!$B:$B,">="&Análise!$C$9),0) -> 0
B20: 3. Recusa por falta de interesse | C20: =COUNTIFS(Consolidado!$AN:$AN,Análise!C$15,Consolidado!$AM:$AM,Análise!$C$7,Consolidado!$AL:$AL,IF(ISBLANK($C$2),"<>",$C$2),Consolidado!$Q:$Q,Análise!$B20,Consolidado!$C:$C,IF(ISBLANK($C$3),"<>",$C$3),Consolidado!$AU:$AU,"S") -> 0 | D20: =COUNTIFS(Consolidado!$AN:$AN,Análise!D$15,Consolidado!$AM:$AM,Análise!$C$7,Consolidado!$AL:$AL,IF(ISBLANK($C$2),"<>",$C$2),Consolidado!$Q:$Q,Análise!$B20,Consolidado!$C:$C,IF(ISBLANK($C$3),"<>",$C$3),Consolidado!$AU:$AU,"S") -> 0 | E20: =COUNTIFS(Consolidado!$AN:$AN,Análise!E$15,Consolidado!$AM:$AM,Análise!$C$7,Consolidado!$AL:$AL,IF(ISBLANK($C$2),"<>",$C$2),Consolidado!$Q:$Q,Análise!$B20,Consolidado!$C:$C,IF(ISBLANK($C$3),"<>",$C$3),Consolidado!$AU:$AU,"S") -> 0 | F20: =COUNTIFS(Consolidado!$AN:$AN,Análise!F$15,Consolidado!$AM:$AM,Análise!$C$7,Consolidado!$AL:$AL,IF(ISBLANK($C$2),"<>",$C$2),Consolidado!$Q:$Q,Análise!$B20,Consolidado!$C:$C,IF(ISBLANK($C$3),"<>",$C$3),Consolidado!$AU:$AU,"S") -> 0 | G20: =COUNTIFS(Consolidado!$AN:$AN,Análise!G$15,Consolidado!$AM:$AM,Análise!$C$7,Consolidado!$AL:$AL,IF(ISBLANK($C$2),"<>",$C$2),Consolidado!$Q:$Q,Análise!$B20,Consolidado!$C:$C,IF(ISBLANK($C$3),"<>",$C$3),Consolidado!$AU:$AU,"S") -> 0 | H20: =SUM(C20:G20) -> 0 | I20: =+IFERROR(H20/$H$41,0) -> 0 | K20: SLA Tent. Contato Médio | L20: =IFERROR(SUMIFS(Consolidado!$AS:$AS,Consolidado!$AN:$AN,Análise!L15,Consolidado!$AM:$AM,Análise!$C$7,Consolidado!$AL:$AL,IF(ISBLANK($C$2),"<>",$C$2),Consolidado!$C:$C,IF(ISBLANK($C$3),"<>",$C$3))/COUNTIFS(Consolidado!$AN:$AN,Análise!L15,Consolidado!$AM:$AM,Análise!$C$7,Consolidado!$AL:$AL,IF(ISBLANK($C$2),"<>",$C$2),Consolidado!$Q:$Q,$K17,Consolidado!$C:$C,IF(ISBLANK($C$3),"<>",$C$3),Consolidado!$AS:$AS,"<>"&0),0) -> 0 | M20: =IFERROR(SUMIFS(Consolidado!$AS:$AS,Consolidado!$AN:$AN,Análise!M15,Consolidado!$AM:$AM,Análise!$C$7,Consolidado!$AL:$AL,IF(ISBLANK($C$2),"<>",$C$2),Consolidado!$C:$C,IF(ISBLANK($C$3),"<>",$C$3))/COUNTIFS(Consolidado!$AN:$AN,Análise!M15,Consolidado!$AM:$AM,Análise!$C$7,Consolidado!$AL:$AL,IF(ISBLANK($C$2),"<>",$C$2),Consolidado!$Q:$Q,$K17,Consolidado!$C:$C,IF(ISBLANK($C$3),"<>",$C$3),Consolidado!$AS:$AS,"<>"&0),0) -> 10 | N20: =IFERROR(SUMIFS(Consolidado!$AS:$AS,Consolidado!$AN:$AN,Análise!N15,Consolidado!$AM:$AM,Análise!$C$7,Consolidado!$AL:$AL,IF(ISBLANK($C$2),"<>",$C$2),Consolidado!$C:$C,IF(ISBLANK($C$3),"<>",$C$3))/COUNTIFS(Consolidado!$AN:$AN,Análise!N15,Consolidado!$AM:$AM,Análise!$C$7,Consolidado!$AL:$AL,IF(ISBLANK($C$2),"<>",$C$2),Consolidado!$Q:$Q,$K17,Consolidado!$C:$C,IF(ISBLANK($C$3),"<>",$C$3),Consolidado!$AS:$AS,"<>"&0),0) -> 0 | O20: =IFERROR(SUMIFS(Consolidado!$AS:$AS,Consolidado!$AN:$AN,Análise!O15,Consolidado!$AM:$AM,Análise!$C$7,Consolidado!$AL:$AL,IF(ISBLANK($C$2),"<>",$C$2),Consolidado!$C:$C,IF(ISBLANK($C$3),"<>",$C$3))/COUNTIFS(Consolidado!$AN:$AN,Análise!O15,Consolidado!$AM:$AM,Análise!$C$7,Consolidado!$AL:$AL,IF(ISBLANK($C$2),"<>",$C$2),Consolidado!$Q:$Q,$K17,Consolidado!$C:$C,IF(ISBLANK($C$3),"<>",$C$3),Consolidado!$AS:$AS,"<>"&0),0) -> 6 | P20: =IFERROR(SUMIFS(Consolidado!$AS:$AS,Consolidado!$AN:$AN,Análise!P15,Consolidado!$AM:$AM,Análise!$C$7,Consolidado!$AL:$AL,IF(ISBLANK($C$2),"<>",$C$2),Consolidado!$C:$C,IF(ISBLANK($C$3),"<>",$C$3))/COUNTIFS(Consolidado!$AN:$AN,Análise!P15,Consolidado!$AM:$AM,Análise!$C$7,Consolidado!$AL:$AL,IF(ISBLANK($C$2),"<>",$C$2),Consolidado!$Q:$Q,$K17,Consolidado!$C:$C,IF(ISBLANK($C$3),"<>",$C$3),Consolidado!$AS:$AS,"<>"&0),0) -> 0 | Q20: =IFERROR(SUMIFS(Consolidado!AS:AS,Consolidado!$AM:$AM,Análise!$C$7,Consolidado!$AL:$AL,IF(ISBLANK($C$2),"<>",$C$2),Consolidado!$C:$C,IF(ISBLANK($C$3),"<>",$C$3))/COUNTIFS(Consolidado!$AM:$AM,Análise!$C$7,Consolidado!$AL:$AL,IF(ISBLANK($C$2),"<>",$C$2),Consolidado!$Q:$Q,K$17,Consolidado!$C:$C,IF(ISBLANK($C$3),"<>",$C$3),Consolidado!$AS:$AS,"<>"&0),0) -> 9 | S20: 3. Recusa pela coparticipação | T20: =COUNTIFS(Consolidado!$AL:$AL,IF(ISBLANK($C$2),"<>",$C$2),Consolidado!$Q:$Q,Análise!S20,Consolidado!$B:$B,"<="&Análise!$C$10,Consolidado!$B:$B,">="&Análise!$C$9,Consolidado!$C:$C,IF(ISBLANK($C$3),"<>",$C$3),Consolidado!$AU:$AU,"S") -> 0 | U20: =IFERROR(T20/$T$40,0) -> 0 | W20: Potencial de Conversão | Y20: =IFERROR((T15+T37)/T40,"") -> 0.68333333
B21: 3. Recusa pela coparticipação | C21: =COUNTIFS(Consolidado!$AN:$AN,Análise!C$15,Consolidado!$AM:$AM,Análise!$C$7,Consolidado!$AL:$AL,IF(ISBLANK($C$2),"<>",$C$2),Consolidado!$Q:$Q,Análise!$B21,Consolidado!$C:$C,IF(ISBLANK($C$3),"<>",$C$3),Consolidado!$AU:$AU,"S") -> 0 | D21: =COUNTIFS(Consolidado!$AN:$AN,Análise!D$15,Consolidado!$AM:$AM,Análise!$C$7,Consolidado!$AL:$AL,IF(ISBLANK($C$2),"<>",$C$2),Consolidado!$Q:$Q,Análise!$B21,Consolidado!$C:$C,IF(ISBLANK($C$3),"<>",$C$3),Consolidado!$AU:$AU,"S") -> 0 | E21: =COUNTIFS(Consolidado!$AN:$AN,Análise!E$15,Consolidado!$AM:$AM,Análise!$C$7,Consolidado!$AL:$AL,IF(ISBLANK($C$2),"<>",$C$2),Consolidado!$Q:$Q,Análise!$B21,Consolidado!$C:$C,IF(ISBLANK($C$3),"<>",$C$3),Consolidado!$AU:$AU,"S") -> 0 | F21: =COUNTIFS(Consolidado!$AN:$AN,Análise!F$15,Consolidado!$AM:$AM,Análise!$C$7,Consolidado!$AL:$AL,IF(ISBLANK($C$2),"<>",$C$2),Consolidado!$Q:$Q,Análise!$B21,Consolidado!$C:$C,IF(ISBLANK($C$3),"<>",$C$3),Consolidado!$AU:$AU,"S") -> 0 | G21: =COUNTIFS(Consolidado!$AN:$AN,Análise!G$15,Consolidado!$AM:$AM,Análise!$C$7,Consolidado!$AL:$AL,IF(ISBLANK($C$2),"<>",$C$2),Consolidado!$Q:$Q,Análise!$B21,Consolidado!$C:$C,IF(ISBLANK($C$3),"<>",$C$3),Consolidado!$AU:$AU,"S") -> 0 | H21: =SUM(C21:G21) -> 0 | I21: =+IFERROR(H21/$H$41,0) -> 0 | K21: SLA Consulta Médio | L21: =IFERROR(SUMIFS(Consolidado!$AT:$AT,Consolidado!$AN:$AN,Análise!L15,Consolidado!$AM:$AM,Análise!$C$7,Consolidado!$AL:$AL,IF(ISBLANK($C$2),"<>",$C$2),Consolidado!$C:$C,IF(ISBLANK($C$3),"<>",$C$3))/COUNTIFS(Consolidado!$AN:$AN,Análise!L15,Consolidado!$AM:$AM,Análise!$C$7,Consolidado!$AL:$AL,IF(ISBLANK($C$2),"<>",$C$2),Consolidado!$Q:$Q,$K17,Consolidado!$C:$C,IF(ISBLANK($C$3),"<>",$C$3),Consolidado!$AT:$AT,"<>"&0),0) -> 0 | M21: =IFERROR(SUMIFS(Consolidado!$AT:$AT,Consolidado!$AN:$AN,Análise!M15,Consolidado!$AM:$AM,Análise!$C$7,Consolidado!$AL:$AL,IF(ISBLANK($C$2),"<>",$C$2),Consolidado!$C:$C,IF(ISBLANK($C$3),"<>",$C$3))/COUNTIFS(Consolidado!$AN:$AN,Análise!M15,Consolidado!$AM:$AM,Análise!$C$7,Consolidado!$AL:$AL,IF(ISBLANK($C$2),"<>",$C$2),Consolidado!$Q:$Q,$K17,Consolidado!$C:$C,IF(ISBLANK($C$3),"<>",$C$3),Consolidado!$AT:$AT,"<>"&0),0) -> 0 | N21: =IFERROR(SUMIFS(Consolidado!$AT:$AT,Consolidado!$AN:$AN,Análise!N15,Consolidado!$AM:$AM,Análise!$C$7,Consolidado!$AL:$AL,IF(ISBLANK($C$2),"<>",$C$2),Consolidado!$C:$C,IF(ISBLANK($C$3),"<>",$C$3))/COUNTIFS(Consolidado!$AN:$AN,Análise!N15,Consolidado!$AM:$AM,Análise!$C$7,Consolidado!$AL:$AL,IF(ISBLANK($C$2),"<>",$C$2),Consolidado!$Q:$Q,$K17,Consolidado!$C:$C,IF(ISBLANK($C$3),"<>",$C$3),Consolidado!$AT:$AT,"<>"&0),0) -> 0 | O21: =IFERROR(SUMIFS(Consolidado!$AT:$AT,Consolidado!$AN:$AN,Análise!O15,Consolidado!$AM:$AM,Análise!$C$7,Consolidado!$AL:$AL,IF(ISBLANK($C$2),"<>",$C$2),Consolidado!$C:$C,IF(ISBLANK($C$3),"<>",$C$3))/COUNTIFS(Consolidado!$AN:$AN,Análise!O15,Consolidado!$AM:$AM,Análise!$C$7,Consolidado!$AL:$AL,IF(ISBLANK($C$2),"<>",$C$2),Consolidado!$Q:$Q,$K17,Consolidado!$C:$C,IF(ISBLANK($C$3),"<>",$C$3),Consolidado!$AT:$AT,"<>"&0),0) -> 0 | P21: =IFERROR(SUMIFS(Consolidado!$AT:$AT,Consolidado!$AN:$AN,Análise!P15,Consolidado!$AM:$AM,Análise!$C$7,Consolidado!$AL:$AL,IF(ISBLANK($C$2),"<>",$C$2),Consolidado!$C:$C,IF(ISBLANK($C$3),"<>",$C$3))/COUNTIFS(Consolidado!$AN:$AN,Análise!P15,Consolidado!$AM:$AM,Análise!$C$7,Consolidado!$AL:$AL,IF(ISBLANK($C$2),"<>",$C$2),Consolidado!$Q:$Q,$K17,Consolidado!$C:$C,IF(ISBLANK($C$3),"<>",$C$3),Consolidado!$AT:$AT,"<>"&0),0) -> 0 | Q21: =IFERROR(SUMIFS(Consolidado!AT:AT,Consolidado!$AM:$AM,Análise!$C$7,Consolidado!$AL:$AL,IF(ISBLANK($C$2),"<>",$C$2),Consolidado!$C:$C,IF(ISBLANK($C$3),"<>",$C$3))/COUNTIFS(Consolidado!$AM:$AM,Análise!$C$7,Consolidado!$AL:$AL,IF(ISBLANK($C$2),"<>",$C$2),Consolidado!$Q:$Q,K$17,Consolidado!$C:$C,IF(ISBLANK($C$3),"<>",$C$3),Consolidado!$AT:$AT,"<>"&0),0) -> 0 | S21: 3. Recusa por estar fora da região | T21: =COUNTIFS(Consolidado!$AL:$AL,IF(ISBLANK($C$2),"<>",$C$2),Consolidado!$Q:$Q,Análise!S21,Consolidado!$B:$B,"<="&Análise!$C$10,Consolidado!$B:$B,">="&Análise!$C$9,Consolidado!$C:$C,IF(ISBLANK($C$3),"<>",$C$3),Consolidado!$AU:$AU,"S") -> 0 | U21: =IFERROR(T21/$T$40,0) -> 0
B22: 3. Recusa por estar fora da região | C22: =COUNTIFS(Consolidado!$AN:$AN,Análise!C$15,Consolidado!$AM:$AM,Análise!$C$7,Consolidado!$AL:$AL,IF(ISBLANK($C$2),"<>",$C$2),Consolidado!$Q:$Q,Análise!$B22,Consolidado!$C:$C,IF(ISBLANK($C$3),"<>",$C$3),Consolidado!$AU:$AU,"S") -> 0 | D22: =COUNTIFS(Consolidado!$AN:$AN,Análise!D$15,Consolidado!$AM:$AM,Análise!$C$7,Consolidado!$AL:$AL,IF(ISBLANK($C$2),"<>",$C$2),Consolidado!$Q:$Q,Análise!$B22,Consolidado!$C:$C,IF(ISBLANK($C$3),"<>",$C$3),Consolidado!$AU:$AU,"S") -> 0 | E22: =COUNTIFS(Consolidado!$AN:$AN,Análise!E$15,Consolidado!$AM:$AM,Análise!$C$7,Consolidado!$AL:$AL,IF(ISBLANK($C$2),"<>",$C$2),Consolidado!$Q:$Q,Análise!$B22,Consolidado!$C:$C,IF(ISBLANK($C$3),"<>",$C$3),Consolidado!$AU:$AU,"S") -> 0 | F22: =COUNTIFS(Consolidado!$AN:$AN,Análise!F$15,Consolidado!$AM:$AM,Análise!$C$7,Consolidado!$AL:$AL,IF(ISBLANK($C$2),"<>",$C$2),Consolidado!$Q:$Q,Análise!$B22,Consolidado!$C:$C,IF(ISBLANK($C$3),"<>",$C$3),Consolidado!$AU:$AU,"S") -> 0 | G22: =COUNTIFS(Consolidado!$AN:$AN,Análise!G$15,Consolidado!$AM:$AM,Análise!$C$7,Consolidado!$AL:$AL,IF(ISBLANK($C$2),"<>",$C$2),Consolidado!$Q:$Q,Análise!$B22,Consolidado!$C:$C,IF(ISBLANK($C$3),"<>",$C$3),Consolidado!$AU:$AU,"S") -> 0 | H22: =SUM(C22:G22) -> 0 | I22: =+IFERROR(H22/$H$41,0) -> 0 | S22: 3. Recusa por outros motivos | T22: =COUNTIFS(Consolidado!$AL:$AL,IF(ISBLANK($C$2),"<>",$C$2),Consolidado!$Q:$Q,Análise!S22,Consolidado!$B:$B,"<="&Análise!$C$10,Consolidado!$B:$B,">="&Análise!$C$9,Consolidado!$C:$C,IF(ISBLANK($C$3),"<>",$C$3),Consolidado!$AU:$AU,"S") -> 0 | U22: =IFERROR(T22/$T$40,0) -> 0 | W22: Por Gênero | X22: Absoluto | Y22: Percentual
B23: 3. Recusa por outros motivos | C23: =COUNTIFS(Consolidado!$AN:$AN,Análise!C$15,Consolidado!$AM:$AM,Análise!$C$7,Consolidado!$AL:$AL,IF(ISBLANK($C$2),"<>",$C$2),Consolidado!$Q:$Q,Análise!$B23,Consolidado!$C:$C,IF(ISBLANK($C$3),"<>",$C$3),Consolidado!$AU:$AU,"S") -> 0 | D23: =COUNTIFS(Consolidado!$AN:$AN,Análise!D$15,Consolidado!$AM:$AM,Análise!$C$7,Consolidado!$AL:$AL,IF(ISBLANK($C$2),"<>",$C$2),Consolidado!$Q:$Q,Análise!$B23,Consolidado!$C:$C,IF(ISBLANK($C$3),"<>",$C$3),Consolidado!$AU:$AU,"S") -> 0 | E23: =COUNTIFS(Consolidado!$AN:$AN,Análise!E$15,Consolidado!$AM:$AM,Análise!$C$7,Consolidado!$AL:$AL,IF(ISBLANK($C$2),"<>",$C$2),Consolidado!$Q:$Q,Análise!$B23,Consolidado!$C:$C,IF(ISBLANK($C$3),"<>",$C$3),Consolidado!$AU:$AU,"S") -> 0 | F23: =COUNTIFS(Consolidado!$AN:$AN,Análise!F$15,Consolidado!$AM:$AM,Análise!$C$7,Consolidado!$AL:$AL,IF(ISBLANK($C$2),"<>",$C$2),Consolidado!$Q:$Q,Análise!$B23,Consolidado!$C:$C,IF(ISBLANK($C$3),"<>",$C$3),Consolidado!$AU:$AU,"S") -> 0 | G23: =COUNTIFS(Consolidado!$AN:$AN,Análise!G$15,Consolidado!$AM:$AM,Análise!$C$7,Consolidado!$AL:$AL,IF(ISBLANK($C$2),"<>",$C$2),Consolidado!$Q:$Q,Análise!$B23,Consolidado!$C:$C,IF(ISBLANK($C$3),"<>",$C$3),Consolidado!$AU:$AU,"S") -> 0 | H23: =SUM(C23:G23) -> 0 | I23: =+IFERROR(H23/$H$41,0) -> 0 | S23: 4. Inelegível fora do escopo | T23: =COUNTIFS(Consolidado!$AL:$AL,IF(ISBLANK($C$2),"<>",$C$2),Consolidado!$Q:$Q,Análise!S23,Consolidado!$B:$B,"<="&Análise!$C$10,Consolidado!$B:$B,">="&Análise!$C$9,Consolidado!$C:$C,IF(ISBLANK($C$3),"<>",$C$3),Consolidado!$AU:$AU,"S") -> 5 | U23: =IFERROR(T23/$T$40,0) -> 0.083333333 | W23: F | X23: =COUNTIFS(Consolidado!$AL:$AL,IF(ISBLANK($C$2),"<>",$C$2),Consolidado!$Q:$Q,Análise!S15,Consolidado!$B:$B,"<="&Análise!$C$10,Consolidado!$B:$B,">="&Análise!$C$9,Consolidado!$C:$C,IF(ISBLANK($C$3),"<>",$C$3),Consolidado!$J:$J,$W23,Consolidado!$AU:$AU,"S") -> 19 | Y23: =IFERROR(X23/SUM($X$23:$X$24),"") -> 0.475
B24: 4. Inelegível fora do escopo | C24: =COUNTIFS(Consolidado!$AN:$AN,Análise!C$15,Consolidado!$AM:$AM,Análise!$C$7,Consolidado!$AL:$AL,IF(ISBLANK($C$2),"<>",$C$2),Consolidado!$Q:$Q,Análise!$B24,Consolidado!$C:$C,IF(ISBLANK($C$3),"<>",$C$3),Consolidado!$AU:$AU,"S") -> 0 | D24: =COUNTIFS(Consolidado!$AN:$AN,Análise!D$15,Consolidado!$AM:$AM,Análise!$C$7,Consolidado!$AL:$AL,IF(ISBLANK($C$2),"<>",$C$2),Consolidado!$Q:$Q,Análise!$B24,Consolidado!$C:$C,IF(ISBLANK($C$3),"<>",$C$3),Consolidado!$AU:$AU,"S") -> 0 | E24: =COUNTIFS(Consolidado!$AN:$AN,Análise!E$15,Consolidado!$AM:$AM,Análise!$C$7,Consolidado!$AL:$AL,IF(ISBLANK($C$2),"<>",$C$2),Consolidado!$Q:$Q,Análise!$B24,Consolidado!$C:$C,IF(ISBLANK($C$3),"<>",$C$3),Consolidado!$AU:$AU,"S") -> 0 | F24: =COUNTIFS(Consolidado!$AN:$AN,Análise!F$15,Consolidado!$AM:$AM,Análise!$C$7,Consolidado!$AL:$AL,IF(ISBLANK($C$2),"<>",$C$2),Consolidado!$Q:$Q,Análise!$B24,Consolidado!$C:$C,IF(ISBLANK($C$3),"<>",$C$3),Consolidado!$AU:$AU,"S") -> 0 | G24: =COUNTIFS(Consolidado!$AN:$AN,Análise!G$15,Consolidado!$AM:$AM,Análise!$C$7,Consolidado!$AL:$AL,IF(ISBLANK($C$2),"<>",$C$2),Consolidado!$Q:$Q,Análise!$B24,Consolidado!$C:$C,IF(ISBLANK($C$3),"<>",$C$3),Consolidado!$AU:$AU,"S") -> 0 | H24: =SUM(C24:G24) -> 0 | I24: =+IFERROR(H24/$H$41,0) -> 0 | K24: Parâmetros | L24: Semana | S24: 4. Exclusão do plano | T24: =COUNTIFS(Consolidado!$AL:$AL,IF(ISBLANK($C$2),"<>",$C$2),Consolidado!$Q:$Q,Análise!S24,Consolidado!$B:$B,"<="&Análise!$C$10,Consolidado!$B:$B,">="&Análise!$C$9,Consolidado!$C:$C,IF(ISBLANK($C$3),"<>",$C$3),Consolidado!$AU:$AU,"S") -> 0 | U24: =IFERROR(T24/$T$40,0) -> 0 | W24: M | X24: =COUNTIFS(Consolidado!$AL:$AL,IF(ISBLANK($C$2),"<>",$C$2),Consolidado!$Q:$Q,S15,Consolidado!$B:$B,"<="&Análise!$C$10,Consolidado!$B:$B,">="&Análise!$C$9,Consolidado!$C:$C,IF(ISBLANK($C$3),"<>",$C$3),Consolidado!$J:$J,$W24,Consolidado!$AU:$AU,"S") -> 21 | Y24: =IFERROR(X24/SUM($X$23:$X$24),"") -> 0.525
B25: 4. Exclusão do plano | C25: =COUNTIFS(Consolidado!$AN:$AN,Análise!C$15,Consolidado!$AM:$AM,Análise!$C$7,Consolidado!$AL:$AL,IF(ISBLANK($C$2),"<>",$C$2),Consolidado!$Q:$Q,Análise!$B25,Consolidado!$C:$C,IF(ISBLANK($C$3),"<>",$C$3),Consolidado!$AU:$AU,"S") -> 0 | D25: =COUNTIFS(Consolidado!$AN:$AN,Análise!D$15,Consolidado!$AM:$AM,Análise!$C$7,Consolidado!$AL:$AL,IF(ISBLANK($C$2),"<>",$C$2),Consolidado!$Q:$Q,Análise!$B25,Consolidado!$C:$C,IF(ISBLANK($C$3),"<>",$C$3),Consolidado!$AU:$AU,"S") -> 0 | E25: =COUNTIFS(Consolidado!$AN:$AN,Análise!E$15,Consolidado!$AM:$AM,Análise!$C$7,Consolidado!$AL:$AL,IF(ISBLANK($C$2),"<>",$C$2),Consolidado!$Q:$Q,Análise!$B25,Consolidado!$C:$C,IF(ISBLANK($C$3),"<>",$C$3),Consolidado!$AU:$AU,"S") -> 0 | F25: =COUNTIFS(Consolidado!$AN:$AN,Análise!F$15,Consolidado!$AM:$AM,Análise!$C$7,Consolidado!$AL:$AL,IF(ISBLANK($C$2),"<>",$C$2),Consolidado!$Q:$Q,Análise!$B25,Consolidado!$C:$C,IF(ISBLANK($C$3),"<>",$C$3),Consolidado!$AU:$AU,"S") -> 0 | G25: =COUNTIFS(Consolidado!$AN:$AN,Análise!G$15,Consolidado!$AM:$AM,Análise!$C$7,Consolidado!$AL:$AL,IF(ISBLANK($C$2),"<>",$C$2),Consolidado!$Q:$Q,Análise!$B25,Consolidado!$C:$C,IF(ISBLANK($C$3),"<>",$C$3),Consolidado!$AU:$AU,"S") -> 0 | H25: =SUM(C25:G25) -> 0 | I25: =+IFERROR(H25/$H$41,0) -> 0 | L25: 1 | M25: 2 | N25: 3 | O25: 4 | P25: 5 | Q25: Mês | S25: 4. Óbito | T25: =COUNTIFS(Consolidado!$AL:$AL,IF(ISBLANK($C$2),"<>",$C$2),Consolidado!$Q:$Q,Análise!S25,Consolidado!$B:$B,"<="&Análise!$C$10,Consolidado!$B:$B,">="&Análise!$C$9,Consolidado!$C:$C,IF(ISBLANK($C$3),"<>",$C$3),Consolidado!$AU:$AU,"S") -> 0 | U25: =IFERROR(T25/$T$40,0) -> 0
B26: 4. Óbito | C26: =COUNTIFS(Consolidado!$AN:$AN,Análise!C$15,Consolidado!$AM:$AM,Análise!$C$7,Consolidado!$AL:$AL,IF(ISBLANK($C$2),"<>",$C$2),Consolidado!$Q:$Q,Análise!$B26,Consolidado!$C:$C,IF(ISBLANK($C$3),"<>",$C$3),Consolidado!$AU:$AU,"S") -> 0 | D26: =COUNTIFS(Consolidado!$AN:$AN,Análise!D$15,Consolidado!$AM:$AM,Análise!$C$7,Consolidado!$AL:$AL,IF(ISBLANK($C$2),"<>",$C$2),Consolidado!$Q:$Q,Análise!$B26,Consolidado!$C:$C,IF(ISBLANK($C$3),"<>",$C$3),Consolidado!$AU:$AU,"S") -> 0 | E26: =COUNTIFS(Consolidado!$AN:$AN,Análise!E$15,Consolidado!$AM:$AM,Análise!$C$7,Consolidado!$AL:$AL,IF(ISBLANK($C$2),"<>",$C$2),Consolidado!$Q:$Q,Análise!$B26,Consolidado!$C:$C,IF(ISBLANK($C$3),"<>",$C$3),Consolidado!$AU:$AU,"S") -> 0 | F26: =COUNTIFS(Consolidado!$AN:$AN,Análise!F$15,Consolidado!$AM:$AM,Análise!$C$7,Consolidado!$AL:$AL,IF(ISBLANK($C$2),"<>",$C$2),Consolidado!$Q:$Q,Análise!$B26,Consolidado!$C:$C,IF(ISBLANK($C$3),"<>",$C$3),Consolidado!$AU:$AU,"S") -> 0 | G26: =COUNTIFS(Consolidado!$AN:$AN,Análise!G$15,Consolidado!$AM:$AM,Análise!$C$7,Consolidado!$AL:$AL,IF(ISBLANK($C$2),"<>",$C$2),Consolidado!$Q:$Q,Análise!$B26,Consolidado!$C:$C,IF(ISBLANK($C$3),"<>",$C$3),Consolidado!$AU:$AU,"S") -> 0 | H26: =SUM(C26:G26) -> 0 | I26: =+IFERROR(H26/$H$41,0) -> 0 | K26: SLA Exclusão Médio | L26: =IFERROR(SUMIFS(Consolidado!AR:AR,Consolidado!$AN:$AN,L25,Consolidado!$AM:$AM,Análise!$C$7,Consolidado!$AL:$AL,IF(ISBLANK($C$2),"<>",$C$2),Consolidado!$C:$C,IF(ISBLANK($C$3),"<>",$C$3))/COUNTIFS(Consolidado!$R:$R,"<>",Consolidado!$S:$S,"<>",Consolidado!$AM:$AM,Análise!$C$7,Consolidado!$AL:$AL,IF(ISBLANK($C$2),"<>",$C$2),Consolidado!$C:$C,IF(ISBLANK($C$3),"<>",$C$3),Consolidado!$AN:$AN,L25),0) -> 0 | M26: =IFERROR(SUMIFS(Consolidado!AR:AR,Consolidado!$AN:$AN,M25,Consolidado!$AM:$AM,Análise!$C$7,Consolidado!$AL:$AL,IF(ISBLANK($C$2),"<>",$C$2),Consolidado!$C:$C,IF(ISBLANK($C$3),"<>",$C$3))/COUNTIFS(Consolidado!$R:$R,"<>",Consolidado!$S:$S,"<>",Consolidado!$AM:$AM,Análise!$C$7,Consolidado!$AL:$AL,IF(ISBLANK($C$2),"<>",$C$2),Consolidado!$C:$C,IF(ISBLANK($C$3),"<>",$C$3),Consolidado!$AN:$AN,M25),0) -> 0 | N26: =IFERROR(SUMIFS(Consolidado!AR:AR,Consolidado!$AN:$AN,N25,Consolidado!$AM:$AM,Análise!$C$7,Consolidado!$AL:$AL,IF(ISBLANK($C$2),"<>",$C$2),Consolidado!$C:$C,IF(ISBLANK($C$3),"<>",$C$3))/COUNTIFS(Consolidado!$R:$R,"<>",Consolidado!$S:$S,"<>",Consolidado!$AM:$AM,Análise!$C$7,Consolidado!$AL:$AL,IF(ISBLANK($C$2),"<>",$C$2),Consolidado!$C:$C,IF(ISBLANK($C$3),"<>",$C$3),Consolidado!$AN:$AN,N25),0) -> 0 | O26: =IFERROR(SUMIFS(Consolidado!AR:AR,Consolidado!$AN:$AN,O25,Consolidado!$AM:$AM,Análise!$C$7,Consolidado!$AL:$AL,IF(ISBLANK($C$2),"<>",$C$2),Consolidado!$C:$C,IF(ISBLANK($C$3),"<>",$C$3))/COUNTIFS(Consolidado!$R:$R,"<>",Consolidado!$S:$S,"<>",Consolidado!$AM:$AM,Análise!$C$7,Consolidado!$AL:$AL,IF(ISBLANK($C$2),"<>",$C$2),Consolidado!$C:$C,IF(ISBLANK($C$3),"<>",$C$3),Consolidado!$AN:$AN,O25),0) -> 0 | P26: =IFERROR(SUMIFS(Consolidado!AR:AR,Consolidado!$AN:$AN,P25,Consolidado!$AM:$AM,Análise!$C$7,Consolidado!$AL:$AL,IF(ISBLANK($C$2),"<>",$C$2),Consolidado!$C:$C,IF(ISBLANK($C$3),"<>",$C$3))/COUNTIFS(Consolidado!$R:$R,"<>",Consolidado!$S:$S,"<>",Consolidado!$AM:$AM,Análise!$C$7,Consolidado!$AL:$AL,IF(ISBLANK($C$2),"<>",$C$2),Consolidado!$C:$C,IF(ISBLANK($C$3),"<>",$C$3),Consolidado!$AN:$AN,P25),0) -> 0 | Q26: =IFERROR(SUMIFS(Consolidado!AR:AR,Consolidado!$AM:$AM,Análise!$C$7,Consolidado!$AL:$AL,IF(ISBLANK($C$2),"<>",$C$2),Consolidado!$C:$C,IF(ISBLANK($C$3),"<>",$C$3))/COUNTIFS(Consolidado!$R:$R,"<>",Consolidado!$S:$S,"<>",Consolidado!$AM:$AM,Análise!$C$7,Consolidado!$AL:$AL,IF(ISBLANK($C$2),"<>",$C$2),Consolidado!$C:$C,IF(ISBLANK($C$3),"<>",$C$3)),0) -> 0 | S26: 4. Não Captar a pedido da Operadora | T26: =COUNTIFS(Consolidado!$AL:$AL,IF(ISBLANK($C$2),"<>",$C$2),Consolidado!$Q:$Q,Análise!S26,Consolidado!$B:$B,"<="&Análise!$C$10,Consolidado!$B:$B,">="&Análise!$C$9,Consolidado!$C:$C,IF(ISBLANK($C$3),"<>",$C$3),Consolidado!$AU:$AU,"S") -> 0 | U26: =IFERROR(T26/$T$40,0) -> 0
B27: 4. Não Captar a pedido da Operadora | C27: =COUNTIFS(Consolidado!$AN:$AN,Análise!C$15,Consolidado!$AM:$AM,Análise!$C$7,Consolidado!$AL:$AL,IF(ISBLANK($C$2),"<>",$C$2),Consolidado!$Q:$Q,Análise!$B27,Consolidado!$C:$C,IF(ISBLANK($C$3),"<>",$C$3),Consolidado!$AU:$AU,"S") -> 0 | D27: =COUNTIFS(Consolidado!$AN:$AN,Análise!D$15,Consolidado!$AM:$AM,Análise!$C$7,Consolidado!$AL:$AL,IF(ISBLANK($C$2),"<>",$C$2),Consolidado!$Q:$Q,Análise!$B27,Consolidado!$C:$C,IF(ISBLANK($C$3),"<>",$C$3),Consolidado!$AU:$AU,"S") -> 0 | E27: =COUNTIFS(Consolidado!$AN:$AN,Análise!E$15,Consolidado!$AM:$AM,Análise!$C$7,Consolidado!$AL:$AL,IF(ISBLANK($C$2),"<>",$C$2),Consolidado!$Q:$Q,Análise!$B27,Consolidado!$C:$C,IF(ISBLANK($C$3),"<>",$C$3),Consolidado!$AU:$AU,"S") -> 0 | F27: =COUNTIFS(Consolidado!$AN:$AN,Análise!F$15,Consolidado!$AM:$AM,Análise!$C$7,Consolidado!$AL:$AL,IF(ISBLANK($C$2),"<>",$C$2),Consolidado!$Q:$Q,Análise!$B27,Consolidado!$C:$C,IF(ISBLANK($C$3),"<>",$C$3),Consolidado!$AU:$AU,"S") -> 0 | G27: =COUNTIFS(Consolidado!$AN:$AN,Análise!G$15,Consolidado!$AM:$AM,Análise!$C$7,Consolidado!$AL:$AL,IF(ISBLANK($C$2),"<>",$C$2),Consolidado!$Q:$Q,Análise!$B27,Consolidado!$C:$C,IF(ISBLANK($C$3),"<>",$C$3),Consolidado!$AU:$AU,"S") -> 0 | H27: =SUM(C27:G27) -> 0 | I27: =+IFERROR(H27/$H$41,0) -> 0 | S27: 5. Alta por óbito | T27: =COUNTIFS(Consolidado!$AL:$AL,IF(ISBLANK($C$2),"<>",$C$2),Consolidado!$Q:$Q,Análise!S27,Consolidado!$B:$B,"<="&Análise!$C$10,Consolidado!$B:$B,">="&Análise!$C$9,Consolidado!$C:$C,IF(ISBLANK($C$3),"<>",$C$3),Consolidado!$AU:$AU,"S") -> 0 | U27: =IFERROR(T27/$T$40,0) -> 0
B28: 5. Alta por óbito | C28: =COUNTIFS(Consolidado!$AN:$AN,Análise!C$15,Consolidado!$AM:$AM,Análise!$C$7,Consolidado!$AL:$AL,IF(ISBLANK($C$2),"<>",$C$2),Consolidado!$Q:$Q,Análise!$B28,Consolidado!$C:$C,IF(ISBLANK($C$3),"<>",$C$3),Consolidado!$AU:$AU,"S") -> 0 | D28: =COUNTIFS(Consolidado!$AN:$AN,Análise!D$15,Consolidado!$AM:$AM,Análise!$C$7,Consolidado!$AL:$AL,IF(ISBLANK($C$2),"<>",$C$2),Consolidado!$Q:$Q,Análise!$B28,Consolidado!$C:$C,IF(ISBLANK($C$3),"<>",$C$3),Consolidado!$AU:$AU,"S") -> 0 | E28: =COUNTIFS(Consolidado!$AN:$AN,Análise!E$15,Consolidado!$AM:$AM,Análise!$C$7,Consolidado!$AL:$AL,IF(ISBLANK($C$2),"<>",$C$2),Consolidado!$Q:$Q,Análise!$B28,Consolidado!$C:$C,IF(ISBLANK($C$3),"<>",$C$3),Consolidado!$AU:$AU,"S") -> 0 | F28: =COUNTIFS(Consolidado!$AN:$AN,Análise!F$15,Consolidado!$AM:$AM,Análise!$C$7,Consolidado!$AL:$AL,IF(ISBLANK($C$2),"<>",$C$2),Consolidado!$Q:$Q,Análise!$B28,Consolidado!$C:$C,IF(ISBLANK($C$3),"<>",$C$3),Consolidado!$AU:$AU,"S") -> 0 | G28: =COUNTIFS(Consolidado!$AN:$AN,Análise!G$15,Consolidado!$AM:$AM,Análise!$C$7,Consolidado!$AL:$AL,IF(ISBLANK($C$2),"<>",$C$2),Consolidado!$Q:$Q,Análise!$B28,Consolidado!$C:$C,IF(ISBLANK($C$3),"<>",$C$3),Consolidado!$AU:$AU,"S") -> 0 | H28: =SUM(C28:G28) -> 0 | I28: =+IFERROR(H28/$H$41,0) -> 0 | S28: 5. Alta por inelegibilidade | T28: =COUNTIFS(Consolidado!$AL:$AL,IF(ISBLANK($C$2),"<>",$C$2),Consolidado!$Q:$Q,Análise!S28,Consolidado!$B:$B,"<="&Análise!$C$10,Consolidado!$B:$B,">="&Análise!$C$9,Consolidado!$C:$C,IF(ISBLANK($C$3),"<>",$C$3),Consolidado!$AU:$AU,"S") -> 0 | U28: =IFERROR(T28/$T$40,0) -> 0
B29: 5. Alta por inelegibilidade | C29: =COUNTIFS(Consolidado!$AN:$AN,Análise!C$15,Consolidado!$AM:$AM,Análise!$C$7,Consolidado!$AL:$AL,IF(ISBLANK($C$2),"<>",$C$2),Consolidado!$Q:$Q,Análise!$B29,Consolidado!$C:$C,IF(ISBLANK($C$3),"<>",$C$3),Consolidado!$AU:$AU,"S") -> 0 | D29: =COUNTIFS(Consolidado!$AN:$AN,Análise!D$15,Consolidado!$AM:$AM,Análise!$C$7,Consolidado!$AL:$AL,IF(ISBLANK($C$2),"<>",$C$2),Consolidado!$Q:$Q,Análise!$B29,Consolidado!$C:$C,IF(ISBLANK($C$3),"<>",$C$3),Consolidado!$AU:$AU,"S") -> 0 | E29: =COUNTIFS(Consolidado!$AN:$AN,Análise!E$15,Consolidado!$AM:$AM,Análise!$C$7,Consolidado!$AL:$AL,IF(ISBLANK($C$2),"<>",$C$2),Consolidado!$Q:$Q,Análise!$B29,Consolidado!$C:$C,IF(ISBLANK($C$3),"<>",$C$3),Consolidado!$AU:$AU,"S") -> 0 | F29: =COUNTIFS(Consolidado!$AN:$AN,Análise!F$15,Consolidado!$AM:$AM,Análise!$C$7,Consolidado!$AL:$AL,IF(ISBLANK($C$2),"<>",$C$2),Consolidado!$Q:$Q,Análise!$B29,Consolidado!$C:$C,IF(ISBLANK($C$3),"<>",$C$3),Consolidado!$AU:$AU,"S") -> 0 | G29: =COUNTIFS(Consolidado!$AN:$AN,Análise!G$15,Consolidado!$AM:$AM,Análise!$C$7,Consolidado!$AL:$AL,IF(ISBLANK($C$2),"<>",$C$2),Consolidado!$Q:$Q,Análise!$B29,Consolidado!$C:$C,IF(ISBLANK($C$3),"<>",$C$3),Consolidado!$AU:$AU,"S") -> 0 | H29: =SUM(C29:G29) -> 0 | I29: =+IFERROR(H29/$H$41,0) -> 0 | K29: Parâmetros | L29: Semana | S29: 5. Alta por múltiplas tentativas | T29: =COUNTIFS(Consolidado!$AL:$AL,IF(ISBLANK($C$2),"<>",$C$2),Consolidado!$Q:$Q,Análise!S29,Consolidado!$B:$B,"<="&Análise!$C$10,Consolidado!$B:$B,">="&Análise!$C$9,Consolidado!$C:$C,IF(ISBLANK($C$3),"<>",$C$3),Consolidado!$AU:$AU,"S") -> 0 | U29: =IFERROR(T29/$T$40,0) -> 0
B30: 5. Alta por múltiplas tentativas | C30: =COUNTIFS(Consolidado!$AN:$AN,Análise!C$15,Consolidado!$AM:$AM,Análise!$C$7,Consolidado!$AL:$AL,IF(ISBLANK($C$2),"<>",$C$2),Consolidado!$Q:$Q,Análise!$B30,Consolidado!$C:$C,IF(ISBLANK($C$3),"<>",$C$3),Consolidado!$AU:$AU,"S") -> 0 | D30: =COUNTIFS(Consolidado!$AN:$AN,Análise!D$15,Consolidado!$AM:$AM,Análise!$C$7,Consolidado!$AL:$AL,IF(ISBLANK($C$2),"<>",$C$2),Consolidado!$Q:$Q,Análise!$B30,Consolidado!$C:$C,IF(ISBLANK($C$3),"<>",$C$3),Consolidado!$AU:$AU,"S") -> 0 | E30: =COUNTIFS(Consolidado!$AN:$AN,Análise!E$15,Consolidado!$AM:$AM,Análise!$C$7,Consolidado!$AL:$AL,IF(ISBLANK($C$2),"<>",$C$2),Consolidado!$Q:$Q,Análise!$B30,Consolidado!$C:$C,IF(ISBLANK($C$3),"<>",$C$3),Consolidado!$AU:$AU,"S") -> 0 | F30: =COUNTIFS(Consolidado!$AN:$AN,Análise!F$15,Consolidado!$AM:$AM,Análise!$C$7,Consolidado!$AL:$AL,IF(ISBLANK($C$2),"<>",$C$2),Consolidado!$Q:$Q,Análise!$B30,Consolidado!$C:$C,IF(ISBLANK($C$3),"<>",$C$3),Consolidado!$AU:$AU,"S") -> 0 | G30: =COUNTIFS(Consolidado!$AN:$AN,Análise!G$15,Consolidado!$AM:$AM,Análise!$C$7,Consolidado!$AL:$AL,IF(ISBLANK($C$2),"<>",$C$2),Consolidado!$Q:$Q,Análise!$B30,Consolidado!$C:$C,IF(ISBLANK($C$3),"<>",$C$3),Consolidado!$AU:$AU,"S") -> 0 | H30: =SUM(C30:G30) -> 0 | I30: =+IFERROR(H30/$H$41,0) -> 0 | L30: 1 | M30: 2 | N30: 3 | O30: 4 | P30: 5 | Q30: Mês | S30: 5. Alta a pedido - recusa em assinar o termo | T30: =COUNTIFS(Consolidado!$AL:$AL,IF(ISBLANK($C$2),"<>",$C$2),Consolidado!$Q:$Q,Análise!S30,Consolidado!$B:$B,"<="&Análise!$C$10,Consolidado!$B:$B,">="&Análise!$C$9,Consolidado!$C:$C,IF(ISBLANK($C$3),"<>",$C$3),Consolidado!$AU:$AU,"S") -> 0 | U30: =IFERROR(T30/$T$40,0) -> 0
B31: 5. Alta a pedido - recusa em assinar o termo | C31: =COUNTIFS(Consolidado!$AN:$AN,Análise!C$15,Consolidado!$AM:$AM,Análise!$C$7,Consolidado!$AL:$AL,IF(ISBLANK($C$2),"<>",$C$2),Consolidado!$Q:$Q,Análise!$B31,Consolidado!$C:$C,IF(ISBLANK($C$3),"<>",$C$3),Consolidado!$AU:$AU,"S") -> 0 | D31: =COUNTIFS(Consolidado!$AN:$AN,Análise!D$15,Consolidado!$AM:$AM,Análise!$C$7,Consolidado!$AL:$AL,IF(ISBLANK($C$2),"<>",$C$2),Consolidado!$Q:$Q,Análise!$B31,Consolidado!$C:$C,IF(ISBLANK($C$3),"<>",$C$3),Consolidado!$AU:$AU,"S") -> 0 | E31: =COUNTIFS(Consolidado!$AN:$AN,Análise!E$15,Consolidado!$AM:$AM,Análise!$C$7,Consolidado!$AL:$AL,IF(ISBLANK($C$2),"<>",$C$2),Consolidado!$Q:$Q,Análise!$B31,Consolidado!$C:$C,IF(ISBLANK($C$3),"<>",$C$3),Consolidado!$AU:$AU,"S") -> 0 | F31: =COUNTIFS(Consolidado!$AN:$AN,Análise!F$15,Consolidado!$AM:$AM,Análise!$C$7,Consolidado!$AL:$AL,IF(ISBLANK($C$2),"<>",$C$2),Consolidado!$Q:$Q,Análise!$B31,Consolidado!$C:$C,IF(ISBLANK($C$3),"<>",$C$3),Consolidado!$AU:$AU,"S") -> 0 | G31: =COUNTIFS(Consolidado!$AN:$AN,Análise!G$15,Consolidado!$AM:$AM,Análise!$C$7,Consolidado!$AL:$AL,IF(ISBLANK($C$2),"<>",$C$2),Consolidado!$Q:$Q,Análise!$B31,Consolidado!$C:$C,IF(ISBLANK($C$3),"<>",$C$3),Consolidado!$AU:$AU,"S") -> 0 | H31: =SUM(C31:G31) -> 0 | I31: =+IFERROR(H31/$H$41,0) -> 0 | K31: Potencial de Conversão | L31: =IFERROR((C16+C38)/C41,"") | M31: =IFERROR((D16+D38)/D41,"") -> 1 | N31: =IFERROR((E16+E38)/E41,"") | O31: =IFERROR((F16+F38)/F41,"") -> 1 | P31: =IFERROR((G16+G38)/G41,"") | Q31: =IFERROR((H16+H38)/H41,"") -> 1 | S31: 5. Alta a pedido - perda de interesse | T31: =COUNTIFS(Consolidado!$AL:$AL,IF(ISBLANK($C$2),"<>",$C$2),Consolidado!$Q:$Q,Análise!S31,Consolidado!$B:$B,"<="&Análise!$C$10,Consolidado!$B:$B,">="&Análise!$C$9,Consolidado!$C:$C,IF(ISBLANK($C$3),"<>",$C$3),Consolidado!$AU:$AU,"S") -> 0 | U31: =IFERROR(T31/$T$40,0) -> 0
B32: 5. Alta a pedido - perda de interesse | C32: =COUNTIFS(Consolidado!$AN:$AN,Análise!C$15,Consolidado!$AM:$AM,Análise!$C$7,Consolidado!$AL:$AL,IF(ISBLANK($C$2),"<>",$C$2),Consolidado!$Q:$Q,Análise!$B32,Consolidado!$C:$C,IF(ISBLANK($C$3),"<>",$C$3),Consolidado!$AU:$AU,"S") -> 0 | D32: =COUNTIFS(Consolidado!$AN:$AN,Análise!D$15,Consolidado!$AM:$AM,Análise!$C$7,Consolidado!$AL:$AL,IF(ISBLANK($C$2),"<>",$C$2),Consolidado!$Q:$Q,Análise!$B32,Consolidado!$C:$C,IF(ISBLANK($C$3),"<>",$C$3),Consolidado!$AU:$AU,"S") -> 0 | E32: =COUNTIFS(Consolidado!$AN:$AN,Análise!E$15,Consolidado!$AM:$AM,Análise!$C$7,Consolidado!$AL:$AL,IF(ISBLANK($C$2),"<>",$C$2),Consolidado!$Q:$Q,Análise!$B32,Consolidado!$C:$C,IF(ISBLANK($C$3),"<>",$C$3),Consolidado!$AU:$AU,"S") -> 0 | F32: =COUNTIFS(Consolidado!$AN:$AN,Análise!F$15,Consolidado!$AM:$AM,Análise!$C$7,Consolidado!$AL:$AL,IF(ISBLANK($C$2),"<>",$C$2),Consolidado!$Q:$Q,Análise!$B32,Consolidado!$C:$C,IF(ISBLANK($C$3),"<>",$C$3),Consolidado!$AU:$AU,"S") -> 0 | G32: =COUNTIFS(Consolidado!$AN:$AN,Análise!G$15,Consolidado!$AM:$AM,Análise!$C$7,Consolidado!$AL:$AL,IF(ISBLANK($C$2),"<>",$C$2),Consolidado!$Q:$Q,Análise!$B32,Consolidado!$C:$C,IF(ISBLANK($C$3),"<>",$C$3),Consolidado!$AU:$AU,"S") -> 0 | H32: =SUM(C32:G32) -> 0 | I32: =+IFERROR(H32/$H$41,0) -> 0 | S32: 5. Alta a pedido - mudança de região | T32: =COUNTIFS(Consolidado!$AL:$AL,IF(ISBLANK($C$2),"<>",$C$2),Consolidado!$Q:$Q,Análise!S32,Consolidado!$B:$B,"<="&Análise!$C$10,Consolidado!$B:$B,">="&Análise!$C$9,Consolidado!$C:$C,IF(ISBLANK($C$3),"<>",$C$3),Consolidado!$AU:$AU,"S") -> 0 | U32: =IFERROR(T32/$T$40,0) -> 0
B33: 5. Alta a pedido - mudança de região | C33: =COUNTIFS(Consolidado!$AN:$AN,Análise!C$15,Consolidado!$AM:$AM,Análise!$C$7,Consolidado!$AL:$AL,IF(ISBLANK($C$2),"<>",$C$2),Consolidado!$Q:$Q,Análise!$B33,Consolidado!$C:$C,IF(ISBLANK($C$3),"<>",$C$3),Consolidado!$AU:$AU,"S") -> 0 | D33: =COUNTIFS(Consolidado!$AN:$AN,Análise!D$15,Consolidado!$AM:$AM,Análise!$C$7,Consolidado!$AL:$AL,IF(ISBLANK($C$2),"<>",$C$2),Consolidado!$Q:$Q,Análise!$B33,Consolidado!$C:$C,IF(ISBLANK($C$3),"<>",$C$3),Consolidado!$AU:$AU,"S") -> 0 | E33: =COUNTIFS(Consolidado!$AN:$AN,Análise!E$15,Consolidado!$AM:$AM,Análise!$C$7,Consolidado!$AL:$AL,IF(ISBLANK($C$2),"<>",$C$2),Consolidado!$Q:$Q,Análise!$B33,Consolidado!$C:$C,IF(ISBLANK($C$3),"<>",$C$3),Consolidado!$AU:$AU,"S") -> 0 | F33: =COUNTIFS(Consolidado!$AN:$AN,Análise!F$15,Consolidado!$AM:$AM,Análise!$C$7,Consolidado!$AL:$AL,IF(ISBLANK($C$2),"<>",$C$2),Consolidado!$Q:$Q,Análise!$B33,Consolidado!$C:$C,IF(ISBLANK($C$3),"<>",$C$3),Consolidado!$AU:$AU,"S") -> 0 | G33: =COUNTIFS(Consolidado!$AN:$AN,Análise!G$15,Consolidado!$AM:$AM,Análise!$C$7,Consolidado!$AL:$AL,IF(ISBLANK($C$2),"<>",$C$2),Consolidado!$Q:$Q,Análise!$B33,Consolidado!$C:$C,IF(ISBLANK($C$3),"<>",$C$3),Consolidado!$AU:$AU,"S") -> 0 | H33: =SUM(C33:G33) -> 0 | I33: =+IFERROR(H33/$H$41,0) -> 0 | S33: 5. Alta por exclusão do plano | T33: =COUNTIFS(Consolidado!$AL:$AL,IF(ISBLANK($C$2),"<>",$C$2),Consolidado!$Q:$Q,Análise!S33,Consolidado!$B:$B,"<="&Análise!$C$10,Consolidado!$B:$B,">="&Análise!$C$9,Consolidado!$C:$C,IF(ISBLANK($C$3),"<>",$C$3),Consolidado!$AU:$AU,"S") -> 0 | U33: =IFERROR(T33/$T$40,0) -> 0
B34: 5. Alta por exclusão do plano | C34: =COUNTIFS(Consolidado!$AN:$AN,Análise!C$15,Consolidado!$AM:$AM,Análise!$C$7,Consolidado!$AL:$AL,IF(ISBLANK($C$2),"<>",$C$2),Consolidado!$Q:$Q,Análise!$B34,Consolidado!$C:$C,IF(ISBLANK($C$3),"<>",$C$3),Consolidado!$AU:$AU,"S") -> 0 | D34: =COUNTIFS(Consolidado!$AN:$AN,Análise!D$15,Consolidado!$AM:$AM,Análise!$C$7,Consolidado!$AL:$AL,IF(ISBLANK($C$2),"<>",$C$2),Consolidado!$Q:$Q,Análise!$B34,Consolidado!$C:$C,IF(ISBLANK($C$3),"<>",$C$3),Consolidado!$AU:$AU,"S") -> 0 | E34: =COUNTIFS(Consolidado!$AN:$AN,Análise!E$15,Consolidado!$AM:$AM,Análise!$C$7,Consolidado!$AL:$AL,IF(ISBLANK($C$2),"<>",$C$2),Consolidado!$Q:$Q,Análise!$B34,Consolidado!$C:$C,IF(ISBLANK($C$3),"<>",$C$3),Consolidado!$AU:$AU,"S") -> 0 | F34: =COUNTIFS(Consolidado!$AN:$AN,Análise!F$15,Consolidado!$AM:$AM,Análise!$C$7,Consolidado!$AL:$AL,IF(ISBLANK($C$2),"<>",$C$2),Consolidado!$Q:$Q,Análise!$B34,Consolidado!$C:$C,IF(ISBLANK($C$3),"<>",$C$3),Consolidado!$AU:$AU,"S") -> 0 | G34: =COUNTIFS(Consolidado!$AN:$AN,Análise!G$15,Consolidado!$AM:$AM,Análise!$C$7,Consolidado!$AL:$AL,IF(ISBLANK($C$2),"<>",$C$2),Consolidado!$Q:$Q,Análise!$B34,Consolidado!$C:$C,IF(ISBLANK($C$3),"<>",$C$3),Consolidado!$AU:$AU,"S") -> 0 | H34: =SUM(C34:G34) -> 0 | I34: =+IFERROR(H34/$H$41,0) -> 0 | K34: Por Gênero | L34: Absoluto | M34: Percentual | S34: 5. Alta por outros motivos | T34: =COUNTIFS(Consolidado!$AL:$AL,IF(ISBLANK($C$2),"<>",$C$2),Consolidado!$Q:$Q,Análise!S34,Consolidado!$B:$B,"<="&Análise!$C$10,Consolidado!$B:$B,">="&Análise!$C$9,Consolidado!$C:$C,IF(ISBLANK($C$3),"<>",$C$3),Consolidado!$AU:$AU,"S") -> 0 | U34: =IFERROR(T34/$T$40,0) -> 0
B35: 5. Alta por outros motivos | C35: =COUNTIFS(Consolidado!$AN:$AN,Análise!C$15,Consolidado!$AM:$AM,Análise!$C$7,Consolidado!$AL:$AL,IF(ISBLANK($C$2),"<>",$C$2),Consolidado!$Q:$Q,Análise!$B35,Consolidado!$C:$C,IF(ISBLANK($C$3),"<>",$C$3),Consolidado!$AU:$AU,"S") -> 0 | D35: =COUNTIFS(Consolidado!$AN:$AN,Análise!D$15,Consolidado!$AM:$AM,Análise!$C$7,Consolidado!$AL:$AL,IF(ISBLANK($C$2),"<>",$C$2),Consolidado!$Q:$Q,Análise!$B35,Consolidado!$C:$C,IF(ISBLANK($C$3),"<>",$C$3),Consolidado!$AU:$AU,"S") -> 0 | E35: =COUNTIFS(Consolidado!$AN:$AN,Análise!E$15,Consolidado!$AM:$AM,Análise!$C$7,Consolidado!$AL:$AL,IF(ISBLANK($C$2),"<>",$C$2),Consolidado!$Q:$Q,Análise!$B35,Consolidado!$C:$C,IF(ISBLANK($C$3),"<>",$C$3),Consolidado!$AU:$AU,"S") -> 0 | F35: =COUNTIFS(Consolidado!$AN:$AN,Análise!F$15,Consolidado!$AM:$AM,Análise!$C$7,Consolidado!$AL:$AL,IF(ISBLANK($C$2),"<>",$C$2),Consolidado!$Q:$Q,Análise!$B35,Consolidado!$C:$C,IF(ISBLANK($C$3),"<>",$C$3),Consolidado!$AU:$AU,"S") -> 0 | G35: =COUNTIFS(Consolidado!$AN:$AN,Análise!G$15,Consolidado!$AM:$AM,Análise!$C$7,Consolidado!$AL:$AL,IF(ISBLANK($C$2),"<>",$C$2),Consolidado!$Q:$Q,Análise!$B35,Consolidado!$C:$C,IF(ISBLANK($C$3),"<>",$C$3),Consolidado!$AU:$AU,"S") -> 0 | H35: =SUM(C35:G35) -> 0 | I35: =+IFERROR(H35/$H$41,0) -> 0 | K35: F | L35: =COUNTIFS(Consolidado!$AM:$AM,Análise!$C$7,Consolidado!$AL:$AL,IF(ISBLANK($C$2),"<>",$C$2),Consolidado!$Q:$Q,Análise!$B16,Consolidado!$C:$C,IF(ISBLANK($C$3),"<>",$C$3),Consolidado!$J:$J,K35,Consolidado!$AU:$AU,"S") -> 1 | M35: =IFERROR(L35/SUM($L$35:$L$36),"") -> 0.25 | S35: 5. Alta a pedido da operadora | T35: =COUNTIFS(Consolidado!$AL:$AL,IF(ISBLANK($C$2),"<>",$C$2),Consolidado!$Q:$Q,Análise!S35,Consolidado!$B:$B,"<="&Análise!$C$10,Consolidado!$B:$B,">="&Análise!$C$9,Consolidado!$C:$C,IF(ISBLANK($C$3),"<>",$C$3),Consolidado!$AU:$AU,"S") -> 0 | U35: =IFERROR(T35/$T$40,0) -> 0
B36: 5. Alta a pedido da operadora | C36: =COUNTIFS(Consolidado!$AN:$AN,Análise!C$15,Consolidado!$AM:$AM,Análise!$C$7,Consolidado!$AL:$AL,IF(ISBLANK($C$2),"<>",$C$2),Consolidado!$Q:$Q,Análise!$B36,Consolidado!$C:$C,IF(ISBLANK($C$3),"<>",$C$3),Consolidado!$AU:$AU,"S") -> 0 | D36: =COUNTIFS(Consolidado!$AN:$AN,Análise!D$15,Consolidado!$AM:$AM,Análise!$C$7,Consolidado!$AL:$AL,IF(ISBLANK($C$2),"<>",$C$2),Consolidado!$Q:$Q,Análise!$B36,Consolidado!$C:$C,IF(ISBLANK($C$3),"<>",$C$3),Consolidado!$AU:$AU,"S") -> 0 | E36: =COUNTIFS(Consolidado!$AN:$AN,Análise!E$15,Consolidado!$AM:$AM,Análise!$C$7,Consolidado!$AL:$AL,IF(ISBLANK($C$2),"<>",$C$2),Consolidado!$Q:$Q,Análise!$B36,Consolidado!$C:$C,IF(ISBLANK($C$3),"<>",$C$3),Consolidado!$AU:$AU,"S") -> 0 | F36: =COUNTIFS(Consolidado!$AN:$AN,Análise!F$15,Consolidado!$AM:$AM,Análise!$C$7,Consolidado!$AL:$AL,IF(ISBLANK($C$2),"<>",$C$2),Consolidado!$Q:$Q,Análise!$B36,Consolidado!$C:$C,IF(ISBLANK($C$3),"<>",$C$3),Consolidado!$AU:$AU,"S") -> 0 | G36: =COUNTIFS(Consolidado!$AN:$AN,Análise!G$15,Consolidado!$AM:$AM,Análise!$C$7,Consolidado!$AL:$AL,IF(ISBLANK($C$2),"<>",$C$2),Consolidado!$Q:$Q,Análise!$B36,Consolidado!$C:$C,IF(ISBLANK($C$3),"<>",$C$3),Consolidado!$AU:$AU,"S") -> 0 | H36: =SUM(C36:G36) -> 0 | I36: =+IFERROR(H36/$H$41,0) -> 0 | K36: M | L36: =COUNTIFS(Consolidado!$AM:$AM,Análise!$C$7,Consolidado!$AL:$AL,IF(ISBLANK($C$2),"<>",$C$2),Consolidado!$Q:$Q,$B16,Consolidado!$C:$C,IF(ISBLANK($C$3),"<>",$C$3),Consolidado!$J:$J,K36,Consolidado!$AU:$AU,"S") -> 3 | M36: =IFERROR(L36/SUM($L$35:$L$36),"") -> 0.75 | S36: 6. Contato sem sucesso | T36: =COUNTIFS(Consolidado!$AL:$AL,IF(ISBLANK($C$2),"<>",$C$2),Consolidado!$Q:$Q,Análise!S36,Consolidado!$B:$B,"<="&Análise!$C$10,Consolidado!$B:$B,">="&Análise!$C$9,Consolidado!$C:$C,IF(ISBLANK($C$3),"<>",$C$3),Consolidado!$AU:$AU,"S") -> 8 | U36: =IFERROR(T36/$T$40,0) -> 0.13333333
B37: 6. Contato sem sucesso | C37: =COUNTIFS(Consolidado!$AN:$AN,Análise!C$15,Consolidado!$AM:$AM,Análise!$C$7,Consolidado!$AL:$AL,IF(ISBLANK($C$2),"<>",$C$2),Consolidado!$Q:$Q,Análise!$B37,Consolidado!$C:$C,IF(ISBLANK($C$3),"<>",$C$3),Consolidado!$AU:$AU,"S") -> 0 | D37: =COUNTIFS(Consolidado!$AN:$AN,Análise!D$15,Consolidado!$AM:$AM,Análise!$C$7,Consolidado!$AL:$AL,IF(ISBLANK($C$2),"<>",$C$2),Consolidado!$Q:$Q,Análise!$B37,Consolidado!$C:$C,IF(ISBLANK($C$3),"<>",$C$3),Consolidado!$AU:$AU,"S") -> 0 | E37: =COUNTIFS(Consolidado!$AN:$AN,Análise!E$15,Consolidado!$AM:$AM,Análise!$C$7,Consolidado!$AL:$AL,IF(ISBLANK($C$2),"<>",$C$2),Consolidado!$Q:$Q,Análise!$B37,Consolidado!$C:$C,IF(ISBLANK($C$3),"<>",$C$3),Consolidado!$AU:$AU,"S") -> 0 | F37: =COUNTIFS(Consolidado!$AN:$AN,Análise!F$15,Consolidado!$AM:$AM,Análise!$C$7,Consolidado!$AL:$AL,IF(ISBLANK($C$2),"<>",$C$2),Consolidado!$Q:$Q,Análise!$B37,Consolidado!$C:$C,IF(ISBLANK($C$3),"<>",$C$3),Consolidado!$AU:$AU,"S") -> 0 | G37: =COUNTIFS(Consolidado!$AN:$AN,Análise!G$15,Consolidado!$AM:$AM,Análise!$C$7,Consolidado!$AL:$AL,IF(ISBLANK($C$2),"<>",$C$2),Consolidado!$Q:$Q,Análise!$B37,Consolidado!$C:$C,IF(ISBLANK($C$3),"<>",$C$3),Consolidado!$AU:$AU,"S") -> 0 | H37: =SUM(C37:G37) -> 0 | I37: =+IFERROR(H37/$H$41,0) -> 0 | S37: 7. Em fase de captação | T37: =COUNTIFS(Consolidado!$AL:$AL,IF(ISBLANK($C$2),"<>",$C$2),Consolidado!$Q:$Q,Análise!S37,Consolidado!$B:$B,"<="&Análise!$C$10,Consolidado!$B:$B,">="&Análise!$C$9,Consolidado!$C:$C,IF(ISBLANK($C$3),"<>",$C$3),Consolidado!$AU:$AU,"S") -> 1 | U37: =IFERROR(T37/$T$40,0) -> 0.016666667
B38: 7. Em fase de captação | C38: =COUNTIFS(Consolidado!$AN:$AN,Análise!C$15,Consolidado!$AM:$AM,Análise!$C$7,Consolidado!$AL:$AL,IF(ISBLANK($C$2),"<>",$C$2),Consolidado!$Q:$Q,Análise!$B38,Consolidado!$C:$C,IF(ISBLANK($C$3),"<>",$C$3),Consolidado!$AU:$AU,"S") -> 0 | D38: =COUNTIFS(Consolidado!$AN:$AN,Análise!D$15,Consolidado!$AM:$AM,Análise!$C$7,Consolidado!$AL:$AL,IF(ISBLANK($C$2),"<>",$C$2),Consolidado!$Q:$Q,Análise!$B38,Consolidado!$C:$C,IF(ISBLANK($C$3),"<>",$C$3),Consolidado!$AU:$AU,"S") -> 0 | E38: =COUNTIFS(Consolidado!$AN:$AN,Análise!E$15,Consolidado!$AM:$AM,Análise!$C$7,Consolidado!$AL:$AL,IF(ISBLANK($C$2),"<>",$C$2),Consolidado!$Q:$Q,Análise!$B38,Consolidado!$C:$C,IF(ISBLANK($C$3),"<>",$C$3),Consolidado!$AU:$AU,"S") -> 0 | F38: =COUNTIFS(Consolidado!$AN:$AN,Análise!F$15,Consolidado!$AM:$AM,Análise!$C$7,Consolidado!$AL:$AL,IF(ISBLANK($C$2),"<>",$C$2),Consolidado!$Q:$Q,Análise!$B38,Consolidado!$C:$C,IF(ISBLANK($C$3),"<>",$C$3),Consolidado!$AU:$AU,"S") -> 1 | G38: =COUNTIFS(Consolidado!$AN:$AN,Análise!G$15,Consolidado!$AM:$AM,Análise!$C$7,Consolidado!$AL:$AL,IF(ISBLANK($C$2),"<>",$C$2),Consolidado!$Q:$Q,Análise!$B38,Consolidado!$C:$C,IF(ISBLANK($C$3),"<>",$C$3),Consolidado!$AU:$AU,"S") -> 0 | H38: =SUM(C38:G38) -> 1 | I38: =+IFERROR(H38/$H$41,0) -> 0.2 | S38: 8. Não contactado | T38: =COUNTIFS(Consolidado!$AL:$AL,IF(ISBLANK($C$2),"<>",$C$2),Consolidado!$Q:$Q,Análise!S38,Consolidado!$B:$B,"<="&Análise!$C$10,Consolidado!$B:$B,">="&Análise!$C$9,Consolidado!$C:$C,IF(ISBLANK($C$3),"<>",$C$3),Consolidado!$AU:$AU,"S") -> 0 | U38: =IFERROR(T38/$T$40,0) -> 0
B39: 8. Não contactado | C39: =COUNTIFS(Consolidado!$AN:$AN,Análise!C$15,Consolidado!$AM:$AM,Análise!$C$7,Consolidado!$AL:$AL,IF(ISBLANK($C$2),"<>",$C$2),Consolidado!$Q:$Q,Análise!$B39,Consolidado!$C:$C,IF(ISBLANK($C$3),"<>",$C$3),Consolidado!$AU:$AU,"S") -> 0 | D39: =COUNTIFS(Consolidado!$AN:$AN,Análise!D$15,Consolidado!$AM:$AM,Análise!$C$7,Consolidado!$AL:$AL,IF(ISBLANK($C$2),"<>",$C$2),Consolidado!$Q:$Q,Análise!$B39,Consolidado!$C:$C,IF(ISBLANK($C$3),"<>",$C$3),Consolidado!$AU:$AU,"S") -> 0 | E39: =COUNTIFS(Consolidado!$AN:$AN,Análise!E$15,Consolidado!$AM:$AM,Análise!$C$7,Consolidado!$AL:$AL,IF(ISBLANK($C$2),"<>",$C$2),Consolidado!$Q:$Q,Análise!$B39,Consolidado!$C:$C,IF(ISBLANK($C$3),"<>",$C$3),Consolidado!$AU:$AU,"S") -> 0 | F39: =COUNTIFS(Consolidado!$AN:$AN,Análise!F$15,Consolidado!$AM:$AM,Análise!$C$7,Consolidado!$AL:$AL,IF(ISBLANK($C$2),"<>",$C$2),Consolidado!$Q:$Q,Análise!$B39,Consolidado!$C:$C,IF(ISBLANK($C$3),"<>",$C$3),Consolidado!$AU:$AU,"S") -> 0 | G39: =COUNTIFS(Consolidado!$AN:$AN,Análise!G$15,Consolidado!$AM:$AM,Análise!$C$7,Consolidado!$AL:$AL,IF(ISBLANK($C$2),"<>",$C$2),Consolidado!$Q:$Q,Análise!$B39,Consolidado!$C:$C,IF(ISBLANK($C$3),"<>",$C$3),Consolidado!$AU:$AU,"S") -> 0 | H39: =SUM(C39:G39) -> 0 | I39: =+IFERROR(H39/$H$41,0) -> 0 | S39: 9. Não informado | T39: =COUNTIFS(Consolidado!$AL:$AL,IF(ISBLANK($C$2),"<>",$C$2),Consolidado!$Q:$Q,Análise!S39,Consolidado!$B:$B,"<="&Análise!$C$10,Consolidado!$B:$B,">="&Análise!$C$9,Consolidado!$C:$C,IF(ISBLANK($C$3),"<>",$C$3),Consolidado!$AU:$AU,"S") -> 0 | U39: =IFERROR(T39/$T$40,0) -> 0
B40: 9. Não informado | C40: =COUNTIFS(Consolidado!$AN:$AN,Análise!C$15,Consolidado!$AM:$AM,Análise!$C$7,Consolidado!$AL:$AL,IF(ISBLANK($C$2),"<>",$C$2),Consolidado!$Q:$Q,Análise!$B40,Consolidado!$C:$C,IF(ISBLANK($C$3),"<>",$C$3),Consolidado!$AU:$AU,"S") -> 0 | D40: =COUNTIFS(Consolidado!$AN:$AN,Análise!D$15,Consolidado!$AM:$AM,Análise!$C$7,Consolidado!$AL:$AL,IF(ISBLANK($C$2),"<>",$C$2),Consolidado!$Q:$Q,Análise!$B40,Consolidado!$C:$C,IF(ISBLANK($C$3),"<>",$C$3),Consolidado!$AU:$AU,"S") -> 0 | E40: =COUNTIFS(Consolidado!$AN:$AN,Análise!E$15,Consolidado!$AM:$AM,Análise!$C$7,Consolidado!$AL:$AL,IF(ISBLANK($C$2),"<>",$C$2),Consolidado!$Q:$Q,Análise!$B40,Consolidado!$C:$C,IF(ISBLANK($C$3),"<>",$C$3),Consolidado!$AU:$AU,"S") -> 0 | F40: =COUNTIFS(Consolidado!$AN:$AN,Análise!F$15,Consolidado!$AM:$AM,Análise!$C$7,Consolidado!$AL:$AL,IF(ISBLANK($C$2),"<>",$C$2),Consolidado!$Q:$Q,Análise!$B40,Consolidado!$C:$C,IF(ISBLANK($C$3),"<>",$C$3),Consolidado!$AU:$AU,"S") -> 0 | G40: =COUNTIFS(Consolidado!$AN:$AN,Análise!G$15,Consolidado!$AM:$AM,Análise!$C$7,Consolidado!$AL:$AL,IF(ISBLANK($C$2),"<>",$C$2),Consolidado!$Q:$Q,Análise!$B40,Consolidado!$C:$C,IF(ISBLANK($C$3),"<>",$C$3),Consolidado!$AU:$AU,"S") -> 0 | H40: =SUM(C40:G40) -> 0 | I40: =+IFERROR(H40/$H$41,0) -> 0 | S40: Total | T40: =SUM(T15:T39) -> 60 | U40: =IFERROR(T40/$T$40,0) -> 1
B41: Total | C41: =SUM(C16:C40) -> 0 | D41: =SUM(D16:D40) -> 3 | E41: =SUM(E16:E40) -> 0 | F41: =SUM(F16:F40) -> 2 | G41: =SUM(G16:G40) -> 0 | H41: =SUM(H16:H40) -> 5 | I41: =+IFERROR(H41/$H$41,0) -> 1
B43: CONTAGEM DE PACIENTES QUE ACEITARAM O PROGRAMA COM BASE NA DATA DE INCLUSÃO
B45: Status BNF Linha | C45: Semana | H45: Mês
C46: 1 | D46: 2 | E46: 3 | F46: 4 | G46: 5
B47: 1. Aceitou o programa | C47: =COUNTIFS(Consolidado!$AP:$AP,Análise!C$46,Consolidado!$AO:$AO,Análise!$C$7,Consolidado!$AL:$AL,IF(ISBLANK($C$2),"<>",$C$2),Consolidado!$Q:$Q,Análise!$B47,Consolidado!$C:$C,IF(ISBLANK($C$3),"<>",$C$3),Consolidado!$AU:$AU,"S") -> 0 | D47: =COUNTIFS(Consolidado!$AP:$AP,Análise!D$46,Consolidado!$AO:$AO,Análise!$C$7,Consolidado!$AL:$AL,IF(ISBLANK($C$2),"<>",$C$2),Consolidado!$Q:$Q,Análise!$B47,Consolidado!$C:$C,IF(ISBLANK($C$3),"<>",$C$3),Consolidado!$AU:$AU,"S") -> 4 | E47: =COUNTIFS(Consolidado!$AP:$AP,Análise!E$46,Consolidado!$AO:$AO,Análise!$C$7,Consolidado!$AL:$AL,IF(ISBLANK($C$2),"<>",$C$2),Consolidado!$Q:$Q,Análise!$B47,Consolidado!$C:$C,IF(ISBLANK($C$3),"<>",$C$3),Consolidado!$AU:$AU,"S") -> 0 | F47: =COUNTIFS(Consolidado!$AP:$AP,Análise!F$46,Consolidado!$AO:$AO,Análise!$C$7,Consolidado!$AL:$AL,IF(ISBLANK($C$2),"<>",$C$2),Consolidado!$Q:$Q,Análise!$B47,Consolidado!$C:$C,IF(ISBLANK($C$3),"<>",$C$3),Consolidado!$AU:$AU,"S") -> 0 | G47: =COUNTIFS(Consolidado!$AP:$AP,Análise!G$46,Consolidado!$AO:$AO,Análise!$C$7,Consolidado!$AL:$AL,IF(ISBLANK($C$2),"<>",$C$2),Consolidado!$Q:$Q,Análise!$B47,Consolidado!$C:$C,IF(ISBLANK($C$3),"<>",$C$3),Consolidado!$AU:$AU,"S") -> 3 | H47: =SUM(C47:G47) -> 7
B49: Status BNF Linha | C49: Período
B50: 1. Aceitou o programa | C50: =COUNTIFS(Consolidado!$AL:$AL,IF(ISBLANK($C$2),"<>",$C$2),Consolidado!$Q:$Q,B50,Consolidado!$R:$R,"<="&Análise!$C$10,Consolidado!$R:$R,">="&Análise!$C$9,Consolidado!$C:$C,IF(ISBLANK($C$3),"<>",$C$3),Consolidado!$AU:$AU,"S") -> 34
B52: LOCAL DE ACOMPANHAMENTO - PACIENTES QUE ACEITARAM O PROGRAMA
B54: Local de Acompanhamento Inicial | C54: Semana | K54: Local de Acompanhamento Inicial | L54: Período
C55: 1 | D55: 2 | E55: 3 | F55: 4 | G55: 5 | H55: Total
B56: Amil Paulistano | C56: =COUNTIFS(Consolidado!$AF:$AF,$B56,Consolidado!$AL:$AL,IF(ISBLANK($C$2),"<>",$C$2),Consolidado!$AM:$AM,$C$7,Consolidado!$AN:$AN,Análise!C$55,Consolidado!$C:$C,IF(ISBLANK($C$3),"<>",$C$3),Consolidado!$Q:$Q,"1. Aceitou o programa",Consolidado!$AU:$AU,"S") -> 0 | D56: =COUNTIFS(Consolidado!$AF:$AF,$B56,Consolidado!$AL:$AL,IF(ISBLANK($C$2),"<>",$C$2),Consolidado!$AM:$AM,$C$7,Consolidado!$AN:$AN,Análise!D$55,Consolidado!$C:$C,IF(ISBLANK($C$3),"<>",$C$3),Consolidado!$Q:$Q,"1. Aceitou o programa",Consolidado!$AU:$AU,"S") -> 0 | E56: =COUNTIFS(Consolidado!$AF:$AF,$B56,Consolidado!$AL:$AL,IF(ISBLANK($C$2),"<>",$C$2),Consolidado!$AM:$AM,$C$7,Consolidado!$AN:$AN,Análise!E$55,Consolidado!$C:$C,IF(ISBLANK($C$3),"<>",$C$3),Consolidado!$Q:$Q,"1. Aceitou o programa",Consolidado!$AU:$AU,"S") -> 0 | F56: =COUNTIFS(Consolidado!$AF:$AF,$B56,Consolidado!$AL:$AL,IF(ISBLANK($C$2),"<>",$C$2),Consolidado!$AM:$AM,$C$7,Consolidado!$AN:$AN,Análise!F$55,Consolidado!$C:$C,IF(ISBLANK($C$3),"<>",$C$3),Consolidado!$Q:$Q,"1. Aceitou o programa",Consolidado!$AU:$AU,"S") -> 0 | G56: =COUNTIFS(Consolidado!$AF:$AF,$B56,Consolidado!$AL:$AL,IF(ISBLANK($C$2),"<>",$C$2),Consolidado!$AM:$AM,$C$7,Consolidado!$AN:$AN,Análise!G$55,Consolidado!$C:$C,IF(ISBLANK($C$3),"<>",$C$3),Consolidado!$Q:$Q,"1. Aceitou o programa",Consolidado!$AU:$AU,"S") -> 0 | H56: =SUM(C56:G56) -> 0 | K56: Amil Paulistano | L56: =COUNTIFS(Consolidado!$AF:$AF,$K56,Consolidado!$AL:$AL,IF(ISBLANK($C$2),"<>",$C$2),Consolidado!$B:$B,"<="&Análise!$C$10,Consolidado!$B:$B,">="&Análise!$C$9,Consolidado!$C:$C,IF(ISBLANK($C$3),"<>",$C$3),Consolidado!$Q:$Q,"1. Aceitou o programa",Consolidado!$AU:$AU,"S") -> 0
B57: Samaritano Higi | C57: =COUNTIFS(Consolidado!$AF:$AF,$B57,Consolidado!$AL:$AL,IF(ISBLANK($C$2),"<>",$C$2),Consolidado!$AM:$AM,$C$7,Consolidado!$AN:$AN,Análise!C$55,Consolidado!$C:$C,IF(ISBLANK($C$3),"<>",$C$3),Consolidado!$Q:$Q,"1. Aceitou o programa",Consolidado!$AU:$AU,"S") -> 0 | D57: =COUNTIFS(Consolidado!$AF:$AF,$B57,Consolidado!$AL:$AL,IF(ISBLANK($C$2),"<>",$C$2),Consolidado!$AM:$AM,$C$7,Consolidado!$AN:$AN,Análise!D$55,Consolidado!$C:$C,IF(ISBLANK($C$3),"<>",$C$3),Consolidado!$Q:$Q,"1. Aceitou o programa",Consolidado!$AU:$AU,"S") -> 0 | E57: =COUNTIFS(Consolidado!$AF:$AF,$B57,Consolidado!$AL:$AL,IF(ISBLANK($C$2),"<>",$C$2),Consolidado!$AM:$AM,$C$7,Consolidado!$AN:$AN,Análise!E$55,Consolidado!$C:$C,IF(ISBLANK($C$3),"<>",$C$3),Consolidado!$Q:$Q,"1. Aceitou o programa",Consolidado!$AU:$AU,"S") -> 0 | F57: =COUNTIFS(Consolidado!$AF:$AF,$B57,Consolidado!$AL:$AL,IF(ISBLANK($C$2),"<>",$C$2),Consolidado!$AM:$AM,$C$7,Consolidado!$AN:$AN,Análise!F$55,Consolidado!$C:$C,IF(ISBLANK($C$3),"<>",$C$3),Consolidado!$Q:$Q,"1. Aceitou o programa",Consolidado!$AU:$AU,"S") -> 0 | G57: =COUNTIFS(Consolidado!$AF:$AF,$B57,Consolidado!$AL:$AL,IF(ISBLANK($C$2),"<>",$C$2),Consolidado!$AM:$AM,$C$7,Consolidado!$AN:$AN,Análise!G$55,Consolidado!$C:$C,IF(ISBLANK($C$3),"<>",$C$3),Consolidado!$Q:$Q,"1. Aceitou o programa",Consolidado!$AU:$AU,"S") -> 0 | H57: =SUM(C57:G57) -> 0 | K57: Samaritano Higi | L57: =COUNTIFS(Consolidado!$AF:$AF,$K57,Consolidado!$AL:$AL,IF(ISBLANK($C$2),"<>",$C$2),Consolidado!$B:$B,"<="&Análise!$C$10,Consolidado!$B:$B,">="&Análise!$C$9,Consolidado!$C:$C,IF(ISBLANK($C$3),"<>",$C$3),Consolidado!$Q:$Q,"1. Aceitou o programa",Consolidado!$AU:$AU,"S") -> 0
B58: COI -RJ | C58: =COUNTIFS(Consolidado!$AF:$AF,$B58,Consolidado!$AL:$AL,IF(ISBLANK($C$2),"<>",$C$2),Consolidado!$AM:$AM,$C$7,Consolidado!$AN:$AN,Análise!C$55,Consolidado!$C:$C,IF(ISBLANK($C$3),"<>",$C$3),Consolidado!$Q:$Q,"1. Aceitou o programa",Consolidado!$AU:$AU,"S") -> 0 | D58: =COUNTIFS(Consolidado!$AF:$AF,$B58,Consolidado!$AL:$AL,IF(ISBLANK($C$2),"<>",$C$2),Consolidado!$AM:$AM,$C$7,Consolidado!$AN:$AN,Análise!D$55,Consolidado!$C:$C,IF(ISBLANK($C$3),"<>",$C$3),Consolidado!$Q:$Q,"1. Aceitou o programa",Consolidado!$AU:$AU,"S") -> 0 | E58: =COUNTIFS(Consolidado!$AF:$AF,$B58,Consolidado!$AL:$AL,IF(ISBLANK($C$2),"<>",$C$2),Consolidado!$AM:$AM,$C$7,Consolidado!$AN:$AN,Análise!E$55,Consolidado!$C:$C,IF(ISBLANK($C$3),"<>",$C$3),Consolidado!$Q:$Q,"1. Aceitou o programa",Consolidado!$AU:$AU,"S") -> 0 | F58: =COUNTIFS(Consolidado!$AF:$AF,$B58,Consolidado!$AL:$AL,IF(ISBLANK($C$2),"<>",$C$2),Consolidado!$AM:$AM,$C$7,Consolidado!$AN:$AN,Análise!F$55,Consolidado!$C:$C,IF(ISBLANK($C$3),"<>",$C$3),Consolidado!$Q:$Q,"1. Aceitou o programa",Consolidado!$AU:$AU,"S") -> 0 | G58: =COUNTIFS(Consolidado!$AF:$AF,$B58,Consolidado!$AL:$AL,IF(ISBLANK($C$2),"<>",$C$2),Consolidado!$AM:$AM,$C$7,Consolidado!$AN:$AN,Análise!G$55,Consolidado!$C:$C,IF(ISBLANK($C$3),"<>",$C$3),Consolidado!$Q:$Q,"1. Aceitou o programa",Consolidado!$AU:$AU,"S") -> 0 | H58: =SUM(C58:G58) -> 0 | K58: COI -RJ | L58: =COUNTIFS(Consolidado!$AF:$AF,$K58,Consolidado!$AL:$AL,IF(ISBLANK($C$2),"<>",$C$2),Consolidado!$B:$B,"<="&Análise!$C$10,Consolidado!$B:$B,">="&Análise!$C$9,Consolidado!$C:$C,IF(ISBLANK($C$3),"<>",$C$3),Consolidado!$Q:$Q,"1. Aceitou o programa",Consolidado!$AU:$AU,"S") -> 0
B59: Interno - Amil Geral | C59: =COUNTIFS(Consolidado!$AF:$AF,$B59,Consolidado!$AL:$AL,IF(ISBLANK($C$2),"<>",$C$2),Consolidado!$AM:$AM,$C$7,Consolidado!$AN:$AN,Análise!C$55,Consolidado!$C:$C,IF(ISBLANK($C$3),"<>",$C$3),Consolidado!$Q:$Q,"1. Aceitou o programa",Consolidado!$AU:$AU,"S") -> 0 | D59: =COUNTIFS(Consolidado!$AF:$AF,$B59,Consolidado!$AL:$AL,IF(ISBLANK($C$2),"<>",$C$2),Consolidado!$AM:$AM,$C$7,Consolidado!$AN:$AN,Análise!D$55,Consolidado!$C:$C,IF(ISBLANK($C$3),"<>",$C$3),Consolidado!$Q:$Q,"1. Aceitou o programa",Consolidado!$AU:$AU,"S") -> 0 | E59: =COUNTIFS(Consolidado!$AF:$AF,$B59,Consolidado!$AL:$AL,IF(ISBLANK($C$2),"<>",$C$2),Consolidado!$AM:$AM,$C$7,Consolidado!$AN:$AN,Análise!E$55,Consolidado!$C:$C,IF(ISBLANK($C$3),"<>",$C$3),Consolidado!$Q:$Q,"1. Aceitou o programa",Consolidado!$AU:$AU,"S") -> 0 | F59: =COUNTIFS(Consolidado!$AF:$AF,$B59,Consolidado!$AL:$AL,IF(ISBLANK($C$2),"<>",$C$2),Consolidado!$AM:$AM,$C$7,Consolidado!$AN:$AN,Análise!F$55,Consolidado!$C:$C,IF(ISBLANK($C$3),"<>",$C$3),Consolidado!$Q:$Q,"1. Aceitou o programa",Consolidado!$AU:$AU,"S") -> 0 | G59: =COUNTIFS(Consolidado!$AF:$AF,$B59,Consolidado!$AL:$AL,IF(ISBLANK($C$2),"<>",$C$2),Consolidado!$AM:$AM,$C$7,Consolidado!$AN:$AN,Análise!G$55,Consolidado!$C:$C,IF(ISBLANK($C$3),"<>",$C$3),Consolidado!$Q:$Q,"1. Aceitou o programa",Consolidado!$AU:$AU,"S") -> 0 | H59: =SUM(C59:G59) -> 0 | K59: Interno - Amil Geral | L59: =COUNTIFS(Consolidado!$AF:$AF,$K59,Consolidado!$AL:$AL,IF(ISBLANK($C$2),"<>",$C$2),Consolidado!$B:$B,"<="&Análise!$C$10,Consolidado!$B:$B,">="&Análise!$C$9,Consolidado!$C:$C,IF(ISBLANK($C$3),"<>",$C$3),Consolidado!$Q:$Q,"1. Aceitou o programa",Consolidado!$AU:$AU,"S") -> 6
B60: Externo - Geral | C60: =COUNTIFS(Consolidado!$AF:$AF,$B60,Consolidado!$AL:$AL,IF(ISBLANK($C$2),"<>",$C$2),Consolidado!$AM:$AM,$C$7,Consolidado!$AN:$AN,Análise!C$55,Consolidado!$C:$C,IF(ISBLANK($C$3),"<>",$C$3),Consolidado!$Q:$Q,"1. Aceitou o programa",Consolidado!$AU:$AU,"S") -> 0 | D60: =COUNTIFS(Consolidado!$AF:$AF,$B60,Consolidado!$AL:$AL,IF(ISBLANK($C$2),"<>",$C$2),Consolidado!$AM:$AM,$C$7,Consolidado!$AN:$AN,Análise!D$55,Consolidado!$C:$C,IF(ISBLANK($C$3),"<>",$C$3),Consolidado!$Q:$Q,"1. Aceitou o programa",Consolidado!$AU:$AU,"S") -> 0 | E60: =COUNTIFS(Consolidado!$AF:$AF,$B60,Consolidado!$AL:$AL,IF(ISBLANK($C$2),"<>",$C$2),Consolidado!$AM:$AM,$C$7,Consolidado!$AN:$AN,Análise!E$55,Consolidado!$C:$C,IF(ISBLANK($C$3),"<>",$C$3),Consolidado!$Q:$Q,"1. Aceitou o programa",Consolidado!$AU:$AU,"S") -> 0 | F60: =COUNTIFS(Consolidado!$AF:$AF,$B60,Consolidado!$AL:$AL,IF(ISBLANK($C$2),"<>",$C$2),Consolidado!$AM:$AM,$C$7,Consolidado!$AN:$AN,Análise!F$55,Consolidado!$C:$C,IF(ISBLANK($C$3),"<>",$C$3),Consolidado!$Q:$Q,"1. Aceitou o programa",Consolidado!$AU:$AU,"S") -> 0 | G60: =COUNTIFS(Consolidado!$AF:$AF,$B60,Consolidado!$AL:$AL,IF(ISBLANK($C$2),"<>",$C$2),Consolidado!$AM:$AM,$C$7,Consolidado!$AN:$AN,Análise!G$55,Consolidado!$C:$C,IF(ISBLANK($C$3),"<>",$C$3),Consolidado!$Q:$Q,"1. Aceitou o programa",Consolidado!$AU:$AU,"S") -> 0 | H60: =SUM(C60:G60) -> 0 | K60: Externo - Geral | L60: =COUNTIFS(Consolidado!$AF:$AF,$K60,Consolidado!$AL:$AL,IF(ISBLANK($C$2),"<>",$C$2),Consolidado!$B:$B,"<="&Análise!$C$10,Consolidado!$B:$B,">="&Análise!$C$9,Consolidado!$C:$C,IF(ISBLANK($C$3),"<>",$C$3),Consolidado!$Q:$Q,"1. Aceitou o programa",Consolidado!$AU:$AU,"S") -> 3
B61: Não Informou | C61: =COUNTIFS(Consolidado!$AF:$AF,$B61,Consolidado!$AL:$AL,IF(ISBLANK($C$2),"<>",$C$2),Consolidado!$AM:$AM,$C$7,Consolidado!$AN:$AN,Análise!C$55,Consolidado!$C:$C,IF(ISBLANK($C$3),"<>",$C$3),Consolidado!$Q:$Q,"1. Aceitou o programa",Consolidado!$AU:$AU,"S") -> 0 | D61: =COUNTIFS(Consolidado!$AF:$AF,$B61,Consolidado!$AL:$AL,IF(ISBLANK($C$2),"<>",$C$2),Consolidado!$AM:$AM,$C$7,Consolidado!$AN:$AN,Análise!D$55,Consolidado!$C:$C,IF(ISBLANK($C$3),"<>",$C$3),Consolidado!$Q:$Q,"1. Aceitou o programa",Consolidado!$AU:$AU,"S") -> 0 | E61: =COUNTIFS(Consolidado!$AF:$AF,$B61,Consolidado!$AL:$AL,IF(ISBLANK($C$2),"<>",$C$2),Consolidado!$AM:$AM,$C$7,Consolidado!$AN:$AN,Análise!E$55,Consolidado!$C:$C,IF(ISBLANK($C$3),"<>",$C$3),Consolidado!$Q:$Q,"1. Aceitou o programa",Consolidado!$AU:$AU,"S") -> 0 | F61: =COUNTIFS(Consolidado!$AF:$AF,$B61,Consolidado!$AL:$AL,IF(ISBLANK($C$2),"<>",$C$2),Consolidado!$AM:$AM,$C$7,Consolidado!$AN:$AN,Análise!F$55,Consolidado!$C:$C,IF(ISBLANK($C$3),"<>",$C$3),Consolidado!$Q:$Q,"1. Aceitou o programa",Consolidado!$AU:$AU,"S") -> 0 | G61: =COUNTIFS(Consolidado!$AF:$AF,$B61,Consolidado!$AL:$AL,IF(ISBLANK($C$2),"<>",$C$2),Consolidado!$AM:$AM,$C$7,Consolidado!$AN:$AN,Análise!G$55,Consolidado!$C:$C,IF(ISBLANK($C$3),"<>",$C$3),Consolidado!$Q:$Q,"1. Aceitou o programa",Consolidado!$AU:$AU,"S") -> 0 | H61: =SUM(C61:G61) -> 0 | K61: Não Informou | L61: =COUNTIFS(Consolidado!$AF:$AF,$K61,Consolidado!$AL:$AL,IF(ISBLANK($C$2),"<>",$C$2),Consolidado!$B:$B,"<="&Análise!$C$10,Consolidado!$B:$B,">="&Análise!$C$9,Consolidado!$C:$C,IF(ISBLANK($C$3),"<>",$C$3),Consolidado!$Q:$Q,"1. Aceitou o programa",Consolidado!$AU:$AU,"S") -> 0
B62: Total | C62: =SUM(C56:C61) -> 0 | D62: =SUM(D56:D61) -> 0 | E62: =SUM(E56:E61) -> 0 | F62: =SUM(F56:F61) -> 0 | G62: =SUM(G56:G61) -> 0 | H62: =SUM(C62:G62) -> 0 | K62: Total | L62: =SUM(L56:L61) -> 9
B64: Taxa de Conversão - Hub Linha | C64: Semana | K64: Taxa de Conversão - Hub Linha | L64: Período
C65: 1 | D65: 2 | E65: 3 | F65: 4 | G65: 5 | H65: Total
B66: Amil Paulistano | C66: =IFERROR(COUNTIFS(Consolidado!$AG:$AG,$B66,Consolidado!$AL:$AL,IF(ISBLANK($C$2),"<>",$C$2),Consolidado!$AM:$AM,$C$7,Consolidado!$AN:$AN,Análise!C$65,Consolidado!$C:$C,IF(ISBLANK($C$3),"<>",$C$3),Consolidado!$Q:$Q,"1. Aceitou o programa",Consolidado!$AF:$AF,"<>",Consolidado!$AF:$AF,"<>"&$B66,Consolidado!$AU:$AU,"S")/(C$59+C$60+C$61),"") | D66: =IFERROR(COUNTIFS(Consolidado!$AG:$AG,$B66,Consolidado!$AL:$AL,IF(ISBLANK($C$2),"<>",$C$2),Consolidado!$AM:$AM,$C$7,Consolidado!$AN:$AN,Análise!D$65,Consolidado!$C:$C,IF(ISBLANK($C$3),"<>",$C$3),Consolidado!$Q:$Q,"1. Aceitou o programa",Consolidado!$AF:$AF,"<>",Consolidado!$AF:$AF,"<>"&$B66,Consolidado!$AU:$AU,"S")/(D$59+D$60+D$61),"") | E66: =IFERROR(COUNTIFS(Consolidado!$AG:$AG,$B66,Consolidado!$AL:$AL,IF(ISBLANK($C$2),"<>",$C$2),Consolidado!$AM:$AM,$C$7,Consolidado!$AN:$AN,Análise!E$65,Consolidado!$C:$C,IF(ISBLANK($C$3),"<>",$C$3),Consolidado!$Q:$Q,"1. Aceitou o programa",Consolidado!$AF:$AF,"<>",Consolidado!$AF:$AF,"<>"&$B66,Consolidado!$AU:$AU,"S")/(E$59+E$60+E$61),"") | F66: =IFERROR(COUNTIFS(Consolidado!$AG:$AG,$B66,Consolidado!$AL:$AL,IF(ISBLANK($C$2),"<>",$C$2),Consolidado!$AM:$AM,$C$7,Consolidado!$AN:$AN,Análise!F$65,Consolidado!$C:$C,IF(ISBLANK($C$3),"<>",$C$3),Consolidado!$Q:$Q,"1. Aceitou o programa",Consolidado!$AF:$AF,"<>",Consolidado!$AF:$AF,"<>"&$B66,Consolidado!$AU:$AU,"S")/(F$59+F$60+F$61),"") | G66: =IFERROR(COUNTIFS(Consolidado!$AG:$AG,$B66,Consolidado!$AL:$AL,IF(ISBLANK($C$2),"<>",$C$2),Consolidado!$AM:$AM,$C$7,Consolidado!$AN:$AN,Análise!G$65,Consolidado!$C:$C,IF(ISBLANK($C$3),"<>",$C$3),Consolidado!$Q:$Q,"1. Aceitou o programa",Consolidado!$AF:$AF,"<>",Consolidado!$AF:$AF,"<>"&$B66,Consolidado!$AU:$AU,"S")/(G$59+G$60+G$61),"") | H66: =IFERROR(COUNTIFS(Consolidado!$AG:$AG,$B66,Consolidado!$AL:$AL,IF(ISBLANK($C$2),"<>",$C$2),Consolidado!$AM:$AM,$C$7,Consolidado!$C:$C,IF(ISBLANK($C$3),"<>",$C$3),Consolidado!$Q:$Q,"1. Aceitou o programa",Consolidado!$AF:$AF,"<>",Consolidado!$AF:$AF,"<>"&$B66)/(H$59+H$60+H$61),"") | K66: Amil Paulistano | L66: =IFERROR(COUNTIFS(Consolidado!$AG:$AG,$K66,Consolidado!$AL:$AL,IF(ISBLANK($C$2),"<>",$C$2),Consolidado!$B:$B,"<="&Análise!$C$10,Consolidado!$B:$B,">="&Análise!$C$9,Consolidado!$C:$C,IF(ISBLANK($C$3),"<>",$C$3),Consolidado!$Q:$Q,"1. Aceitou o programa",Consolidado!$AF:$AF,"<>",Consolidado!$AF:$AF,"<>"&$K66,Consolidado!$AU:$AU,"S")/(L$59+L$60+L$61),"") -> 0
B67: Samaritano Higi | C67: =IFERROR(COUNTIFS(Consolidado!$AG:$AG,$B67,Consolidado!$AL:$AL,IF(ISBLANK($C$2),"<>",$C$2),Consolidado!$AM:$AM,$C$7,Consolidado!$AN:$AN,Análise!C$65,Consolidado!$C:$C,IF(ISBLANK($C$3),"<>",$C$3),Consolidado!$Q:$Q,"1. Aceitou o programa",Consolidado!$AF:$AF,"<>",Consolidado!$AF:$AF,"<>"&$B67,Consolidado!$AU:$AU,"S")/(C$59+C$60+C$61),"") | D67: =IFERROR(COUNTIFS(Consolidado!$AG:$AG,$B67,Consolidado!$AL:$AL,IF(ISBLANK($C$2),"<>",$C$2),Consolidado!$AM:$AM,$C$7,Consolidado!$AN:$AN,Análise!D$65,Consolidado!$C:$C,IF(ISBLANK($C$3),"<>",$C$3),Consolidado!$Q:$Q,"1. Aceitou o programa",Consolidado!$AF:$AF,"<>",Consolidado!$AF:$AF,"<>"&$B67,Consolidado!$AU:$AU,"S")/(D$59+D$60+D$61),"") | E67: =IFERROR(COUNTIFS(Consolidado!$AG:$AG,$B67,Consolidado!$AL:$AL,IF(ISBLANK($C$2),"<>",$C$2),Consolidado!$AM:$AM,$C$7,Consolidado!$AN:$AN,Análise!E$65,Consolidado!$C:$C,IF(ISBLANK($C$3),"<>",$C$3),Consolidado!$Q:$Q,"1. Aceitou o programa",Consolidado!$AF:$AF,"<>",Consolidado!$AF:$AF,"<>"&$B67,Consolidado!$AU:$AU,"S")/(E$59+E$60+E$61),"") | F67: =IFERROR(COUNTIFS(Consolidado!$AG:$AG,$B67,Consolidado!$AL:$AL,IF(ISBLANK($C$2),"<>",$C$2),Consolidado!$AM:$AM,$C$7,Consolidado!$AN:$AN,Análise!F$65,Consolidado!$C:$C,IF(ISBLANK($C$3),"<>",$C$3),Consolidado!$Q:$Q,"1. Aceitou o programa",Consolidado!$AF:$AF,"<>",Consolidado!$AF:$AF,"<>"&$B67,Consolidado!$AU:$AU,"S")/(F$59+F$60+F$61),"") | G67: =IFERROR(COUNTIFS(Consolidado!$AG:$AG,$B67,Consolidado!$AL:$AL,IF(ISBLANK($C$2),"<>",$C$2),Consolidado!$AM:$AM,$C$7,Consolidado!$AN:$AN,Análise!G$65,Consolidado!$C:$C,IF(ISBLANK($C$3),"<>",$C$3),Consolidado!$Q:$Q,"1. Aceitou o programa",Consolidado!$AF:$AF,"<>",Consolidado!$AF:$AF,"<>"&$B67,Consolidado!$AU:$AU,"S")/(G$59+G$60+G$61),"") | H67: =IFERROR(COUNTIFS(Consolidado!$AG:$AG,$B67,Consolidado!$AL:$AL,IF(ISBLANK($C$2),"<>",$C$2),Consolidado!$AM:$AM,$C$7,Consolidado!$C:$C,IF(ISBLANK($C$3),"<>",$C$3),Consolidado!$Q:$Q,"1. Aceitou o programa",Consolidado!$AF:$AF,"<>",Consolidado!$AF:$AF,"<>"&$B67)/(H$59+H$60+H$61),"") | K67: Samaritano Higi | L67: =IFERROR(COUNTIFS(Consolidado!$AG:$AG,$K67,Consolidado!$AL:$AL,IF(ISBLANK($C$2),"<>",$C$2),Consolidado!$B:$B,"<="&Análise!$C$10,Consolidado!$B:$B,">="&Análise!$C$9,Consolidado!$C:$C,IF(ISBLANK($C$3),"<>",$C$3),Consolidado!$Q:$Q,"1. Aceitou o programa",Consolidado!$AF:$AF,"<>",Consolidado!$AF:$AF,"<>"&$K67,Consolidado!$AU:$AU,"S")/(L$59+L$60+L$61),"") -> 0
B68: COI RJ | C68: =IFERROR(COUNTIFS(Consolidado!$AG:$AG,$B68,Consolidado!$AL:$AL,IF(ISBLANK($C$2),"<>",$C$2),Consolidado!$AM:$AM,$C$7,Consolidado!$AN:$AN,Análise!C$65,Consolidado!$C:$C,IF(ISBLANK($C$3),"<>",$C$3),Consolidado!$Q:$Q,"1. Aceitou o programa",Consolidado!$AF:$AF,"<>",Consolidado!$AF:$AF,"<>"&$B68,Consolidado!$AU:$AU,"S")/(C$59+C$60+C$61),"") | D68: =IFERROR(COUNTIFS(Consolidado!$AG:$AG,$B68,Consolidado!$AL:$AL,IF(ISBLANK($C$2),"<>",$C$2),Consolidado!$AM:$AM,$C$7,Consolidado!$AN:$AN,Análise!D$65,Consolidado!$C:$C,IF(ISBLANK($C$3),"<>",$C$3),Consolidado!$Q:$Q,"1. Aceitou o programa",Consolidado!$AF:$AF,"<>",Consolidado!$AF:$AF,"<>"&$B68,Consolidado!$AU:$AU,"S")/(D$59+D$60+D$61),"") | E68: =IFERROR(COUNTIFS(Consolidado!$AG:$AG,$B68,Consolidado!$AL:$AL,IF(ISBLANK($C$2),"<>",$C$2),Consolidado!$AM:$AM,$C$7,Consolidado!$AN:$AN,Análise!E$65,Consolidado!$C:$C,IF(ISBLANK($C$3),"<>",$C$3),Consolidado!$Q:$Q,"1. Aceitou o programa",Consolidado!$AF:$AF,"<>",Consolidado!$AF:$AF,"<>"&$B68,Consolidado!$AU:$AU,"S")/(E$59+E$60+E$61),"") | F68: =IFERROR(COUNTIFS(Consolidado!$AG:$AG,$B68,Consolidado!$AL:$AL,IF(ISBLANK($C$2),"<>",$C$2),Consolidado!$AM:$AM,$C$7,Consolidado!$AN:$AN,Análise!F$65,Consolidado!$C:$C,IF(ISBLANK($C$3),"<>",$C$3),Consolidado!$Q:$Q,"1. Aceitou o programa",Consolidado!$AF:$AF,"<>",Consolidado!$AF:$AF,"<>"&$B68,Consolidado!$AU:$AU,"S")/(F$59+F$60+F$61),"") | G68: =IFERROR(COUNTIFS(Consolidado!$AG:$AG,$B68,Consolidado!$AL:$AL,IF(ISBLANK($C$2),"<>",$C$2),Consolidado!$AM:$AM,$C$7,Consolidado!$AN:$AN,Análise!G$65,Consolidado!$C:$C,IF(ISBLANK($C$3),"<>",$C$3),Consolidado!$Q:$Q,"1. Aceitou o programa",Consolidado!$AF:$AF,"<>",Consolidado!$AF:$AF,"<>"&$B68,Consolidado!$AU:$AU,"S")/(G$59+G$60+G$61),"") | H68: =IFERROR(COUNTIFS(Consolidado!$AG:$AG,$B68,Consolidado!$AL:$AL,IF(ISBLANK($C$2),"<>",$C$2),Consolidado!$AM:$AM,$C$7,Consolidado!$C:$C,IF(ISBLANK($C$3),"<>",$C$3),Consolidado!$Q:$Q,"1. Aceitou o programa",Consolidado!$AF:$AF,"<>",Consolidado!$AF:$AF,"<>"&$B68)/(H$59+H$60+H$61),"") | K68: COI RJ | L68: =IFERROR(COUNTIFS(Consolidado!$AG:$AG,$K68,Consolidado!$AL:$AL,IF(ISBLANK($C$2),"<>",$C$2),Consolidado!$B:$B,"<="&Análise!$C$10,Consolidado!$B:$B,">="&Análise!$C$9,Consolidado!$C:$C,IF(ISBLANK($C$3),"<>",$C$3),Consolidado!$Q:$Q,"1. Aceitou o programa",Consolidado!$AF:$AF,"<>",Consolidado!$AF:$AF,"<>"&$K68,Consolidado!$AU:$AU,"S")/(L$59+L$60+L$61),"") -> 0
B70: DIAGNÓSTICO CONFIRMADO? - PACIENTES QUE ACEITARAM O PROGRAMA
B72: Dx Confirmado / Semana | C72: 1 | D72: 2 | E72: 3 | F72: 4 | G72: 5 | H72: Mês | K72: Dx Confirmado / Semana | L72: Período
B73: Em Investigação | C73: =COUNTIFS(Consolidado!$AH:$AH,$B73,Consolidado!$AL:$AL,IF(ISBLANK($C$2),"<>",$C$2),Consolidado!$AM:$AM,$C$7,Consolidado!$AN:$AN,Análise!C$55,Consolidado!$C:$C,IF(ISBLANK($C$3),"<>",$C$3),Consolidado!$Q:$Q,"1. Aceitou o programa",Consolidado!$AU:$AU,"S") -> 0 | D73: =COUNTIFS(Consolidado!$AH:$AH,$B73,Consolidado!$AL:$AL,IF(ISBLANK($C$2),"<>",$C$2),Consolidado!$AM:$AM,$C$7,Consolidado!$AN:$AN,Análise!D$55,Consolidado!$C:$C,IF(ISBLANK($C$3),"<>",$C$3),Consolidado!$Q:$Q,"1. Aceitou o programa",Consolidado!$AU:$AU,"S") -> 0 | E73: =COUNTIFS(Consolidado!$AH:$AH,$B73,Consolidado!$AL:$AL,IF(ISBLANK($C$2),"<>",$C$2),Consolidado!$AM:$AM,$C$7,Consolidado!$AN:$AN,Análise!E$55,Consolidado!$C:$C,IF(ISBLANK($C$3),"<>",$C$3),Consolidado!$Q:$Q,"1. Aceitou o programa",Consolidado!$AU:$AU,"S") -> 0 | F73: =COUNTIFS(Consolidado!$AH:$AH,$B73,Consolidado!$AL:$AL,IF(ISBLANK($C$2),"<>",$C$2),Consolidado!$AM:$AM,$C$7,Consolidado!$AN:$AN,Análise!F$55,Consolidado!$C:$C,IF(ISBLANK($C$3),"<>",$C$3),Consolidado!$Q:$Q,"1. Aceitou o programa",Consolidado!$AU:$AU,"S") -> 0 | G73: =COUNTIFS(Consolidado!$AH:$AH,$B73,Consolidado!$AL:$AL,IF(ISBLANK($C$2),"<>",$C$2),Consolidado!$AM:$AM,$C$7,Consolidado!$AN:$AN,Análise!G$55,Consolidado!$C:$C,IF(ISBLANK($C$3),"<>",$C$3),Consolidado!$Q:$Q,"1. Aceitou o programa",Consolidado!$AU:$AU,"S") -> 0 | H73: =SUM(C73:G73) -> 0 | K73: Em Investigação | L73: =COUNTIFS(Consolidado!$AH:$AH,$B73,Consolidado!$AL:$AL,IF(ISBLANK($C$2),"<>",$C$2),Consolidado!$B:$B,"<="&Análise!$C$10,Consolidado!$B:$B,">="&Análise!$C$9,Consolidado!$C:$C,IF(ISBLANK($C$3),"<>",$C$3),Consolidado!$Q:$Q,"1. Aceitou o programa",Consolidado!$AU:$AU,"S") -> 0
B74: Confirmado | C74: =COUNTIFS(Consolidado!$AH:$AH,$B74,Consolidado!$AL:$AL,IF(ISBLANK($C$2),"<>",$C$2),Consolidado!$AM:$AM,$C$7,Consolidado!$AN:$AN,Análise!C$55,Consolidado!$C:$C,IF(ISBLANK($C$3),"<>",$C$3),Consolidado!$Q:$Q,"1. Aceitou o programa",Consolidado!$AU:$AU,"S") -> 0 | D74: =COUNTIFS(Consolidado!$AH:$AH,$B74,Consolidado!$AL:$AL,IF(ISBLANK($C$2),"<>",$C$2),Consolidado!$AM:$AM,$C$7,Consolidado!$AN:$AN,Análise!D$55,Consolidado!$C:$C,IF(ISBLANK($C$3),"<>",$C$3),Consolidado!$Q:$Q,"1. Aceitou o programa",Consolidado!$AU:$AU,"S") -> 0 | E74: =COUNTIFS(Consolidado!$AH:$AH,$B74,Consolidado!$AL:$AL,IF(ISBLANK($C$2),"<>",$C$2),Consolidado!$AM:$AM,$C$7,Consolidado!$AN:$AN,Análise!E$55,Consolidado!$C:$C,IF(ISBLANK($C$3),"<>",$C$3),Consolidado!$Q:$Q,"1. Aceitou o programa",Consolidado!$AU:$AU,"S") -> 0 | F74: =COUNTIFS(Consolidado!$AH:$AH,$B74,Consolidado!$AL:$AL,IF(ISBLANK($C$2),"<>",$C$2),Consolidado!$AM:$AM,$C$7,Consolidado!$AN:$AN,Análise!F$55,Consolidado!$C:$C,IF(ISBLANK($C$3),"<>",$C$3),Consolidado!$Q:$Q,"1. Aceitou o programa",Consolidado!$AU:$AU,"S") -> 0 | G74: =COUNTIFS(Consolidado!$AH:$AH,$B74,Consolidado!$AL:$AL,IF(ISBLANK($C$2),"<>",$C$2),Consolidado!$AM:$AM,$C$7,Consolidado!$AN:$AN,Análise!G$55,Consolidado!$C:$C,IF(ISBLANK($C$3),"<>",$C$3),Consolidado!$Q:$Q,"1. Aceitou o programa",Consolidado!$AU:$AU,"S") -> 0 | H74: =SUM(C74:G74) -> 0 | K74: Confirmado | L74: =COUNTIFS(Consolidado!$AH:$AH,$B74,Consolidado!$AL:$AL,IF(ISBLANK($C$2),"<>",$C$2),Consolidado!$B:$B,"<="&Análise!$C$10,Consolidado!$B:$B,">="&Análise!$C$9,Consolidado!$C:$C,IF(ISBLANK($C$3),"<>",$C$3),Consolidado!$Q:$Q,"1. Aceitou o programa",Consolidado!$AU:$AU,"S") -> 4
B75: Negativo | C75: =COUNTIFS(Consolidado!$AH:$AH,$B75,Consolidado!$AL:$AL,IF(ISBLANK($C$2),"<>",$C$2),Consolidado!$AM:$AM,$C$7,Consolidado!$AN:$AN,Análise!C$55,Consolidado!$C:$C,IF(ISBLANK($C$3),"<>",$C$3),Consolidado!$Q:$Q,"1. Aceitou o programa",Consolidado!$AU:$AU,"S") -> 0 | D75: =COUNTIFS(Consolidado!$AH:$AH,$B75,Consolidado!$AL:$AL,IF(ISBLANK($C$2),"<>",$C$2),Consolidado!$AM:$AM,$C$7,Consolidado!$AN:$AN,Análise!D$55,Consolidado!$C:$C,IF(ISBLANK($C$3),"<>",$C$3),Consolidado!$Q:$Q,"1. Aceitou o programa",Consolidado!$AU:$AU,"S") -> 0 | E75: =COUNTIFS(Consolidado!$AH:$AH,$B75,Consolidado!$AL:$AL,IF(ISBLANK($C$2),"<>",$C$2),Consolidado!$AM:$AM,$C$7,Consolidado!$AN:$AN,Análise!E$55,Consolidado!$C:$C,IF(ISBLANK($C$3),"<>",$C$3),Consolidado!$Q:$Q,"1. Aceitou o programa",Consolidado!$AU:$AU,"S") -> 0 | F75: =COUNTIFS(Consolidado!$AH:$AH,$B75,Consolidado!$AL:$AL,IF(ISBLANK($C$2),"<>",$C$2),Consolidado!$AM:$AM,$C$7,Consolidado!$AN:$AN,Análise!F$55,Consolidado!$C:$C,IF(ISBLANK($C$3),"<>",$C$3),Consolidado!$Q:$Q,"1. Aceitou o programa",Consolidado!$AU:$AU,"S") -> 0 | G75: =COUNTIFS(Consolidado!$AH:$AH,$B75,Consolidado!$AL:$AL,IF(ISBLANK($C$2),"<>",$C$2),Consolidado!$AM:$AM,$C$7,Consolidado!$AN:$AN,Análise!G$55,Consolidado!$C:$C,IF(ISBLANK($C$3),"<>",$C$3),Consolidado!$Q:$Q,"1. Aceitou o programa",Consolidado!$AU:$AU,"S") -> 0 | H75: =SUM(C75:G75) -> 0 | K75: Negativo | L75: =COUNTIFS(Consolidado!$AH:$AH,$B75,Consolidado!$AL:$AL,IF(ISBLANK($C$2),"<>",$C$2),Consolidado!$B:$B,"<="&Análise!$C$10,Consolidado!$B:$B,">="&Análise!$C$9,Consolidado!$C:$C,IF(ISBLANK($C$3),"<>",$C$3),Consolidado!$Q:$Q,"1. Aceitou o programa",Consolidado!$AU:$AU,"S") -> 0
B76: Total | C76: =SUM(C73:C75) -> 0 | D76: =SUM(D73:D75) -> 0 | E76: =SUM(E73:E75) -> 0 | F76: =SUM(F73:F75) -> 0 | G76: =SUM(G73:G75) -> 0 | H76: =SUM(H73:H75) -> 0 | K76: Total | L76: =SUM(L73:L75) -> 4
B78: Dx Confirmado | C78: Mês | K78: Dx Confirmado | L78: Período
B79: Em Investigação | C79: =IFERROR(H73/$H$76,"") | K79: Em Investigação | L79: =IFERROR(L73/$L$76,"") -> 0
B80: Confirmado | C80: =IFERROR(H74/$H$76,"") | K80: Confirmado | L80: =IFERROR(L74/$L$76,"") -> 1
B81: Negativo | C81: =IFERROR(H75/$H$76,"") | K81: Negativo | L81: =IFERROR(L75/$L$76,"") -> 0
B83: CONSULTAS
B85: Status Pré-Consulta | C85: 1 | D85: 2 | E85: 3 | F85: 4 | G85: 5 | H85: Mês | K85: Status Pré-Consulta | L85: Período
B86: Agendada | C86: =COUNTIFS(Consolidado!$Z:$Z,$B86,Consolidado!$AL:$AL,IF(ISBLANK($C$2),"<>",$C$2),Consolidado!$AM:$AM,$C$7,Consolidado!$AN:$AN,Análise!C$55,Consolidado!$C:$C,IF(ISBLANK($C$3),"<>",$C$3),Consolidado!$AU:$AU,"S") -> 0 | D86: =COUNTIFS(Consolidado!$Z:$Z,$B86,Consolidado!$AL:$AL,IF(ISBLANK($C$2),"<>",$C$2),Consolidado!$AM:$AM,$C$7,Consolidado!$AN:$AN,Análise!D$55,Consolidado!$C:$C,IF(ISBLANK($C$3),"<>",$C$3),Consolidado!$AU:$AU,"S") -> 3 | E86: =COUNTIFS(Consolidado!$Z:$Z,$B86,Consolidado!$AL:$AL,IF(ISBLANK($C$2),"<>",$C$2),Consolidado!$AM:$AM,$C$7,Consolidado!$AN:$AN,Análise!E$55,Consolidado!$C:$C,IF(ISBLANK($C$3),"<>",$C$3),Consolidado!$AU:$AU,"S") -> 0 | F86: =COUNTIFS(Consolidado!$Z:$Z,$B86,Consolidado!$AL:$AL,IF(ISBLANK($C$2),"<>",$C$2),Consolidado!$AM:$AM,$C$7,Consolidado!$AN:$AN,Análise!F$55,Consolidado!$C:$C,IF(ISBLANK($C$3),"<>",$C$3),Consolidado!$AU:$AU,"S") -> 1 | G86: =COUNTIFS(Consolidado!$Z:$Z,$B86,Consolidado!$AL:$AL,IF(ISBLANK($C$2),"<>",$C$2),Consolidado!$AM:$AM,$C$7,Consolidado!$AN:$AN,Análise!G$55,Consolidado!$C:$C,IF(ISBLANK($C$3),"<>",$C$3),Consolidado!$AU:$AU,"S") -> 0 | H86: =SUM(C86:G86) -> 4 | K86: Agendada | L86: =COUNTIFS(Consolidado!$Z:$Z,$B86,Consolidado!$AL:$AL,IF(ISBLANK($C$2),"<>",$C$2),Consolidado!$B:$B,"<="&Análise!$C$10,Consolidado!$B:$B,">="&Análise!$C$9,Consolidado!$C:$C,IF(ISBLANK($C$3),"<>",$C$3),Consolidado!$AU:$AU,"S") -> 34
B87: Pendente de agendamento | C87: =COUNTIFS(Consolidado!$Z:$Z,$B87,Consolidado!$AL:$AL,IF(ISBLANK($C$2),"<>",$C$2),Consolidado!$AM:$AM,$C$7,Consolidado!$AN:$AN,Análise!C$55,Consolidado!$C:$C,IF(ISBLANK($C$3),"<>",$C$3),Consolidado!$AU:$AU,"S") -> 0 | D87: =COUNTIFS(Consolidado!$Z:$Z,$B87,Consolidado!$AL:$AL,IF(ISBLANK($C$2),"<>",$C$2),Consolidado!$AM:$AM,$C$7,Consolidado!$AN:$AN,Análise!D$55,Consolidado!$C:$C,IF(ISBLANK($C$3),"<>",$C$3),Consolidado!$AU:$AU,"S") -> 0 | E87: =COUNTIFS(Consolidado!$Z:$Z,$B87,Consolidado!$AL:$AL,IF(ISBLANK($C$2),"<>",$C$2),Consolidado!$AM:$AM,$C$7,Consolidado!$AN:$AN,Análise!E$55,Consolidado!$C:$C,IF(ISBLANK($C$3),"<>",$C$3),Consolidado!$AU:$AU,"S") -> 0 | F87: =COUNTIFS(Consolidado!$Z:$Z,$B87,Consolidado!$AL:$AL,IF(ISBLANK($C$2),"<>",$C$2),Consolidado!$AM:$AM,$C$7,Consolidado!$AN:$AN,Análise!F$55,Consolidado!$C:$C,IF(ISBLANK($C$3),"<>",$C$3),Consolidado!$AU:$AU,"S") -> 0 | G87: =COUNTIFS(Consolidado!$Z:$Z,$B87,Consolidado!$AL:$AL,IF(ISBLANK($C$2),"<>",$C$2),Consolidado!$AM:$AM,$C$7,Consolidado!$AN:$AN,Análise!G$55,Consolidado!$C:$C,IF(ISBLANK($C$3),"<>",$C$3),Consolidado!$AU:$AU,"S") -> 0 | H87: =SUM(C87:G87) -> 0 | K87: Pendente de agendamento | L87: =COUNTIFS(Consolidado!$Z:$Z,$B87,Consolidado!$AL:$AL,IF(ISBLANK($C$2),"<>",$C$2),Consolidado!$B:$B,"<="&Análise!$C$10,Consolidado!$B:$B,">="&Análise!$C$9,Consolidado!$C:$C,IF(ISBLANK($C$3),"<>",$C$3),Consolidado!$AU:$AU,"S") -> 0
B88: Recusa | C88: =COUNTIFS(Consolidado!$Z:$Z,$B88,Consolidado!$AL:$AL,IF(ISBLANK($C$2),"<>",$C$2),Consolidado!$AM:$AM,$C$7,Consolidado!$AN:$AN,Análise!C$55,Consolidado!$C:$C,IF(ISBLANK($C$3),"<>",$C$3),Consolidado!$AU:$AU,"S") -> 0 | D88: =COUNTIFS(Consolidado!$Z:$Z,$B88,Consolidado!$AL:$AL,IF(ISBLANK($C$2),"<>",$C$2),Consolidado!$AM:$AM,$C$7,Consolidado!$AN:$AN,Análise!D$55,Consolidado!$C:$C,IF(ISBLANK($C$3),"<>",$C$3),Consolidado!$AU:$AU,"S") -> 0 | E88: =COUNTIFS(Consolidado!$Z:$Z,$B88,Consolidado!$AL:$AL,IF(ISBLANK($C$2),"<>",$C$2),Consolidado!$AM:$AM,$C$7,Consolidado!$AN:$AN,Análise!E$55,Consolidado!$C:$C,IF(ISBLANK($C$3),"<>",$C$3),Consolidado!$AU:$AU,"S") -> 0 | F88: =COUNTIFS(Consolidado!$Z:$Z,$B88,Consolidado!$AL:$AL,IF(ISBLANK($C$2),"<>",$C$2),Consolidado!$AM:$AM,$C$7,Consolidado!$AN:$AN,Análise!F$55,Consolidado!$C:$C,IF(ISBLANK($C$3),"<>",$C$3),Consolidado!$AU:$AU,"S") -> 0 | G88: =COUNTIFS(Consolidado!$Z:$Z,$B88,Consolidado!$AL:$AL,IF(ISBLANK($C$2),"<>",$C$2),Consolidado!$AM:$AM,$C$7,Consolidado!$AN:$AN,Análise!G$55,Consolidado!$C:$C,IF(ISBLANK($C$3),"<>",$C$3),Consolidado!$AU:$AU,"S") -> 0 | H88: =SUM(C88:G88) -> 0 | K88: Recusa | L88: =COUNTIFS(Consolidado!$Z:$Z,$B88,Consolidado!$AL:$AL,IF(ISBLANK($C$2),"<>",$C$2),Consolidado!$B:$B,"<="&Análise!$C$10,Consolidado!$B:$B,">="&Análise!$C$9,Consolidado!$C:$C,IF(ISBLANK($C$3),"<>",$C$3),Consolidado!$AU:$AU,"S") -> 0
B89: Total | C89: =SUM(C86:C88) -> 0 | D89: =SUM(D86:D88) -> 3 | E89: =SUM(E86:E88) -> 0 | F89: =SUM(F86:F88) -> 1 | G89: =SUM(G86:G88) -> 0 | H89: =SUM(H86:H88) -> 4 | K89: Total | L89: =SUM(L86:L88) -> 34
B91: Status Consultas de Enfermagem | C91: 1 | D91: 2 | E91: 3 | F91: 4 | G91: 5 | H91: Mês | K91: Status Consultas de Enfermagem | L91: Período
B92: Realizada | C92: =COUNTIFS(Consolidado!$AB:$AB,$B92,Consolidado!$AL:$AL,IF(ISBLANK($C$2),"<>",$C$2),Consolidado!$AM:$AM,$C$7,Consolidado!$AN:$AN,C$91,Consolidado!$C:$C,IF(ISBLANK($C$3),"<>",$C$3),Consolidado!$Z:$Z,"Agendada",Consolidado!$AU:$AU,"S") -> 0 | D92: =COUNTIFS(Consolidado!$AB:$AB,$B92,Consolidado!$AL:$AL,IF(ISBLANK($C$2),"<>",$C$2),Consolidado!$AM:$AM,$C$7,Consolidado!$AN:$AN,D$91,Consolidado!$C:$C,IF(ISBLANK($C$3),"<>",$C$3),Consolidado!$Z:$Z,"Agendada",Consolidado!$AU:$AU,"S") -> 0 | E92: =COUNTIFS(Consolidado!$AB:$AB,$B92,Consolidado!$AL:$AL,IF(ISBLANK($C$2),"<>",$C$2),Consolidado!$AM:$AM,$C$7,Consolidado!$AN:$AN,E$91,Consolidado!$C:$C,IF(ISBLANK($C$3),"<>",$C$3),Consolidado!$Z:$Z,"Agendada",Consolidado!$AU:$AU,"S") -> 0 | F92: =COUNTIFS(Consolidado!$AB:$AB,$B92,Consolidado!$AL:$AL,IF(ISBLANK($C$2),"<>",$C$2),Consolidado!$AM:$AM,$C$7,Consolidado!$AN:$AN,F$91,Consolidado!$C:$C,IF(ISBLANK($C$3),"<>",$C$3),Consolidado!$Z:$Z,"Agendada",Consolidado!$AU:$AU,"S") -> 0 | G92: =COUNTIFS(Consolidado!$AB:$AB,$B92,Consolidado!$AL:$AL,IF(ISBLANK($C$2),"<>",$C$2),Consolidado!$AM:$AM,$C$7,Consolidado!$AN:$AN,G$91,Consolidado!$C:$C,IF(ISBLANK($C$3),"<>",$C$3),Consolidado!$Z:$Z,"Agendada",Consolidado!$AU:$AU,"S") -> 0 | H92: =SUM(C92:G92) -> 0 | K92: Realizada | L92: =COUNTIFS(Consolidado!$AB:$AB,$B92,Consolidado!$AL:$AL,IF(ISBLANK($C$2),"<>",$C$2),Consolidado!$B:$B,"<="&Análise!$C$10,Consolidado!$B:$B,">="&Análise!$C$9,Consolidado!$C:$C,IF(ISBLANK($C$3),"<>",$C$3),Consolidado!$Z:$Z,"Agendada",Consolidado!$AU:$AU,"S") -> 22
B93: Não realizada - Reagendada | C93: =COUNTIFS(Consolidado!$AB:$AB,$B93,Consolidado!$AL:$AL,IF(ISBLANK($C$2),"<>",$C$2),Consolidado!$AM:$AM,$C$7,Consolidado!$AN:$AN,C$91,Consolidado!$C:$C,IF(ISBLANK($C$3),"<>",$C$3),Consolidado!$Z:$Z,"Agendada",Consolidado!$AU:$AU,"S") -> 0 | D93: =COUNTIFS(Consolidado!$AB:$AB,$B93,Consolidado!$AL:$AL,IF(ISBLANK($C$2),"<>",$C$2),Consolidado!$AM:$AM,$C$7,Consolidado!$AN:$AN,D$91,Consolidado!$C:$C,IF(ISBLANK($C$3),"<>",$C$3),Consolidado!$Z:$Z,"Agendada",Consolidado!$AU:$AU,"S") -> 0 | E93: =COUNTIFS(Consolidado!$AB:$AB,$B93,Consolidado!$AL:$AL,IF(ISBLANK($C$2),"<>",$C$2),Consolidado!$AM:$AM,$C$7,Consolidado!$AN:$AN,E$91,Consolidado!$C:$C,IF(ISBLANK($C$3),"<>",$C$3),Consolidado!$Z:$Z,"Agendada",Consolidado!$AU:$AU,"S") -> 0 | F93: =COUNTIFS(Consolidado!$AB:$AB,$B93,Consolidado!$AL:$AL,IF(ISBLANK($C$2),"<>",$C$2),Consolidado!$AM:$AM,$C$7,Consolidado!$AN:$AN,F$91,Consolidado!$C:$C,IF(ISBLANK($C$3),"<>",$C$3),Consolidado!$Z:$Z,"Agendada",Consolidado!$AU:$AU,"S") -> 0 | G93: =COUNTIFS(Consolidado!$AB:$AB,$B93,Consolidado!$AL:$AL,IF(ISBLANK($C$2),"<>",$C$2),Consolidado!$AM:$AM,$C$7,Consolidado!$AN:$AN,G$91,Consolidado!$C:$C,IF(ISBLANK($C$3),"<>",$C$3),Consolidado!$Z:$Z,"Agendada",Consolidado!$AU:$AU,"S") -> 0 | H93: =SUM(C93:G93) -> 0 | K93: Não realizada - Reagendada | L93: =COUNTIFS(Consolidado!$AB:$AB,$B93,Consolidado!$AL:$AL,IF(ISBLANK($C$2),"<>",$C$2),Consolidado!$B:$B,"<="&Análise!$C$10,Consolidado!$B:$B,">="&Análise!$C$9,Consolidado!$C:$C,IF(ISBLANK($C$3),"<>",$C$3),Consolidado!$Z:$Z,"Agendada",Consolidado!$AU:$AU,"S") -> 0
B94: Não realizada - Desistência | C94: =COUNTIFS(Consolidado!$AB:$AB,$B94,Consolidado!$AL:$AL,IF(ISBLANK($C$2),"<>",$C$2),Consolidado!$AM:$AM,$C$7,Consolidado!$AN:$AN,C$91,Consolidado!$C:$C,IF(ISBLANK($C$3),"<>",$C$3),Consolidado!$Z:$Z,"Agendada",Consolidado!$AU:$AU,"S") -> 0 | D94: =COUNTIFS(Consolidado!$AB:$AB,$B94,Consolidado!$AL:$AL,IF(ISBLANK($C$2),"<>",$C$2),Consolidado!$AM:$AM,$C$7,Consolidado!$AN:$AN,D$91,Consolidado!$C:$C,IF(ISBLANK($C$3),"<>",$C$3),Consolidado!$Z:$Z,"Agendada",Consolidado!$AU:$AU,"S") -> 0 | E94: =COUNTIFS(Consolidado!$AB:$AB,$B94,Consolidado!$AL:$AL,IF(ISBLANK($C$2),"<>",$C$2),Consolidado!$AM:$AM,$C$7,Consolidado!$AN:$AN,E$91,Consolidado!$C:$C,IF(ISBLANK($C$3),"<>",$C$3),Consolidado!$Z:$Z,"Agendada",Consolidado!$AU:$AU,"S") -> 0 | F94: =COUNTIFS(Consolidado!$AB:$AB,$B94,Consolidado!$AL:$AL,IF(ISBLANK($C$2),"<>",$C$2),Consolidado!$AM:$AM,$C$7,Consolidado!$AN:$AN,F$91,Consolidado!$C:$C,IF(ISBLANK($C$3),"<>",$C$3),Consolidado!$Z:$Z,"Agendada",Consolidado!$AU:$AU,"S") -> 0 | G94: =COUNTIFS(Consolidado!$AB:$AB,$B94,Consolidado!$AL:$AL,IF(ISBLANK($C$2),"<>",$C$2),Consolidado!$AM:$AM,$C$7,Consolidado!$AN:$AN,G$91,Consolidado!$C:$C,IF(ISBLANK($C$3),"<>",$C$3),Consolidado!$Z:$Z,"Agendada",Consolidado!$AU:$AU,"S") -> 0 | H94: =SUM(C94:G94) -> 0 | K94: Não realizada - Desistência | L94: =COUNTIFS(Consolidado!$AB:$AB,$B94,Consolidado!$AL:$AL,IF(ISBLANK($C$2),"<>",$C$2),Consolidado!$B:$B,"<="&Análise!$C$10,Consolidado!$B:$B,">="&Análise!$C$9,Consolidado!$C:$C,IF(ISBLANK($C$3),"<>",$C$3),Consolidado!$Z:$Z,"Agendada",Consolidado!$AU:$AU,"S") -> 0
B95: Não realizada - Falta | C95: =COUNTIFS(Consolidado!$AB:$AB,$B95,Consolidado!$AL:$AL,IF(ISBLANK($C$2),"<>",$C$2),Consolidado!$AM:$AM,$C$7,Consolidado!$AN:$AN,C$91,Consolidado!$C:$C,IF(ISBLANK($C$3),"<>",$C$3),Consolidado!$Z:$Z,"Agendada",Consolidado!$AU:$AU,"S") -> 0 | D95: =COUNTIFS(Consolidado!$AB:$AB,$B95,Consolidado!$AL:$AL,IF(ISBLANK($C$2),"<>",$C$2),Consolidado!$AM:$AM,$C$7,Consolidado!$AN:$AN,D$91,Consolidado!$C:$C,IF(ISBLANK($C$3),"<>",$C$3),Consolidado!$Z:$Z,"Agendada",Consolidado!$AU:$AU,"S") -> 3 | E95: =COUNTIFS(Consolidado!$AB:$AB,$B95,Consolidado!$AL:$AL,IF(ISBLANK($C$2),"<>",$C$2),Consolidado!$AM:$AM,$C$7,Consolidado!$AN:$AN,E$91,Consolidado!$C:$C,IF(ISBLANK($C$3),"<>",$C$3),Consolidado!$Z:$Z,"Agendada",Consolidado!$AU:$AU,"S") -> 0 | F95: =COUNTIFS(Consolidado!$AB:$AB,$B95,Consolidado!$AL:$AL,IF(ISBLANK($C$2),"<>",$C$2),Consolidado!$AM:$AM,$C$7,Consolidado!$AN:$AN,F$91,Consolidado!$C:$C,IF(ISBLANK($C$3),"<>",$C$3),Consolidado!$Z:$Z,"Agendada",Consolidado!$AU:$AU,"S") -> 0 | G95: =COUNTIFS(Consolidado!$AB:$AB,$B95,Consolidado!$AL:$AL,IF(ISBLANK($C$2),"<>",$C$2),Consolidado!$AM:$AM,$C$7,Consolidado!$AN:$AN,G$91,Consolidado!$C:$C,IF(ISBLANK($C$3),"<>",$C$3),Consolidado!$Z:$Z,"Agendada",Consolidado!$AU:$AU,"S") -> 0 | H95: =SUM(C95:G95) -> 3 | K95: Não realizada - Falta | L95: =COUNTIFS(Consolidado!$AB:$AB,$B95,Consolidado!$AL:$AL,IF(ISBLANK($C$2),"<>",$C$2),Consolidado!$B:$B,"<="&Análise!$C$10,Consolidado!$B:$B,">="&Análise!$C$9,Consolidado!$C:$C,IF(ISBLANK($C$3),"<>",$C$3),Consolidado!$Z:$Z,"Agendada",Consolidado!$AU:$AU,"S") -> 7
B96: Recusa | C96: =COUNTIFS(Consolidado!$AB:$AB,$B96,Consolidado!$AL:$AL,IF(ISBLANK($C$2),"<>",$C$2),Consolidado!$AM:$AM,$C$7,Consolidado!$AN:$AN,C$91,Consolidado!$C:$C,IF(ISBLANK($C$3),"<>",$C$3),Consolidado!$Z:$Z,"Agendada",Consolidado!$AU:$AU,"S") -> 0 | D96: =COUNTIFS(Consolidado!$AB:$AB,$B96,Consolidado!$AL:$AL,IF(ISBLANK($C$2),"<>",$C$2),Consolidado!$AM:$AM,$C$7,Consolidado!$AN:$AN,D$91,Consolidado!$C:$C,IF(ISBLANK($C$3),"<>",$C$3),Consolidado!$Z:$Z,"Agendada",Consolidado!$AU:$AU,"S") -> 0 | E96: =COUNTIFS(Consolidado!$AB:$AB,$B96,Consolidado!$AL:$AL,IF(ISBLANK($C$2),"<>",$C$2),Consolidado!$AM:$AM,$C$7,Consolidado!$AN:$AN,E$91,Consolidado!$C:$C,IF(ISBLANK($C$3),"<>",$C$3),Consolidado!$Z:$Z,"Agendada",Consolidado!$AU:$AU,"S") -> 0 | F96: =COUNTIFS(Consolidado!$AB:$AB,$B96,Consolidado!$AL:$AL,IF(ISBLANK($C$2),"<>",$C$2),Consolidado!$AM:$AM,$C$7,Consolidado!$AN:$AN,F$91,Consolidado!$C:$C,IF(ISBLANK($C$3),"<>",$C$3),Consolidado!$Z:$Z,"Agendada",Consolidado!$AU:$AU,"S") -> 0 | G96: =COUNTIFS(Consolidado!$AB:$AB,$B96,Consolidado!$AL:$AL,IF(ISBLANK($C$2),"<>",$C$2),Consolidado!$AM:$AM,$C$7,Consolidado!$AN:$AN,G$91,Consolidado!$C:$C,IF(ISBLANK($C$3),"<>",$C$3),Consolidado!$Z:$Z,"Agendada",Consolidado!$AU:$AU,"S") -> 0 | H96: =SUM(C96:G96) -> 0 | K96: Recusa | L96: =COUNTIFS(Consolidado!$AB:$AB,$B96,Consolidado!$AL:$AL,IF(ISBLANK($C$2),"<>",$C$2),Consolidado!$B:$B,"<="&Análise!$C$10,Consolidado!$B:$B,">="&Análise!$C$9,Consolidado!$C:$C,IF(ISBLANK($C$3),"<>",$C$3),Consolidado!$Z:$Z,"Agendada",Consolidado!$AU:$AU,"S") -> 0
B97: Sem Preenchimento | C97: =COUNTIFS(Consolidado!$AB:$AB,$B97,Consolidado!$AL:$AL,IF(ISBLANK($C$2),"<>",$C$2),Consolidado!$AM:$AM,$C$7,Consolidado!$AN:$AN,C$91,Consolidado!$C:$C,IF(ISBLANK($C$3),"<>",$C$3),Consolidado!$Z:$Z,"Agendada",Consolidado!$AU:$AU,"S") -> 0 | D97: =COUNTIFS(Consolidado!$AB:$AB,$B97,Consolidado!$AL:$AL,IF(ISBLANK($C$2),"<>",$C$2),Consolidado!$AM:$AM,$C$7,Consolidado!$AN:$AN,D$91,Consolidado!$C:$C,IF(ISBLANK($C$3),"<>",$C$3),Consolidado!$Z:$Z,"Agendada",Consolidado!$AU:$AU,"S") -> 0 | E97: =COUNTIFS(Consolidado!$AB:$AB,$B97,Consolidado!$AL:$AL,IF(ISBLANK($C$2),"<>",$C$2),Consolidado!$AM:$AM,$C$7,Consolidado!$AN:$AN,E$91,Consolidado!$C:$C,IF(ISBLANK($C$3),"<>",$C$3),Consolidado!$Z:$Z,"Agendada",Consolidado!$AU:$AU,"S") -> 0 | F97: =COUNTIFS(Consolidado!$AB:$AB,$B97,Consolidado!$AL:$AL,IF(ISBLANK($C$2),"<>",$C$2),Consolidado!$AM:$AM,$C$7,Consolidado!$AN:$AN,F$91,Consolidado!$C:$C,IF(ISBLANK($C$3),"<>",$C$3),Consolidado!$Z:$Z,"Agendada",Consolidado!$AU:$AU,"S") -> 0 | G97: =COUNTIFS(Consolidado!$AB:$AB,$B97,Consolidado!$AL:$AL,IF(ISBLANK($C$2),"<>",$C$2),Consolidado!$AM:$AM,$C$7,Consolidado!$AN:$AN,G$91,Consolidado!$C:$C,IF(ISBLANK($C$3),"<>",$C$3),Consolidado!$Z:$Z,"Agendada",Consolidado!$AU:$AU,"S") -> 0 | H97: =SUM(C97:G97) -> 0 | K97: Sem Preenchimento | L97: =COUNTIFS(Consolidado!$AB:$AB,$B97,Consolidado!$AL:$AL,IF(ISBLANK($C$2),"<>",$C$2),Consolidado!$B:$B,"<="&Análise!$C$10,Consolidado!$B:$B,">="&Análise!$C$9,Consolidado!$C:$C,IF(ISBLANK($C$3),"<>",$C$3),Consolidado!$Z:$Z,"Agendada",Consolidado!$AU:$AU,"S") -> 0
B98: Total | C98: =SUM(C92:C97) -> 0 | D98: =SUM(D92:D97) -> 3 | E98: =SUM(E92:E97) -> 0 | F98: =SUM(F92:F97) -> 0 | G98: =SUM(G92:G97) -> 0 | H98: =SUM(H92:H97) -> 3 | K98: Total | L98: =SUM(L92:L97) -> 29
B100: ORIGEM
B102: Origem | C102: Semana | K102: Origem | L102: Período
C103: 1 | D103: 2 | E103: 3 | F103: 4 | G103: 5 | H103: Total
B104: Captado pela Amil/Call Center | C104: =COUNTIFS(Consolidado!$D:$D,$B104,Consolidado!$AL:$AL,IF(ISBLANK($C$2),"<>",$C$2),Consolidado!$AM:$AM,$C$7,Consolidado!$AN:$AN,C$103,Consolidado!$C:$C,IF(ISBLANK($C$3),"<>",$C$3),Consolidado!$AU:$AU,"S") -> 0 | D104: =COUNTIFS(Consolidado!$D:$D,$B104,Consolidado!$AL:$AL,IF(ISBLANK($C$2),"<>",$C$2),Consolidado!$AM:$AM,$C$7,Consolidado!$AN:$AN,D$103,Consolidado!$C:$C,IF(ISBLANK($C$3),"<>",$C$3),Consolidado!$AU:$AU,"S") -> 1 | E104: =COUNTIFS(Consolidado!$D:$D,$B104,Consolidado!$AL:$AL,IF(ISBLANK($C$2),"<>",$C$2),Consolidado!$AM:$AM,$C$7,Consolidado!$AN:$AN,E$103,Consolidado!$C:$C,IF(ISBLANK($C$3),"<>",$C$3),Consolidado!$AU:$AU,"S") -> 0 | F104: =COUNTIFS(Consolidado!$D:$D,$B104,Consolidado!$AL:$AL,IF(ISBLANK($C$2),"<>",$C$2),Consolidado!$AM:$AM,$C$7,Consolidado!$AN:$AN,F$103,Consolidado!$C:$C,IF(ISBLANK($C$3),"<>",$C$3),Consolidado!$AU:$AU,"S") -> 0 | G104: =COUNTIFS(Consolidado!$D:$D,$B104,Consolidado!$AL:$AL,IF(ISBLANK($C$2),"<>",$C$2),Consolidado!$AM:$AM,$C$7,Consolidado!$AN:$AN,G$103,Consolidado!$C:$C,IF(ISBLANK($C$3),"<>",$C$3),Consolidado!$AU:$AU,"S") -> 0 | H104: =SUM(C104:G104) -> 1 | K104: Captado pela Amil/Call Center | L104: =COUNTIFS(Consolidado!$D:$D,$K104,Consolidado!$AL:$AL,IF(ISBLANK($C$2),"<>",$C$2),Consolidado!$B:$B,"<="&Análise!$C$10,Consolidado!$B:$B,">="&Análise!$C$9,Consolidado!$C:$C,IF(ISBLANK($C$3),"<>",$C$3),Consolidado!$AU:$AU,"S") -> 7
B105: Casos Prioritário - E-mail | C105: =COUNTIFS(Consolidado!$D:$D,$B105,Consolidado!$AL:$AL,IF(ISBLANK($C$2),"<>",$C$2),Consolidado!$AM:$AM,$C$7,Consolidado!$AN:$AN,C$103,Consolidado!$C:$C,IF(ISBLANK($C$3),"<>",$C$3),Consolidado!$AU:$AU,"S") -> 0 | D105: =COUNTIFS(Consolidado!$D:$D,$B105,Consolidado!$AL:$AL,IF(ISBLANK($C$2),"<>",$C$2),Consolidado!$AM:$AM,$C$7,Consolidado!$AN:$AN,D$103,Consolidado!$C:$C,IF(ISBLANK($C$3),"<>",$C$3),Consolidado!$AU:$AU,"S") -> 0 | E105: =COUNTIFS(Consolidado!$D:$D,$B105,Consolidado!$AL:$AL,IF(ISBLANK($C$2),"<>",$C$2),Consolidado!$AM:$AM,$C$7,Consolidado!$AN:$AN,E$103,Consolidado!$C:$C,IF(ISBLANK($C$3),"<>",$C$3),Consolidado!$AU:$AU,"S") -> 0 | F105: =COUNTIFS(Consolidado!$D:$D,$B105,Consolidado!$AL:$AL,IF(ISBLANK($C$2),"<>",$C$2),Consolidado!$AM:$AM,$C$7,Consolidado!$AN:$AN,F$103,Consolidado!$C:$C,IF(ISBLANK($C$3),"<>",$C$3),Consolidado!$AU:$AU,"S") -> 0 | G105: =COUNTIFS(Consolidado!$D:$D,$B105,Consolidado!$AL:$AL,IF(ISBLANK($C$2),"<>",$C$2),Consolidado!$AM:$AM,$C$7,Consolidado!$AN:$AN,G$103,Consolidado!$C:$C,IF(ISBLANK($C$3),"<>",$C$3),Consolidado!$AU:$AU,"S") -> 0 | H105: =SUM(C105:G105) -> 0 | K105: Casos Prioritário - E-mail | L105: =COUNTIFS(Consolidado!$D:$D,$K105,Consolidado!$AL:$AL,IF(ISBLANK($C$2),"<>",$C$2),Consolidado!$B:$B,"<="&Análise!$C$10,Consolidado!$B:$B,">="&Análise!$C$9,Consolidado!$C:$C,IF(ISBLANK($C$3),"<>",$C$3),Consolidado!$AU:$AU,"S") -> 0
B106: Forms Total Care | C106: =COUNTIFS(Consolidado!$D:$D,$B106,Consolidado!$AL:$AL,IF(ISBLANK($C$2),"<>",$C$2),Consolidado!$AM:$AM,$C$7,Consolidado!$AN:$AN,C$103,Consolidado!$C:$C,IF(ISBLANK($C$3),"<>",$C$3),Consolidado!$AU:$AU,"S") -> 0 | D106: =COUNTIFS(Consolidado!$D:$D,$B106,Consolidado!$AL:$AL,IF(ISBLANK($C$2),"<>",$C$2),Consolidado!$AM:$AM,$C$7,Consolidado!$AN:$AN,D$103,Consolidado!$C:$C,IF(ISBLANK($C$3),"<>",$C$3),Consolidado!$AU:$AU,"S") -> 0 | E106: =COUNTIFS(Consolidado!$D:$D,$B106,Consolidado!$AL:$AL,IF(ISBLANK($C$2),"<>",$C$2),Consolidado!$AM:$AM,$C$7,Consolidado!$AN:$AN,E$103,Consolidado!$C:$C,IF(ISBLANK($C$3),"<>",$C$3),Consolidado!$AU:$AU,"S") -> 0 | F106: =COUNTIFS(Consolidado!$D:$D,$B106,Consolidado!$AL:$AL,IF(ISBLANK($C$2),"<>",$C$2),Consolidado!$AM:$AM,$C$7,Consolidado!$AN:$AN,F$103,Consolidado!$C:$C,IF(ISBLANK($C$3),"<>",$C$3),Consolidado!$AU:$AU,"S") -> 0 | G106: =COUNTIFS(Consolidado!$D:$D,$B106,Consolidado!$AL:$AL,IF(ISBLANK($C$2),"<>",$C$2),Consolidado!$AM:$AM,$C$7,Consolidado!$AN:$AN,G$103,Consolidado!$C:$C,IF(ISBLANK($C$3),"<>",$C$3),Consolidado!$AU:$AU,"S") -> 0 | H106: =SUM(C106:G106) -> 0 | K106: Forms Total Care | L106: =COUNTIFS(Consolidado!$D:$D,$K106,Consolidado!$AL:$AL,IF(ISBLANK($C$2),"<>",$C$2),Consolidado!$B:$B,"<="&Análise!$C$10,Consolidado!$B:$B,">="&Análise!$C$9,Consolidado!$C:$C,IF(ISBLANK($C$3),"<>",$C$3),Consolidado!$AU:$AU,"S") -> 0
B107: GSC | C107: =COUNTIFS(Consolidado!$D:$D,$B107,Consolidado!$AL:$AL,IF(ISBLANK($C$2),"<>",$C$2),Consolidado!$AM:$AM,$C$7,Consolidado!$AN:$AN,C$103,Consolidado!$C:$C,IF(ISBLANK($C$3),"<>",$C$3),Consolidado!$AU:$AU,"S") -> 0 | D107: =COUNTIFS(Consolidado!$D:$D,$B107,Consolidado!$AL:$AL,IF(ISBLANK($C$2),"<>",$C$2),Consolidado!$AM:$AM,$C$7,Consolidado!$AN:$AN,D$103,Consolidado!$C:$C,IF(ISBLANK($C$3),"<>",$C$3),Consolidado!$AU:$AU,"S") -> 0 | E107: =COUNTIFS(Consolidado!$D:$D,$B107,Consolidado!$AL:$AL,IF(ISBLANK($C$2),"<>",$C$2),Consolidado!$AM:$AM,$C$7,Consolidado!$AN:$AN,E$103,Consolidado!$C:$C,IF(ISBLANK($C$3),"<>",$C$3),Consolidado!$AU:$AU,"S") -> 0 | F107: =COUNTIFS(Consolidado!$D:$D,$B107,Consolidado!$AL:$AL,IF(ISBLANK($C$2),"<>",$C$2),Consolidado!$AM:$AM,$C$7,Consolidado!$AN:$AN,F$103,Consolidado!$C:$C,IF(ISBLANK($C$3),"<>",$C$3),Consolidado!$AU:$AU,"S") -> 0 | G107: =COUNTIFS(Consolidado!$D:$D,$B107,Consolidado!$AL:$AL,IF(ISBLANK($C$2),"<>",$C$2),Consolidado!$AM:$AM,$C$7,Consolidado!$AN:$AN,G$103,Consolidado!$C:$C,IF(ISBLANK($C$3),"<>",$C$3),Consolidado!$AU:$AU,"S") -> 0 | H107: =SUM(C107:G107) -> 0 | K107: GSC | L107: =COUNTIFS(Consolidado!$D:$D,$K107,Consolidado!$AL:$AL,IF(ISBLANK($C$2),"<>",$C$2),Consolidado!$B:$B,"<="&Análise!$C$10,Consolidado!$B:$B,">="&Análise!$C$9,Consolidado!$C:$C,IF(ISBLANK($C$3),"<>",$C$3),Consolidado!$AU:$AU,"S") -> 3
B108: Triggers | C108: =COUNTIFS(Consolidado!$D:$D,$B108,Consolidado!$AL:$AL,IF(ISBLANK($C$2),"<>",$C$2),Consolidado!$AM:$AM,$C$7,Consolidado!$AN:$AN,C$103,Consolidado!$C:$C,IF(ISBLANK($C$3),"<>",$C$3),Consolidado!$AU:$AU,"S") -> 0 | D108: =COUNTIFS(Consolidado!$D:$D,$B108,Consolidado!$AL:$AL,IF(ISBLANK($C$2),"<>",$C$2),Consolidado!$AM:$AM,$C$7,Consolidado!$AN:$AN,D$103,Consolidado!$C:$C,IF(ISBLANK($C$3),"<>",$C$3),Consolidado!$AU:$AU,"S") -> 0 | E108: =COUNTIFS(Consolidado!$D:$D,$B108,Consolidado!$AL:$AL,IF(ISBLANK($C$2),"<>",$C$2),Consolidado!$AM:$AM,$C$7,Consolidado!$AN:$AN,E$103,Consolidado!$C:$C,IF(ISBLANK($C$3),"<>",$C$3),Consolidado!$AU:$AU,"S") -> 0 | F108: =COUNTIFS(Consolidado!$D:$D,$B108,Consolidado!$AL:$AL,IF(ISBLANK($C$2),"<>",$C$2),Consolidado!$AM:$AM,$C$7,Consolidado!$AN:$AN,F$103,Consolidado!$C:$C,IF(ISBLANK($C$3),"<>",$C$3),Consolidado!$AU:$AU,"S") -> 0 | G108: =COUNTIFS(Consolidado!$D:$D,$B108,Consolidado!$AL:$AL,IF(ISBLANK($C$2),"<>",$C$2),Consolidado!$AM:$AM,$C$7,Consolidado!$AN:$AN,G$103,Consolidado!$C:$C,IF(ISBLANK($C$3),"<>",$C$3),Consolidado!$AU:$AU,"S") -> 0 | H108: =SUM(C108:G108) -> 0 | K108: Triggers | L108: =COUNTIFS(Consolidado!$D:$D,$K108,Consolidado!$AL:$AL,IF(ISBLANK($C$2),"<>",$C$2),Consolidado!$B:$B,"<="&Análise!$C$10,Consolidado!$B:$B,">="&Análise!$C$9,Consolidado!$C:$C,IF(ISBLANK($C$3),"<>",$C$3),Consolidado!$AU:$AU,"S") -> 4
B109: Viva Bem | C109: =COUNTIFS(Consolidado!$D:$D,$B109,Consolidado!$AL:$AL,IF(ISBLANK($C$2),"<>",$C$2),Consolidado!$AM:$AM,$C$7,Consolidado!$AN:$AN,C$103,Consolidado!$C:$C,IF(ISBLANK($C$3),"<>",$C$3),Consolidado!$AU:$AU,"S") -> 0 | D109: =COUNTIFS(Consolidado!$D:$D,$B109,Consolidado!$AL:$AL,IF(ISBLANK($C$2),"<>",$C$2),Consolidado!$AM:$AM,$C$7,Consolidado!$AN:$AN,D$103,Consolidado!$C:$C,IF(ISBLANK($C$3),"<>",$C$3),Consolidado!$AU:$AU,"S") -> 0 | E109: =COUNTIFS(Consolidado!$D:$D,$B109,Consolidado!$AL:$AL,IF(ISBLANK($C$2),"<>",$C$2),Consolidado!$AM:$AM,$C$7,Consolidado!$AN:$AN,E$103,Consolidado!$C:$C,IF(ISBLANK($C$3),"<>",$C$3),Consolidado!$AU:$AU,"S") -> 0 | F109: =COUNTIFS(Consolidado!$D:$D,$B109,Consolidado!$AL:$AL,IF(ISBLANK($C$2),"<>",$C$2),Consolidado!$AM:$AM,$C$7,Consolidado!$AN:$AN,F$103,Consolidado!$C:$C,IF(ISBLANK($C$3),"<>",$C$3),Consolidado!$AU:$AU,"S") -> 0 | G109: =COUNTIFS(Consolidado!$D:$D,$B109,Consolidado!$AL:$AL,IF(ISBLANK($C$2),"<>",$C$2),Consolidado!$AM:$AM,$C$7,Consolidado!$AN:$AN,G$103,Consolidado!$C:$C,IF(ISBLANK($C$3),"<>",$C$3),Consolidado!$AU:$AU,"S") -> 0 | H109: =SUM(C109:G109) -> 0 | K109: Viva Bem | L109: =COUNTIFS(Consolidado!$D:$D,$K109,Consolidado!$AL:$AL,IF(ISBLANK($C$2),"<>",$C$2),Consolidado!$B:$B,"<="&Análise!$C$10,Consolidado!$B:$B,">="&Análise!$C$9,Consolidado!$C:$C,IF(ISBLANK($C$3),"<>",$C$3),Consolidado!$AU:$AU,"S") -> 3
B110: Saúde Ocupacional | C110: =COUNTIFS(Consolidado!$D:$D,$B110,Consolidado!$AL:$AL,IF(ISBLANK($C$2),"<>",$C$2),Consolidado!$AM:$AM,$C$7,Consolidado!$AN:$AN,C$103,Consolidado!$C:$C,IF(ISBLANK($C$3),"<>",$C$3),Consolidado!$AU:$AU,"S") -> 0 | D110: =COUNTIFS(Consolidado!$D:$D,$B110,Consolidado!$AL:$AL,IF(ISBLANK($C$2),"<>",$C$2),Consolidado!$AM:$AM,$C$7,Consolidado!$AN:$AN,D$103,Consolidado!$C:$C,IF(ISBLANK($C$3),"<>",$C$3),Consolidado!$AU:$AU,"S") -> 0 | E110: =COUNTIFS(Consolidado!$D:$D,$B110,Consolidado!$AL:$AL,IF(ISBLANK($C$2),"<>",$C$2),Consolidado!$AM:$AM,$C$7,Consolidado!$AN:$AN,E$103,Consolidado!$C:$C,IF(ISBLANK($C$3),"<>",$C$3),Consolidado!$AU:$AU,"S") -> 0 | F110: =COUNTIFS(Consolidado!$D:$D,$B110,Consolidado!$AL:$AL,IF(ISBLANK($C$2),"<>",$C$2),Consolidado!$AM:$AM,$C$7,Consolidado!$AN:$AN,F$103,Consolidado!$C:$C,IF(ISBLANK($C$3),"<>",$C$3),Consolidado!$AU:$AU,"S") -> 0 | G110: =COUNTIFS(Consolidado!$D:$D,$B110,Consolidado!$AL:$AL,IF(ISBLANK($C$2),"<>",$C$2),Consolidado!$AM:$AM,$C$7,Consolidado!$AN:$AN,G$103,Consolidado!$C:$C,IF(ISBLANK($C$3),"<>",$C$3),Consolidado!$AU:$AU,"S") -> 0 | H110: =SUM(C110:G110) -> 0 | K110: Saúde Ocupacional | L110: =COUNTIFS(Consolidado!$D:$D,$K110,Consolidado!$AL:$AL,IF(ISBLANK($C$2),"<>",$C$2),Consolidado!$B:$B,"<="&Análise!$C$10,Consolidado!$B:$B,">="&Análise!$C$9,Consolidado!$C:$C,IF(ISBLANK($C$3),"<>",$C$3),Consolidado!$AU:$AU,"S") -> 0
B111: Total | C111: =SUM(C104:C110) -> 0 | D111: =SUM(D104:D110) -> 1 | E111: =SUM(E104:E110) -> 0 | F111: =SUM(F104:F110) -> 0 | G111: =SUM(G104:G110) -> 0 | H111: =SUM(C111:G111) -> 1 | K111: Total | L111: =SUM(L104:L110) -> 17

Sheet Lista Suspensa
D1: Motivo Envio | F1: Lista Suspensa - Origem | H1: Linha | I1: Origem (Colocar na ordem desejada) | K1: Lista Suspensa - Local de Acomapanhamento | M1: Linha | N1: Local de Acomapanhamento (Colocar na ordem desejada) | P1: Local de Acomapanhamento atual | R1: Linhas | T1: CA Confirmado? | V1: Status BNF Linha | X1: Status Do Contato | Z1: Situação Atual Do Paciente | AB1: Status Pré Consulta Enfermagem | AD1: Status da 1ª Consulta Enfermagem | AF1: Complexidade | AH1: Direcionado ao Paulistano? | AJ1: Flag | AL1: Encaminhado p/ Consolidado? | AN1: Prioridade no Contato?
B2: CÉLULA COM FÓRMULA - NÃO ALTERAR | D2: Captação + Navegação | F2: {=IF(COUNTIF(Consolidado!$AL:$AL,"Emagrecimento")<>0,_xlfn._xlws.FILTER($I$2:$I$54,$H$2:$H$54<>""),_xlfn._xlws.FILTER($I$2:$I$54,$H$2:$H$54="Outras"))} -> Captado pela Amil/Call Center | H2: Outras | I2: Captado pela Amil/Call Center | K2: {=IF(COUNTIF(Consolidado!$AL:$AL,"Emagrecimento")<>0,_xlfn._xlws.FILTER($N$2:$N$100,$M$2:$M$100<>""),_xlfn._xlws.FILTER($N$2:$N$100,$M$2:$M$100="Outras"))} -> Amil Paulistano | M2: Outras | N2: Amil Paulistano | P2: Amil Paulistano | R2: Colorretal | T2: Em Investigação | V2: 1. Aceitou o programa | X2: Contato Com Sucesso | Z2: Ativo | AB2: Agendada | AD2: Realizada | AF2: Baixa | AH2: Sim | AJ2: Sim | AL2: Sim | AN2: Sim
D3: Navegação | F3: Casos Prioritário - E-mail | H3: Outras | I3: Casos Prioritário - E-mail | K3: Samaritano Higi | M3: Outras | N3: Samaritano Higi | P3: Samaritano Higi | R3: Mama | T3: Confirmado | V3: 2. Em avaliação para participar do programa | X3: Contato Sem Sucesso | Z3: Inativo | AB3: Aguardando Agendamento | AD3: Não realizada - Reagendada | AF3: Média | AH3: Não | AJ3: Desflagado | AL3: Não | AN3: Não
D4: Transbordo/Navegação | F4: Forms | H4: Outras | I4: Forms | K4: COI -RJ | M4: Outras | N4: COI -RJ | P4: COI RJ | R4: Pós-TMO | T4: Negativo | V4: 3. Recusa por conta da assinatura do termo | X4: Aguardando Contato | Z4: Fora da Linha | AD4: Não realizada - Desistência | AF4: Alta | AJ4: Pendente | AL4: NA
D5: Migrou do Fluxo de Negativa | F5: GSC | H5: Outras | I5: GSC | K5: Interno - Amil Geral | M5: Outras | N5: Interno - Amil Geral | P5: Externo - Outros | R5: Próstata | T5: NA | V5: 3. Recusa por desconfiança do programa | AD5: Não realizada - Falta | AJ5: Não
D6: Transbordo/TotalCare | F6: Triggers | H6: Outras | I6: Triggers | K6: Externo - Geral | M6: Outras | N6: Externo - Geral | R6: Pulmão | V6: 3. Recusa por falta de interesse | AD6: Recusa
F7: Viva Bem | H7: Outras | I7: Viva Bem | K7: Não Informou | M7: Outras | N7: Não Informou | R7: Autoimunidade | V7: 3. Recusa pela coparticipação
F8: Saúde Ocupacional | H8: Outras | I8: Saúde Ocupacional | K8: CMDP - Centro Médico Dom Pedro | M8: Outras | N8: CMDP - Centro Médico Dom Pedro | R8: Anticoagulante | V8: 3. Recusa por estar fora da região
F9: Migrou do Fluxo de Negativa | H9: Emagrecimento | I9: Ambulatório - Américas | K9: Outros | M9: Outras | N9: Outros | R9: Arritmias | V9: 3. Recusa por outros motivos | Z9: Ativo/Inativo | AA9: Ativo
F10: Optin | H10: Emagrecimento | I10: Ambulatório - Samaritano Barra | K10: Amil - Hospital Ipiranga Arujá - Ambulatório | M10: Outras | N10: Amil - Hospital Ipiranga Arujá - Ambulatório | R10: ICC | V10: 4. Inelegível fora do escopo | Z10: Ativo/Inativo | AA10: Inativo
F11: Captado Total Care | H11: Emagrecimento | I11: Captado pela Amil | K11: Amil - Hospital Ipiranga Mogi - Ambulatório | M11: Outras | N11: Amil - Hospital Ipiranga Mogi - Ambulatório | R11: Pós-IAM | V11: 4. Exclusão do plano | Z11: Ativo | AA11: Ativo
H12: Emagrecimento | I12: Captado pela Amil - Endocrino CMDP | K12: Amil - Hospital Metropolitano - Centro Médico | M12: Outras | N12: Amil - Hospital Metropolitano - Centro Médico | R12: Valvopatias | V12: 4. Óbito | Z12: Inativo | AA12: Inativo
H13: Emagrecimento | I13: CMDP - Busca Ativa do Paciente | K13: Amil - Hospital Paulistano - Ambulatório | M13: Outras | N13: Amil - Hospital Paulistano - Ambulatório | R13: Diabetes | V13: 4. Não Captar a pedido da Operadora | Z13: Fora da Linha | AA13: Fora da Linha
H14: Emagrecimento | I14: CMDP - Eduardo | K14: Amil - Ud Cubatão Sp - Hospital Da Luz | M14: Outras | N14: Amil - Ud Cubatão Sp - Hospital Da Luz | R14: Emagrecimento | V14: 5. Alta por óbito | Z14: Total | AA14: Ativo
H15: Emagrecimento | I15: CMDP Nutri - Andreza Oliveira Barbosa | K15: Amil - Unidade Avançada Carlos Chagas | M15: Outras | N15: Amil - Unidade Avançada Carlos Chagas | R15: Gestantes | V15: 5. Alta por inelegibilidade | Z15: Total | AA15: Inativo
H16: Emagrecimento | I16: CMDP Nutri - Helena Guazzelli | K16: Amil - Unidade Avançada Luz Butantã | M16: Outras | N16: Amil - Unidade Avançada Luz Butantã | R16: Coluna | V16: 5. Alta por múltiplas tentativas | Z16: Total | AA16: Fora da Linha
H17: Emagrecimento | I17: CMDP Nutri - Juliana Cardoso Gaia | K17: Amil - Unidade Avançada Luz Joao Dias | M17: Outras | N17: Amil - Unidade Avançada Luz Joao Dias | R17: Pós-AVC | V17: 5. Alta a pedido - recusa em assinar o termo
H18: Emagrecimento | I18: CMDP Nutri - Maria Carolina Vieira Marrano | K18: Amil - Unidade Avançada Vitoria | M18: Outras | N18: Amil - Unidade Avançada Vitoria | R18: Cefaleia | V18: 5. Alta a pedido - perda de interesse
H19: Emagrecimento | I19: CMDP Nutri - Mariana Freire Lima | K19: Amil Espaço Saúde - Ana Rosa | M19: Outras | N19: Amil Espaço Saúde - Ana Rosa | R19: Endometriose | V19: 5. Alta a pedido - mudança de região
H20: Emagrecimento | I20: CMDP Nutri - Rosangela Cristina Toni Dos Santos | K20: Amil Espaço Saúde - Botafogo | M20: Outras | N20: Amil Espaço Saúde - Botafogo | R20: Fumo Zero | V20: 5. Alta por exclusão do plano | Z20: =+Análise!$C$4 -> Total | AA20: {=_xlfn._xlws.FILTER($AA$9:$AA$16,$Z$9:$Z$16=$Z$20)} -> Ativo | AB20: S
H21: Emagrecimento | I21: CMDP Nutri - Tamyres Yuri Silva Palhares | K21: Amil Espaço Saúde - Campo Grande | M21: Outras | N21: Amil Espaço Saúde - Campo Grande | R21: Asma | V21: 5. Alta por outros motivos | AA21: Inativo | AB21: S
H22: Emagrecimento | I22: CMDP Nutri - Victor De Faria Hernandes | K22: Amil Espaço Saúde - Caxias | M22: Outras | N22: Amil Espaço Saúde - Caxias | R22: DPOC | V22: 5. Alta a pedido da operadora | AA22: Fora da Linha | AB22: S
H23: Emagrecimento | I23: Empresa - Light | K23: Amil Espaço Saúde - Guarulhos | M23: Outras | N23: Amil Espaço Saúde - Guarulhos | R23: Renal | V23: 6. Contato sem sucesso | AB23: S
H24: Emagrecimento | I24: Empresa - Qualitech | K24: Amil Espaço Saúde - Niterói | M24: Outras | N24: Amil Espaço Saúde - Niterói | R24: Tx Hepatico | V24: 7. Em fase de captação
H25: Emagrecimento | I25: Equipe - Cirurgião Luiz Alfredo | K25: Amil Espaço Saúde - Nova Iguaçu | M25: Outras | N25: Amil Espaço Saúde - Nova Iguaçu | V25: 8. Não contactado
H26: Emagrecimento | I26: Equipe - Cirurgião Michel Menezes | K26: Amil Espaço Saúde - Osasco | M26: Outras | N26: Amil Espaço Saúde - Osasco | V26: 9. Não informado
H27: Emagrecimento | I27: Equipe - Clínica Sallet | K27: Amil Espaço Saúde - Santana | M27: Outras | N27: Amil Espaço Saúde - Santana | Z27: Ativo/Inativo
H28: Emagrecimento | I28: Equipe - Clinigest | K28: Amil Espaço Saúde - Tijuca | M28: Outras | N28: Amil Espaço Saúde - Tijuca | Z28: Ativo
H29: Emagrecimento | I29: Equipe - Dr Antonio Claudio Jamel | K29: Amil Telemedicina | M29: Outras | N29: Amil Telemedicina | Z29: Inativo
H30: Emagrecimento | I30: Equipe - Dr. Fernando Barros | K30: Centro Médico Jardim | M30: Outras | N30: Centro Médico Jardim | Z30: Fora da Linha
H31: Emagrecimento | I31: Equipe - Dr. Guilherme Ribas | K31: Centro Médico Joao Azevedo - Sbc II | M31: Outras | N31: Centro Médico Joao Azevedo - Sbc II | Z31: Total
H32: Emagrecimento | I32: Equipe - Dr. Jose Antonio Possidente Pacheco | K32: Centro Médico João Azevedo - Sbc I | M32: Outras | N32: Centro Médico João Azevedo - Sbc I
H33: Emagrecimento | I33: Equipe - Dr. Luiz Alfredo | K33: Centro Médico Luiz Ferreira - Sbc | M33: Outras | N33: Centro Médico Luiz Ferreira - Sbc
H34: Emagrecimento | I34: Equipe - Dr. Michel Menezes | K34: Centro Médico - Samaritano Higienópolis | M34: Outras | N34: Centro Médico - Samaritano Higienópolis
H35: Emagrecimento | I35: Equipe - Dr. Paulo Roberto Falcão | K35: Centro Médico Hospital São Lucas | M35: Outras | N35: Centro Médico Hospital São Lucas
H36: Emagrecimento | I36: Equipe - Dra. Ana Kariana Soares Alves | K36: Hospital Alvorada Ambulatório Arapanés | M36: Outras | N36: Hospital Alvorada Ambulatório Arapanés
H37: Emagrecimento | I37: Equipe - Dra. Damiana de Cassia | K37: Hospital Alvorada Moema | M37: Outras | N37: Hospital Alvorada Moema
H38: Emagrecimento | I38: Equipe - Dra. Mariana Araujo Santos | K38: Hospital Américas - Ambulatório | M38: Outras | N38: Hospital Américas - Ambulatório
H39: Emagrecimento | I39: Equipe - FERNANDO DE BARROS | K39: Hospital Samaritano Paulista - Ambulatório | M39: Outras | N39: Hospital Samaritano Paulista - Ambulatório
H40: Emagrecimento | I40: Equipe - Instituto Castro | K40: Amil Espaço Saúde - Tatuapé | M40: Emagrecimento | N40: AES - Botafogo <= 400
H41: Emagrecimento | I41: Equipe - NewMatrix Serviços Médico | K41: Amil Espaço Saúde - Santo Amaro | M41: Emagrecimento | N41: AES - Campo Grande <= 400
H42: Emagrecimento | I42: Navegação | K42: Amil Espaço Saúde - Guarulhos | M42: Emagrecimento | N42: AES - Caxias <= 400
H43: Emagrecimento | I43: Outras Indicações Amil | K43: Amil Espaço Saúde - Santa Helena | M43: Emagrecimento | N43: AES - Niteroi <= 400
... H45: Emagrecimento | I45: Cirurgião bariátrico (Externo) | K45: SUS | M45: Emagrecimento | N45: AES - Osasco <= 400
H46: Outras | I46: Migrou do Fluxo de Negativa | M46: Emagrecimento | N46: AES - Nova Iguaçu <= 400
H47: Outras | I47: Optin | M47: Emagrecimento | N47: ASM - Centro Médico Hospital São Lucas > 400
H48: Emagrecimento | I48: Captado Total Care | M48: Emagrecimento | N48: ASM - Hospital Américas - Ambulatório > 400
H49: Outras | I49: Captado Total Care | M49: Emagrecimento | N49: ASM - Centro Médico Samaritano > 400
M50: Emagrecimento | N50: AMIL - Hospital Ipiranga Mogi - Ambulatório <= 400
M51: Emagrecimento | N51: AMIL - Unidade Avançada Luz Butantã <= 400
M52: Emagrecimento | N52: AMIL - Unidade Avançada Vitória <= 400
M53: Emagrecimento | N53: AMIL - Unidade Avançada Luiz Joao Dias <= 400
M54: Emagrecimento | N54: AP - Centro Médico João Azevedo SBC I <= 400
M55: Emagrecimento | N55: CMDP - Centro Médico Dom Pedro
M56: Outras | N56: Amil Espaço Saúde - Tatuapé
M57: Outras | N57: Amil Espaço Saúde - Santo Amaro
M58: Outras | N58: Amil Espaço Saúde - Guarulhos
M59: Outras | N59: Amil Espaço Saúde - Santa Helena
M60: Outras | N60: Hospital Samaritano - Não Especificado
M61: Outras | N61: SUS

Sheet MODELO
A1: Prioridade no Contato? | B1: Data Envio Paciente | C1: Motivo Envio | D1: Origem | E1: MO | F1: Nome do paciente | G1: CPF | H1: Data de Nascimento | I1: Idade | J1: Genero | K1: Estado | L1: Município | M1: Bairro | N1: Nível de Rede | O1: Telefone atualizado | P1: Profissional | Q1: Status BNF Linha | R1: Data de Inclusão | S1: Data da Alta, Inatividade ou Recusa | T1: Status Do Contato | U1: Situação Atual Do Paciente | V1: Tentativa de Contato 1 | W1: Tentativa de Contato 2 | X1: Tentativa de Contato 3 | Y1: Observações Importantes | Z1: Status Pré Consulta Enfermagem | AA1: Data 1ª Consulta de Enfermagem | AB1: Status da 1ª Consulta Enfermagem | AC1: Se reagendado, sinalizar datas | AD1: Complexidade | AE1: Escala | AF1: Local de Acomapanhamento | AG1: Flag
A2: Sim | C2: Navegação - Transbordo | D2: Captado pela Amil | Q2: 1. Aceitou o programa | T2: Contato Com Sucesso | U2: Ativo | Z2: Agendada | AB2: Não realizada - Reagendada | AD2: Baixa | AF2: Unidade Avançada Luz Butantã | AG2: Sim
A3: Não | C3: Navegação | D3: Forms Total Care | Q3: 2. Em avaliação para participar do programa | T3: Contato Sem Sucesso | U3: Inativo | Z3: Aguardando Agendamento | AB3: Não realizada - Desistência | AD3: Média | AF3: Unidade Avançada Luz João Dias | AG3: Pendente
C4: Captação e Navegação | D4: Triggers | Q4: 3. Recusa por conta da assinatura do termo | T4: Aguardando Contato | Z4: Realizada | AB4: Não realizada - Falta | AD4: Alta | AF4: UD Cubatão - Hospital Luz | AG4: Não
Q5: 3. Recusa por desconfiança do programa | AB5: Realizada | AF5: AES Ana Rosa
Q6: 3. Recusa por falta de interesse | AF6: AES Guarulhos
Q7: 3. Recusa pela coparticipação | AF7: AES Tatuapé
Q8: 3. Recusa por estar fora da região | AF8: Samaritano Paulista
Q9: 3. Recusa por outros motivos | AF9: AES Tijuca
Q10: 4. Inelegível fora do escopo | AF10: AES Botafogo
Q11: 4. Exclusão do plano | AF11: AES Campo Grande
Q12: 4. Óbito
Q13: 4. Não Captar a pedido da Operadora
Q14: 5. Alta por óbito
Q15: 5. Alta por inelegibilidade
Q16: 5. Alta por múltiplas tentativas
Q17: 5. Alta a pedido - recusa em assinar o termo | AF17: ONCO
Q18: 5. Alta a pedido - perda de interesse | AF18: Local de Acomapanhamento | AG18: CA Confirmado?
Q19: 5. Alta a pedido - mudança de região | AF19: Interno | AG19: Sim
Q20: 5. Alta por exclusão do plano | AF20: Externo | AG20: Não
Q21: 5. Alta por outros motivos | AG21: Investigando
Q22: 5. Alta a pedido da operadora
Q23: 6. Contato sem sucesso
Q24: 7. Em fase de captação
Q25: 8. Não contactado
Q26: 9. Não informado
