Workbook

Sheet Consolidado
A1: Prioridade no Contato? | B1: Data Envio Paciente | C1: Motivo Envio | D1: Origem | E1: MO | F1: Nome do paciente | G1: CPF | H1: Data de Nascimento | I1: Idade | J1: Genero | K1: Estado | L1: Município | M1: Bairro | N1: Nível de Rede | O1: Telefone atualizado | P1: Profissional | Q1: Status BNF Linha | R1: Data de Inclusão | S1: Data da Alta, Inatividade ou Recusa | T1: Status Do Contato | U1: Situação Atual Do Paciente | V1: Tentativa de Contato 1 | W1: Tentativa de Contato 2 | X1: Tentativa de Contato 3 | Y1: Observações Importantes | Z1: Status Pré Consulta Enfermagem | AA1: Data 1ª Consulta de Enfermagem | AB1: Status da 1ª Consulta Enfermagem | AC1: Se reagendado, sinalizar datas | AD1: Complexidade | AE1: Resultado da Escala | AF1: Meta INR | AG1: INR De Admissão | AH1: Local de Acomapanhamento inicial | AI1: Local de Acomapanhamento atual | AJ1: Diagnóstico confirmado? | AK1: Direcionado a HUBS? | AL1: Flag | AM1: Encaminhado p/ Consolidado? | AN1: Linha | AO1: Mês/Ano | AP1: Semana | AQ1: Mês/Ano Inclusão | AR1: Semana Inclusão | AS1: SLA Captação | AT1: SLA Exclusão | AU1: SLA Tent. Contatos | AV1: SLA Consulta | AW1: Ativo/Inativo
A2: Não | B2: 46147 | C2: Transbordo/Navegação | D2: Captado pela Amil/Call Center | E2: 85446146 | F2: RAFAEL TANGANELLI PALLAMIN | G2: 34644803804 | H2: 31458 | I2: 40 | J2: M | K2: SP | L2: CAJAMAR | N2: NÍVEL 450 | O2: 11-997679993 | P2: ISMAEL | Q2: 1. Aceitou o programa | R2: 46171 | T2: Contato Com Sucesso | U2: Ativo | V2: 46149 | W2: 46161 | X2: 46171 | Z2: Agendada | AA2: 46180.653 | AB2: Não realizada - Falta | AL2: Sim | AM2: Sim | AN2: Anticoagulante | AO2: =MONTH(B2)&"/"&YEAR(B2) -> 5/2026 | AP2: =WEEKNUM(B2)-WEEKNUM(EOMONTH(B2,-1)+1)+1 -> 2 | AQ2: =MONTH(R2)&"/"&YEAR(R2) -> 5/2026 | AR2: =WEEKNUM(R2)-WEEKNUM(EOMONTH(R2,-1)+1)+1 -> 5 | AS2: =IF(AW2="S",IF(Q2="1. Aceitou o programa",R2-B2,0),0) -> 0 | AT2: =IF(AW2="S",IF(AND(S2<>"",R2<>""),S2-R2,0),0) -> 0 | AU2: =IF(AW2="S",IF(Q2="1. Aceitou o programa",IF(OR(X2="Não se Aplica",X2=""),IF(OR(W2="Não se Aplica",W2=""),0,W2-V2),AVERAGE(X2-W2,W2-V2)),0),0) -> 0 | AV2: =IF(AW2="S",IF(AND(Q2="1. Aceitou o programa",AB2="Realizada"),IFERROR(IF(AA2="",0,AA2-R2),0),0),0) -> 0 | AW2: =_xlfn.XLOOKUP(W2,'Lista Suspensa'!$AA$20:$AA$23,'Lista Suspensa'!$AB$20:$AB$23,"N/A") -> N/A
A3: Não | B3: 46147 | C3: Transbordo/Navegação | D3: Captado pela Amil/Call Center | E3: 89181160 | F3: MARILIA MARIA MENDES QUINTAL | G3: 18853578858 | H3: 26800 | I3: 53 | J3: F | K3: SP | L3: DIADEMA | N3: NÍVEL 50 | O3: 11-980889917 | P3: ISMAEL | Q3: 5. Alta por exclusão do plano | R3: 46171 | S3: 46181 | T3: Contato Com Sucesso | U3: Fora da Linha | V3: 46161 | W3: 46171 | X3: Não se aplica | Y3: Migração de plano (SulAmerica) | Z3: Agendada | AA3: 46181.472 | AB3: Realizada | AL3: Desflagado | AN3: Anticoagulante | AO3: =MONTH(B3)&"/"&YEAR(B3) -> 5/2026 | AP3: =WEEKNUM(B3)-WEEKNUM(EOMONTH(B3,-1)+1)+1 -> 2 | AQ3: =MONTH(R3)&"/"&YEAR(R3) -> 5/2026 | AR3: =WEEKNUM(R3)-WEEKNUM(EOMONTH(R3,-1)+1)+1 -> 5 | AS3: =IF(AW3="S",IF(Q3="1. Aceitou o programa",R3-B3,0),0) -> 0 | AT3: =IF(AW3="S",IF(AND(S3<>"",R3<>""),S3-R3,0),0) -> 0 | AU3: =IF(AW3="S",IF(Q3="1. Aceitou o programa",IF(OR(X3="Não se Aplica",X3=""),IF(OR(W3="Não se Aplica",W3=""),0,W3-V3),AVERAGE(X3-W3,W3-V3)),0),0) -> 0 | AV3: =IF(AW3="S",IF(AND(Q3="1. Aceitou o programa",AB3="Realizada"),IFERROR(IF(AA3="",0,AA3-R3),0),0),0) -> 0 | AW3: =_xlfn.XLOOKUP(W3,'Lista Suspensa'!$AA$20:$AA$23,'Lista Suspensa'!$AB$20:$AB$23,"N/A") -> N/A
A4: Não | B4: 46147 | C4: Transbordo/Navegação | D4: Captado pela Amil/Call Center | E4: 75036529 | F4: SIDNEI SOARES DO ROSARIO | G4: 89504372791 | H4: 24128 | I4: 60 | J4: M | K4: RJ | L4: RIO DE JANEIRO | N4: NÍVEL 50 | O4: 21-964464107 | P4: ISMAEL | Q4: 1. Aceitou o programa | R4: 46171 | T4: Contato Com Sucesso | U4: Ativo | V4: 46161 | W4: 46171 | X4: Não se aplica | Z4: Agendada | AA4: 46181.542 | AB4: Não realizada - Falta | AL4: Sim | AM4: Sim | AN4: Anticoagulante | AO4: =MONTH(B4)&"/"&YEAR(B4) -> 5/2026 | AP4: =WEEKNUM(B4)-WEEKNUM(EOMONTH(B4,-1)+1)+1 -> 2 | AQ4: =MONTH(R4)&"/"&YEAR(R4) -> 5/2026 | AR4: =WEEKNUM(R4)-WEEKNUM(EOMONTH(R4,-1)+1)+1 -> 5 | AS4: =IF(AW4="S",IF(Q4="1. Aceitou o programa",R4-B4,0),0) -> 0 | AT4: =IF(AW4="S",IF(AND(S4<>"",R4<>""),S4-R4,0),0) -> 0 | AU4: =IF(AW4="S",IF(Q4="1. Aceitou o programa",IF(OR(X4="Não se Aplica",X4=""),IF(OR(W4="Não se Aplica",W4=""),0,W4-V4),AVERAGE(X4-W4,W4-V4)),0),0) -> 0 | AV4: =IF(AW4="S",IF(AND(Q4="1. Aceitou o programa",AB4="Realizada"),IFERROR(IF(AA4="",0,AA4-R4),0),0),0) -> 0 | AW4: =_xlfn.XLOOKUP(W4,'Lista Suspensa'!$AA$20:$AA$23,'Lista Suspensa'!$AB$20:$AB$23,"N/A") -> N/A
A5: Não | B5: 46147 | C5: Transbordo/Navegação | D5: Captado pela Amil/Call Center | E5: 79819936 | F5: JESSICA TELES DE CASTRO | G5: 38914973859 | H5: 33450 | I5: 34 | J5: F | K5: SP | L5: SANTO ANDRE | N5: NÍVEL 60 | O5: 11-959173739 | P5: ISMAEL | Q5: 5. Alta por inelegibilidade | R5: 46171 | S5: 46181 | T5: Contato Com Sucesso | U5: Fora da Linha | V5: 46161 | W5: 46171 | X5: Não se aplica | Z5: Agendada | AA5: 46181.597 | AB5: Realizada | AL5: Desflagado | AN5: Anticoagulante | AO5: =MONTH(B5)&"/"&YEAR(B5) -> 5/2026 | AP5: =WEEKNUM(B5)-WEEKNUM(EOMONTH(B5,-1)+1)+1 -> 2 | AQ5: =MONTH(R5)&"/"&YEAR(R5) -> 5/2026 | AR5: =WEEKNUM(R5)-WEEKNUM(EOMONTH(R5,-1)+1)+1 -> 5 | AS5: =IF(AW5="S",IF(Q5="1. Aceitou o programa",R5-B5,0),0) -> 0 | AT5: =IF(AW5="S",IF(AND(S5<>"",R5<>""),S5-R5,0),0) -> 0 | AU5: =IF(AW5="S",IF(Q5="1. Aceitou o programa",IF(OR(X5="Não se Aplica",X5=""),IF(OR(W5="Não se Aplica",W5=""),0,W5-V5),AVERAGE(X5-W5,W5-V5)),0),0) -> 0 | AV5: =IF(AW5="S",IF(AND(Q5="1. Aceitou o programa",AB5="Realizada"),IFERROR(IF(AA5="",0,AA5-R5),0),0),0) -> 0 | AW5: =_xlfn.XLOOKUP(W5,'Lista Suspensa'!$AA$20:$AA$23,'Lista Suspensa'!$AB$20:$AB$23,"N/A") -> N/A
A6: Não | B6: 46147 | C6: Transbordo/Navegação | D6: Captado pela Amil/Call Center | E6: 89188339 | F6: MARIA DO CARMO PEIXOTO DOS SANTOS | G6: 6942777897 | H6: 23854 | I6: 61 | J6: F | K6: SP | L6: SAO BERNARDO DO CAMPO | N6: NÍVEL 80 | O6: 11-997956469 | P6: ISMAEL | Q6: 1. Aceitou o programa | R6: 46171 | T6: Contato Com Sucesso | U6: Ativo | V6: 46161 | W6: 46171 | X6: Não se aplica | Z6: Agendada | AA6: 46181.556 | AB6: Realizada | AF6: 2,5-3,5 | AG6: 2.93 | AH6: Não Informou | AI6: Não Informou | AJ6: Confirmado | AL6: Sim | AM6: Sim | AN6: Anticoagulante | AO6: =MONTH(B6)&"/"&YEAR(B6) -> 5/2026 | AP6: =WEEKNUM(B6)-WEEKNUM(EOMONTH(B6,-1)+1)+1 -> 2 | AQ6: =MONTH(R6)&"/"&YEAR(R6) -> 5/2026 | AR6: =WEEKNUM(R6)-WEEKNUM(EOMONTH(R6,-1)+1)+1 -> 5 | AS6: =IF(AW6="S",IF(Q6="1. Aceitou o programa",R6-B6,0),0) -> 0 | AT6: =IF(AW6="S",IF(AND(S6<>"",R6<>""),S6-R6,0),0) -> 0 | AU6: =IF(AW6="S",IF(Q6="1. Aceitou o programa",IF(OR(X6="Não se Aplica",X6=""),IF(OR(W6="Não se Aplica",W6=""),0,W6-V6),AVERAGE(X6-W6,W6-V6)),0),0) -> 0 | AV6: =IF(AW6="S",IF(AND(Q6="1. Aceitou o programa",AB6="Realizada"),IFERROR(IF(AA6="",0,AA6-R6),0),0),0) -> 0 | AW6: =_xlfn.XLOOKUP(W6,'Lista Suspensa'!$AA$20:$AA$23,'Lista Suspensa'!$AB$20:$AB$23,"N/A") -> N/A
A7: Não | B7: 46147 | C7: Transbordo/Navegação | D7: Captado pela Amil/Call Center | E7: 774791853 | F7: JOAO ONHA NETO | G7: 57698481891 | H7: 19073 | I7: 74 | J7: M | K7: SP | L7: SAO PAULO | N7: NÍVEL 300 | O7: 11-918465404 | P7: ISMAEL | Q7: 1. Aceitou o programa | R7: 46171 | T7: Contato Com Sucesso | U7: Ativo | V7: 46161 | W7: 46171 | X7: Não se aplica | Z7: Agendada | AA7: 46183 | AB7: Realizada | AL7: Sim | AM7: Sim | AN7: Anticoagulante | AO7: =MONTH(B7)&"/"&YEAR(B7) -> 5/2026 | AP7: =WEEKNUM(B7)-WEEKNUM(EOMONTH(B7,-1)+1)+1 -> 2 | AQ7: =MONTH(R7)&"/"&YEAR(R7) -> 5/2026 | AR7: =WEEKNUM(R7)-WEEKNUM(EOMONTH(R7,-1)+1)+1 -> 5 | AS7: =IF(AW7="S",IF(Q7="1. Aceitou o programa",R7-B7,0),0) -> 0 | AT7: =IF(AW7="S",IF(AND(S7<>"",R7<>""),S7-R7,0),0) -> 0 | AU7: =IF(AW7="S",IF(Q7="1. Aceitou o programa",IF(OR(X7="Não se Aplica",X7=""),IF(OR(W7="Não se Aplica",W7=""),0,W7-V7),AVERAGE(X7-W7,W7-V7)),0),0) -> 0 | AV7: =IF(AW7="S",IF(AND(Q7="1. Aceitou o programa",AB7="Realizada"),IFERROR(IF(AA7="",0,AA7-R7),0),0),0) -> 0 | AW7: =_xlfn.XLOOKUP(W7,'Lista Suspensa'!$AA$20:$AA$23,'Lista Suspensa'!$AB$20:$AB$23,"N/A") -> N/A
A8: Não | B8: 46147 | C8: Transbordo/Navegação | D8: Captado pela Amil/Call Center | E8: 300996381 | F8: JOSE DONIZETI PASSARETTI | G8: 94259348868 | H8: 21493 | I8: 67 | J8: M | K8: SP | L8: SAO PAULO | N8: NÍVEL 600 | O8: 11-940088681 | P8: ISMAEL | Q8: 1. Aceitou o programa | R8: 46171 | T8: Contato Com Sucesso | U8: Ativo | V8: 46161 | W8: 46171 | X8: Não se aplica | Z8: Agendada | AA8: 46181.528 | AB8: Realizada | AL8: Sim | AM8: Sim | AN8: Anticoagulante | AO8: =MONTH(B8)&"/"&YEAR(B8) -> 5/2026 | AP8: =WEEKNUM(B8)-WEEKNUM(EOMONTH(B8,-1)+1)+1 -> 2 | AQ8: =MONTH(R8)&"/"&YEAR(R8) -> 5/2026 | AR8: =WEEKNUM(R8)-WEEKNUM(EOMONTH(R8,-1)+1)+1 -> 5 | AS8: =IF(AW8="S",IF(Q8="1. Aceitou o programa",R8-B8,0),0) -> 0 | AT8: =IF(AW8="S",IF(AND(S8<>"",R8<>""),S8-R8,0),0) -> 0 | AU8: =IF(AW8="S",IF(Q8="1. Aceitou o programa",IF(OR(X8="Não se Aplica",X8=""),IF(OR(W8="Não se Aplica",W8=""),0,W8-V8),AVERAGE(X8-W8,W8-V8)),0),0) -> 0 | AV8: =IF(AW8="S",IF(AND(Q8="1. Aceitou o programa",AB8="Realizada"),IFERROR(IF(AA8="",0,AA8-R8),0),0),0) -> 0 | AW8: =_xlfn.XLOOKUP(W8,'Lista Suspensa'!$AA$20:$AA$23,'Lista Suspensa'!$AB$20:$AB$23,"N/A") -> N/A
A9: Não | B9: 46147 | C9: Transbordo/Navegação | D9: Captado pela Amil/Call Center | E9: 20910320 | F9: LEANDRO DOS SANTOS | G9: 18802713898 | H9: 27016 | I9: 52 | J9: M | K9: SP | L9: SAO PAULO | N9: NÍVEL 400 | O9: 11-941412995 | P9: ISMAEL | Q9: 1. Aceitou o programa | R9: 46171 | T9: Contato Com Sucesso | U9: Ativo | V9: 46161 | W9: 46171 | X9: Não se aplica | Z9: Agendada | AA9: 46181.514 | AB9: Não realizada - Falta | AL9: Sim | AM9: Sim | AN9: Anticoagulante | AO9: =MONTH(B9)&"/"&YEAR(B9) -> 5/2026 | AP9: =WEEKNUM(B9)-WEEKNUM(EOMONTH(B9,-1)+1)+1 -> 2 | AQ9: =MONTH(R9)&"/"&YEAR(R9) -> 5/2026 | AR9: =WEEKNUM(R9)-WEEKNUM(EOMONTH(R9,-1)+1)+1 -> 5 | AS9: =IF(AW9="S",IF(Q9="1. Aceitou o programa",R9-B9,0),0) -> 0 | AT9: =IF(AW9="S",IF(AND(S9<>"",R9<>""),S9-R9,0),0) -> 0 | AU9: =IF(AW9="S",IF(Q9="1. Aceitou o programa",IF(OR(X9="Não se Aplica",X9=""),IF(OR(W9="Não se Aplica",W9=""),0,W9-V9),AVERAGE(X9-W9,W9-V9)),0),0) -> 0 | AV9: =IF(AW9="S",IF(AND(Q9="1. Aceitou o programa",AB9="Realizada"),IFERROR(IF(AA9="",0,AA9-R9),0),0),0) -> 0 | AW9: =_xlfn.XLOOKUP(W9,'Lista Suspensa'!$AA$20:$AA$23,'Lista Suspensa'!$AB$20:$AB$23,"N/A") -> N/A
A10: Sim | B10: 46147 | C10: Transbordo/Navegação | D10: Captado pela Amil/Call Center | E10: 452291500 | F10: ANA PAULA BRITO DOS SANTOS | G10: 34125773831 | H10: 29952 | I10: 44 | J10: F | K10: SP | L10: SAO PAULO | N10: NÍVEL 300 | O10: 11-954400383 | P10: ISMAEL | Q10: 1. Aceitou o programa | R10: 46171 | T10: Contato Com Sucesso | U10: Ativo | V10: 46153 | W10: 46171 | X10: 46164 | Z10: Agendada | AA10: 46181 | AB10: Realizada | AF10: N/A | AG10: N/A | AH10: Hospital Alvorada Moema | AI10: Hospital Alvorada Moema | AJ10: Confirmado | AL10: Sim | AM10: Sim | AN10: Anticoagulante | AO10: =MONTH(B10)&"/"&YEAR(B10) -> 5/2026 | AP10: =WEEKNUM(B10)-WEEKNUM(EOMONTH(B10,-1)+1)+1 -> 2 | AQ10: =MONTH(R10)&"/"&YEAR(R10) -> 5/2026 | AR10: =WEEKNUM(R10)-WEEKNUM(EOMONTH(R10,-1)+1)+1 -> 5 | AS10: =IF(AW10="S",IF(Q10="1. Aceitou o programa",R10-B10,0),0) -> 0 | AT10: =IF(AW10="S",IF(AND(S10<>"",R10<>""),S10-R10,0),0) -> 0 | AU10: =IF(AW10="S",IF(Q10="1. Aceitou o programa",IF(OR(X10="Não se Aplica",X10=""),IF(OR(W10="Não se Aplica",W10=""),0,W10-V10),AVERAGE(X10-W10,W10-V10)),0),0) -> 0 | AV10: =IF(AW10="S",IF(AND(Q10="1. Aceitou o programa",AB10="Realizada"),IFERROR(IF(AA10="",0,AA10-R10),0),0),0) -> 0 | AW10: =_xlfn.XLOOKUP(W10,'Lista Suspensa'!$AA$20:$AA$23,'Lista Suspensa'!$AB$20:$AB$23,"N/A") -> N/A
A11: Não | B11: 46147 | C11: Transbordo/Navegação | D11: Captado pela Amil/Call Center | E11: 812979214 | F11: ANTONIA PINHEIRO MACHADO | G11: 12630875822 | H11: 25955 | I11: 55 | J11: F | K11: SP | L11: SAO PAULO | N11: NÍVEL 100 | O11: 11-965135667 | P11: ISMAEL | Q11: 1. Aceitou o programa | R11: 46171 | T11: Contato Com Sucesso | U11: Ativo | V11: 46161 | W11: 46171 | X11: Não se aplica | Z11: Agendada | AA11: 46181.569 | AB11: Realizada | AF11: 2,5 3,5 | AG11: 2.31 | AH11: Amil - Unidade Avançada Luz Butantã | AI11: Amil - Unidade Avançada Luz Butantã | AJ11: Confirmado | AL11: Sim | AM11: Sim | AN11: Anticoagulante | AO11: =MONTH(B11)&"/"&YEAR(B11) -> 5/2026 | AP11: =WEEKNUM(B11)-WEEKNUM(EOMONTH(B11,-1)+1)+1 -> 2 | AQ11: =MONTH(R11)&"/"&YEAR(R11) -> 5/2026 | AR11: =WEEKNUM(R11)-WEEKNUM(EOMONTH(R11,-1)+1)+1 -> 5 | AS11: =IF(AW11="S",IF(Q11="1. Aceitou o programa",R11-B11,0),0) -> 0 | AT11: =IF(AW11="S",IF(AND(S11<>"",R11<>""),S11-R11,0),0) -> 0 | AU11: =IF(AW11="S",IF(Q11="1. Aceitou o programa",IF(OR(X11="Não se Aplica",X11=""),IF(OR(W11="Não se Aplica",W11=""),0,W11-V11),AVERAGE(X11-W11,W11-V11)),0),0) -> 0 | AV11: =IF(AW11="S",IF(AND(Q11="1. Aceitou o programa",AB11="Realizada"),IFERROR(IF(AA11="",0,AA11-R11),0),0),0) -> 0 | AW11: =_xlfn.XLOOKUP(W11,'Lista Suspensa'!$AA$20:$AA$23,'Lista Suspensa'!$AB$20:$AB$23,"N/A") -> N/A
A12: Não | B12: 46147 | C12: Transbordo/Navegação | D12: Captado pela Amil/Call Center | E12: 94079415 | F12: PATRICIA MARIA DA SILVA | G12: 29917617841 | H12: 30015 | I12: 44 | J12: F | K12: SP | L12: SAO PAULO | N12: NÍVEL 110 | O12: 11-981105130 | P12: ISMAEL | Q12: 5. Alta por inelegibilidade | R12: 46171 | S12: 46181 | T12: Contato Com Sucesso | U12: Fora da Linha | V12: 46161 | W12: 46171 | X12: Não se aplica | Z12: Agendada | AA12: 46181.417 | AB12: Realizada | AJ12: Negativo | AL12: Desflagado | AN12: Anticoagulante | AO12: =MONTH(B12)&"/"&YEAR(B12) -> 5/2026 | AP12: =WEEKNUM(B12)-WEEKNUM(EOMONTH(B12,-1)+1)+1 -> 2 | AQ12: =MONTH(R12)&"/"&YEAR(R12) -> 5/2026 | AR12: =WEEKNUM(R12)-WEEKNUM(EOMONTH(R12,-1)+1)+1 -> 5 | AS12: =IF(AW12="S",IF(Q12="1. Aceitou o programa",R12-B12,0),0) -> 0 | AT12: =IF(AW12="S",IF(AND(S12<>"",R12<>""),S12-R12,0),0) -> 0 | AU12: =IF(AW12="S",IF(Q12="1. Aceitou o programa",IF(OR(X12="Não se Aplica",X12=""),IF(OR(W12="Não se Aplica",W12=""),0,W12-V12),AVERAGE(X12-W12,W12-V12)),0),0) -> 0 | AV12: =IF(AW12="S",IF(AND(Q12="1. Aceitou o programa",AB12="Realizada"),IFERROR(IF(AA12="",0,AA12-R12),0),0),0) -> 0 | AW12: =_xlfn.XLOOKUP(W12,'Lista Suspensa'!$AA$20:$AA$23,'Lista Suspensa'!$AB$20:$AB$23,"N/A") -> N/A
A13: Não | B13: 46147 | C13: Transbordo/Navegação | D13: Captado pela Amil/Call Center | E13: 596340168 | F13: JOSE AILTON DA SILVA | G13: 53492030459 | H13: 23657 | I13: 61 | J13: M | K13: SP | L13: SAO PAULO | N13: NÍVEL 50 | O13: 11-985905292 | P13: ISMAEL | Q13: 1. Aceitou o programa | R13: 46171 | T13: Contato Com Sucesso | U13: Ativo | V13: 46161 | W13: 46171 | X13: Não se aplica | Z13: Agendada | AA13: 46179.569 | AB13: Realizada | AL13: Sim | AM13: Sim | AN13: Anticoagulante | AO13: =MONTH(B13)&"/"&YEAR(B13) -> 5/2026 | AP13: =WEEKNUM(B13)-WEEKNUM(EOMONTH(B13,-1)+1)+1 -> 2 | AQ13: =MONTH(R13)&"/"&YEAR(R13) -> 5/2026 | AR13: =WEEKNUM(R13)-WEEKNUM(EOMONTH(R13,-1)+1)+1 -> 5 | AS13: =IF(AW13="S",IF(Q13="1. Aceitou o programa",R13-B13,0),0) -> 0 | AT13: =IF(AW13="S",IF(AND(S13<>"",R13<>""),S13-R13,0),0) -> 0 | AU13: =IF(AW13="S",IF(Q13="1. Aceitou o programa",IF(OR(X13="Não se Aplica",X13=""),IF(OR(W13="Não se Aplica",W13=""),0,W13-V13),AVERAGE(X13-W13,W13-V13)),0),0) -> 0 | AV13: =IF(AW13="S",IF(AND(Q13="1. Aceitou o programa",AB13="Realizada"),IFERROR(IF(AA13="",0,AA13-R13),0),0),0) -> 0 | AW13: =_xlfn.XLOOKUP(W13,'Lista Suspensa'!$AA$20:$AA$23,'Lista Suspensa'!$AB$20:$AB$23,"N/A") -> N/A
A14: Não | B14: 46147 | C14: Transbordo/Navegação | D14: Captado pela Amil/Call Center | E14: 770743480 | F14: PEDRO GEROMIN | G14: 2229293834 | H14: 16130 | I14: 82 | J14: M | K14: SP | L14: SAO PAULO | N14: NÍVEL 300 | O14: 11-994883501 | P14: ISMAEL | Q14: 1. Aceitou o programa | R14: 46171 | T14: Contato Com Sucesso | U14: Ativo | V14: 46161 | W14: 46171 | X14: Não se aplica | Z14: Agendada | AA14: 46181.611 | AB14: Não realizada - Falta | AL14: Sim | AM14: Sim | AN14: Anticoagulante | AO14: =MONTH(B14)&"/"&YEAR(B14) -> 5/2026 | AP14: =WEEKNUM(B14)-WEEKNUM(EOMONTH(B14,-1)+1)+1 -> 2 | AQ14: =MONTH(R14)&"/"&YEAR(R14) -> 5/2026 | AR14: =WEEKNUM(R14)-WEEKNUM(EOMONTH(R14,-1)+1)+1 -> 5 | AS14: =IF(AW14="S",IF(Q14="1. Aceitou o programa",R14-B14,0),0) -> 0 | AT14: =IF(AW14="S",IF(AND(S14<>"",R14<>""),S14-R14,0),0) -> 0 | AU14: =IF(AW14="S",IF(Q14="1. Aceitou o programa",IF(OR(X14="Não se Aplica",X14=""),IF(OR(W14="Não se Aplica",W14=""),0,W14-V14),AVERAGE(X14-W14,W14-V14)),0),0) -> 0 | AV14: =IF(AW14="S",IF(AND(Q14="1. Aceitou o programa",AB14="Realizada"),IFERROR(IF(AA14="",0,AA14-R14),0),0),0) -> 0 | AW14: =_xlfn.XLOOKUP(W14,'Lista Suspensa'!$AA$20:$AA$23,'Lista Suspensa'!$AB$20:$AB$23,"N/A") -> N/A
A15: Não | B15: 46147 | C15: Transbordo/Navegação | D15: Captado pela Amil/Call Center | E15: 94126070 | F15: AMANDA CORDEIRO WILLWOHL | G15: 39910171805 | H15: 33546 | I15: 34 | J15: F | K15: SP | L15: SAO PAULO | N15: NÍVEL 110 | O15: 11-996807475 | P15: ISMAEL | Q15: 1. Aceitou o programa | R15: 46171 | T15: Contato Com Sucesso | U15: Ativo | V15: 46161 | W15: 46171 | X15: Não se aplica | Z15: Agendada | AA15: 46181.583 | AB15: Realizada | AD15: Baixa | AF15: 2,5 3,5 | AG15: 2.98 | AH15: Amil - Unidade Avançada Luz Butantã | AI15: Amil - Unidade Avançada Luz Butantã | AJ15: Confirmado | AL15: Sim | AM15: Sim | AN15: Anticoagulante | AO15: =MONTH(B15)&"/"&YEAR(B15) -> 5/2026 | AP15: =WEEKNUM(B15)-WEEKNUM(EOMONTH(B15,-1)+1)+1 -> 2 | AQ15: =MONTH(R15)&"/"&YEAR(R15) -> 5/2026 | AR15: =WEEKNUM(R15)-WEEKNUM(EOMONTH(R15,-1)+1)+1 -> 5 | AS15: =IF(AW15="S",IF(Q15="1. Aceitou o programa",R15-B15,0),0) -> 0 | AT15: =IF(AW15="S",IF(AND(S15<>"",R15<>""),S15-R15,0),0) -> 0 | AU15: =IF(AW15="S",IF(Q15="1. Aceitou o programa",IF(OR(X15="Não se Aplica",X15=""),IF(OR(W15="Não se Aplica",W15=""),0,W15-V15),AVERAGE(X15-W15,W15-V15)),0),0) -> 0 | AV15: =IF(AW15="S",IF(AND(Q15="1. Aceitou o programa",AB15="Realizada"),IFERROR(IF(AA15="",0,AA15-R15),0),0),0) -> 0 | AW15: =_xlfn.XLOOKUP(W15,'Lista Suspensa'!$AA$20:$AA$23,'Lista Suspensa'!$AB$20:$AB$23,"N/A") -> N/A
A16: Não | B16: 46147 | C16: Transbordo/Navegação | D16: Captado pela Amil/Call Center | E16: 89386945 | F16: LUIZ ROGERIO DE SOUZA | G16: 13310639819 | H16: 24889 | I16: 58 | J16: M | K16: SP | L16: SAO PAULO | N16: NÍVEL 380 | O16: 11-997884950 | P16: ISMAEL | Q16: 1. Aceitou o programa | R16: 46171 | T16: Contato Com Sucesso | U16: Ativo | V16: 46161 | W16: 46171 | Z16: Agendada | AA16: 46176.556 | AB16: Não realizada - Falta | AL16: Sim | AM16: Sim | AN16: Anticoagulante | AO16: =MONTH(B16)&"/"&YEAR(B16) -> 5/2026 | AP16: =WEEKNUM(B16)-WEEKNUM(EOMONTH(B16,-1)+1)+1 -> 2 | AQ16: =MONTH(R16)&"/"&YEAR(R16) -> 5/2026 | AR16: =WEEKNUM(R16)-WEEKNUM(EOMONTH(R16,-1)+1)+1 -> 5 | AS16: =IF(AW16="S",IF(Q16="1. Aceitou o programa",R16-B16,0),0) -> 0 | AT16: =IF(AW16="S",IF(AND(S16<>"",R16<>""),S16-R16,0),0) -> 0 | AU16: =IF(AW16="S",IF(Q16="1. Aceitou o programa",IF(OR(X16="Não se Aplica",X16=""),IF(OR(W16="Não se Aplica",W16=""),0,W16-V16),AVERAGE(X16-W16,W16-V16)),0),0) -> 0 | AV16: =IF(AW16="S",IF(AND(Q16="1. Aceitou o programa",AB16="Realizada"),IFERROR(IF(AA16="",0,AA16-R16),0),0),0) -> 0 | AW16: =_xlfn.XLOOKUP(W16,'Lista Suspensa'!$AA$20:$AA$23,'Lista Suspensa'!$AB$20:$AB$23,"N/A") -> N/A
A17: Não | B17: 46147 | C17: Transbordo/Navegação | D17: Captado pela Amil/Call Center | E17: 85107055 | F17: WAGNER RODRIGUES DOS REIS | G17: 9591597703 | H17: 30042 | I17: 44 | J17: M | K17: RJ | L17: SAO PAULO | N17: NÍVEL 380 | O17: 21-986108134 | P17: ISMAEL | Q17: 1. Aceitou o programa | R17: 46171 | T17: Contato Com Sucesso | U17: Ativo | V17: 46161 | W17: 46171 | X17: Não se aplica | Z17: Agendada | AA17: 46181.486 | AB17: Realizada | AD17: Baixa | AF17: 2,0 3,0 | AG17: N/A | AH17: Não Informou | AI17: Não Informou | AJ17: Confirmado | AL17: Sim | AM17: Sim | AN17: Anticoagulante | AO17: =MONTH(B17)&"/"&YEAR(B17) -> 5/2026 | AP17: =WEEKNUM(B17)-WEEKNUM(EOMONTH(B17,-1)+1)+1 -> 2 | AQ17: =MONTH(R17)&"/"&YEAR(R17) -> 5/2026 | AR17: =WEEKNUM(R17)-WEEKNUM(EOMONTH(R17,-1)+1)+1 -> 5 | AS17: =IF(AW17="S",IF(Q17="1. Aceitou o programa",R17-B17,0),0) -> 0 | AT17: =IF(AW17="S",IF(AND(S17<>"",R17<>""),S17-R17,0),0) -> 0 | AU17: =IF(AW17="S",IF(Q17="1. Aceitou o programa",IF(OR(X17="Não se Aplica",X17=""),IF(OR(W17="Não se Aplica",W17=""),0,W17-V17),AVERAGE(X17-W17,W17-V17)),0),0) -> 0 | AV17: =IF(AW17="S",IF(AND(Q17="1. Aceitou o programa",AB17="Realizada"),IFERROR(IF(AA17="",0,AA17-R17),0),0),0) -> 0 | AW17: =_xlfn.XLOOKUP(W17,'Lista Suspensa'!$AA$20:$AA$23,'Lista Suspensa'!$AB$20:$AB$23,"N/A") -> N/A
A18: Não | B18: 46147 | C18: Transbordo/Navegação | D18: Captado pela Amil/Call Center | E18: 83007610 | F18: CLAUDIA EVANGELISTA DE OLIVEIRA JORDAO | G18: 68781318715 | H18: 23956 | I18: 60 | J18: F | K18: RJ | L18: CACHOEIRAS DE MACACU | N18: NÍVEL 60 | O18: 21-981946076 | P18: ISMAEL | Q18: 1. Aceitou o programa | R18: 46149 | T18: Contato Com Sucesso | U18: Ativo | V18: 46149 | W18: Não se aplica | X18: Não se aplica | Z18: Agendada | AA18: 46156 | AB18: Realizada | AF18: 2.3 | AG18: 2.3 | AH18: CARDIOLOGISTA - CREDENCIADO ULTIMA CONSULTA HÁ 3 DIAS | AJ18: Confirmado | AL18: Sim | AM18: Sim | AN18: Anticoagulante | AO18: =MONTH(B18)&"/"&YEAR(B18) -> 5/2026 | AP18: =WEEKNUM(B18)-WEEKNUM(EOMONTH(B18,-1)+1)+1 -> 2 | AQ18: =MONTH(R18)&"/"&YEAR(R18) -> 5/2026 | AR18: =WEEKNUM(R18)-WEEKNUM(EOMONTH(R18,-1)+1)+1 -> 2 | AS18: =IF(AW18="S",IF(Q18="1. Aceitou o programa",R18-B18,0),0) -> 0 | AT18: =IF(AW18="S",IF(AND(S18<>"",R18<>""),S18-R18,0),0) -> 0 | AU18: =IF(AW18="S",IF(Q18="1. Aceitou o programa",IF(OR(X18="Não se Aplica",X18=""),IF(OR(W18="Não se Aplica",W18=""),0,W18-V18),AVERAGE(X18-W18,W18-V18)),0),0) -> 0 | AV18: =IF(AW18="S",IF(AND(Q18="1. Aceitou o programa",AB18="Realizada"),IFERROR(IF(AA18="",0,AA18-R18),0),0),0) -> 0 | AW18: =_xlfn.XLOOKUP(W18,'Lista Suspensa'!$AA$20:$AA$23,'Lista Suspensa'!$AB$20:$AB$23,"N/A") -> N/A
A19: Não | B19: 46147 | C19: Transbordo/Navegação | D19: Captado pela Amil/Call Center | E19: 78401806 | F19: CLAUDINEI DA SILVA FREITAS | G19: 18472517810 | H19: 28393 | I19: 48 | J19: M | K19: SP | L19: CARAPICUIBA | N19: NÍVEL 380 | O19: 11-967288344 | P19: ISMAEL | Q19: 1. Aceitou o programa | R19: 46149 | T19: Contato Com Sucesso | U19: Ativo | V19: 46149 | W19: Não se aplica | X19: Não se aplica | Z19: Agendada | AA19: 46156 | AB19: Realizada | AF19: 46125 | AG19: 46125 | AH19: CARDIOLOGIA - HOSP SAMARITANO | AJ19: Confirmado | AL19: Sim | AM19: Sim | AN19: Anticoagulante | AO19: =MONTH(B19)&"/"&YEAR(B19) -> 5/2026 | AP19: =WEEKNUM(B19)-WEEKNUM(EOMONTH(B19,-1)+1)+1 -> 2 | AQ19: =MONTH(R19)&"/"&YEAR(R19) -> 5/2026 | AR19: =WEEKNUM(R19)-WEEKNUM(EOMONTH(R19,-1)+1)+1 -> 2 | AS19: =IF(AW19="S",IF(Q19="1. Aceitou o programa",R19-B19,0),0) -> 0 | AT19: =IF(AW19="S",IF(AND(S19<>"",R19<>""),S19-R19,0),0) -> 0 | AU19: =IF(AW19="S",IF(Q19="1. Aceitou o programa",IF(OR(X19="Não se Aplica",X19=""),IF(OR(W19="Não se Aplica",W19=""),0,W19-V19),AVERAGE(X19-W19,W19-V19)),0),0) -> 0 | AV19: =IF(AW19="S",IF(AND(Q19="1. Aceitou o programa",AB19="Realizada"),IFERROR(IF(AA19="",0,AA19-R19),0),0),0) -> 0 | AW19: =_xlfn.XLOOKUP(W19,'Lista Suspensa'!$AA$20:$AA$23,'Lista Suspensa'!$AB$20:$AB$23,"N/A") -> N/A
A20: Sim | B20: 46147 | C20: Transbordo/Navegação | D20: Captado pela Amil/Call Center | E20: 94565113 | F20: CLAUDINEI CAVEQUIA | G20: 4044801878 | H20: 22928 | I20: 63 | J20: M | K20: SP | L20: CARAPICUIBA | N20: NÍVEL 60 | O20: 11-984696019 | P20: ISMAEL | Q20: 1. Aceitou o programa | R20: 46161 | T20: Contato Com Sucesso | U20: Ativo | V20: 46148 | W20: Não se aplica | X20: Não se aplica | Z20: Agendada | AA20: 46171 | AB20: Realizada | AF20: 2, - 3, | AG20: 1.41 | AL20: Sim | AM20: Sim | AN20: Anticoagulante | AO20: =MONTH(B20)&"/"&YEAR(B20) -> 5/2026 | AP20: =WEEKNUM(B20)-WEEKNUM(EOMONTH(B20,-1)+1)+1 -> 2 | AQ20: =MONTH(R20)&"/"&YEAR(R20) -> 5/2026 | AR20: =WEEKNUM(R20)-WEEKNUM(EOMONTH(R20,-1)+1)+1 -> 4 | AS20: =IF(AW20="S",IF(Q20="1. Aceitou o programa",R20-B20,0),0) -> 0 | AT20: =IF(AW20="S",IF(AND(S20<>"",R20<>""),S20-R20,0),0) -> 0 | AU20: =IF(AW20="S",IF(Q20="1. Aceitou o programa",IF(OR(X20="Não se Aplica",X20=""),IF(OR(W20="Não se Aplica",W20=""),0,W20-V20),AVERAGE(X20-W20,W20-V20)),0),0) -> 0 | AV20: =IF(AW20="S",IF(AND(Q20="1. Aceitou o programa",AB20="Realizada"),IFERROR(IF(AA20="",0,AA20-R20),0),0),0) -> 0 | AW20: =_xlfn.XLOOKUP(W20,'Lista Suspensa'!$AA$20:$AA$23,'Lista Suspensa'!$AB$20:$AB$23,"N/A") -> N/A
A21: Sim | B21: 46147 | C21: Transbordo/Navegação | D21: Captado pela Amil/Call Center | E21: 95663093 | F21: ANTONIO ANSELMO DOS SANTOS JUNIOR | G21: 26132772898 | H21: 28220 | I21: 49 | J21: M | K21: SP | L21: DIADEMA | N21: NÍVEL 60 | O21: 11-960344767 | P21: ISMAEL | Q21: 1. Aceitou o programa | R21: 46148 | T21: Contato Com Sucesso | U21: Ativo | V21: 46148 | W21: Não se aplica | X21: Não se aplica | Z21: Agendada | AA21: 46155 | AB21: Não realizada - Falta | AJ21: Confirmado | AL21: Sim | AM21: Sim | AN21: Anticoagulante | AO21: =MONTH(B21)&"/"&YEAR(B21) -> 5/2026 | AP21: =WEEKNUM(B21)-WEEKNUM(EOMONTH(B21,-1)+1)+1 -> 2 | AQ21: =MONTH(R21)&"/"&YEAR(R21) -> 5/2026 | AR21: =WEEKNUM(R21)-WEEKNUM(EOMONTH(R21,-1)+1)+1 -> 2 | AS21: =IF(AW21="S",IF(Q21="1. Aceitou o programa",R21-B21,0),0) -> 0 | AT21: =IF(AW21="S",IF(AND(S21<>"",R21<>""),S21-R21,0),0) -> 0 | AU21: =IF(AW21="S",IF(Q21="1. Aceitou o programa",IF(OR(X21="Não se Aplica",X21=""),IF(OR(W21="Não se Aplica",W21=""),0,W21-V21),AVERAGE(X21-W21,W21-V21)),0),0) -> 0 | AV21: =IF(AW21="S",IF(AND(Q21="1. Aceitou o programa",AB21="Realizada"),IFERROR(IF(AA21="",0,AA21-R21),0),0),0) -> 0 | AW21: =_xlfn.XLOOKUP(W21,'Lista Suspensa'!$AA$20:$AA$23,'Lista Suspensa'!$AB$20:$AB$23,"N/A") -> N/A
A22: Sim | B22: 46155 | C22: Captação + Navegação | D22: Casos Prioritário - E-mail | E22: 95618846 | F22: ANDERSON FERREIRA NEVES | G22: 31307844898 | H22: 30011 | I22: 44 | J22: M | K22: SP | L22: OSASCO | M22: PIRATININGA | N22: NÍVEL 110 | O22: 11947339050 | P22: ISMAEL | Q22: 1. Aceitou o programa | R22: 46161 | T22: Contato Com Sucesso | U22: Ativo | V22: 46161 | W22: Não se aplica | X22: Não se aplica | Z22: Agendada | AA22: 46170 | AB22: Realizada | AD22: Baixa | AF22: 1.8 | AG22: 1.8 | AH22: Não Informou | AJ22: Confirmado | AL22: Sim | AM22: Sim | AN22: Anticoagulante | AO22: =MONTH(B22)&"/"&YEAR(B22) -> 5/2026 | AP22: =WEEKNUM(B22)-WEEKNUM(EOMONTH(B22,-1)+1)+1 -> 3 | AQ22: =MONTH(R22)&"/"&YEAR(R22) -> 5/2026 | AR22: =WEEKNUM(R22)-WEEKNUM(EOMONTH(R22,-1)+1)+1 -> 4 | AS22: =IF(AW22="S",IF(Q22="1. Aceitou o programa",R22-B22,0),0) -> 0 | AT22: =IF(AW22="S",IF(AND(S22<>"",R22<>""),S22-R22,0),0) -> 0 | AU22: =IF(AW22="S",IF(Q22="1. Aceitou o programa",IF(OR(X22="Não se Aplica",X22=""),IF(OR(W22="Não se Aplica",W22=""),0,W22-V22),AVERAGE(X22-W22,W22-V22)),0),0) -> 0 | AV22: =IF(AW22="S",IF(AND(Q22="1. Aceitou o programa",AB22="Realizada"),IFERROR(IF(AA22="",0,AA22-R22),0),0),0) -> 0 | AW22: =_xlfn.XLOOKUP(W22,'Lista Suspensa'!$AA$20:$AA$23,'Lista Suspensa'!$AB$20:$AB$23,"N/A") -> N/A
A23: Não | B23: 46147 | C23: Transbordo/Navegação | D23: Captado pela Amil/Call Center | E23: 89678263 | F23: JENNIFFER KAROLAYNE SIMOES DE JESUS | G23: 15336198757 | H23: 36564 | I23: 26 | J23: F | K23: RJ | L23: DUQUE DE CAXIAS | N23: NÍVEL 120 | O23: 21-964703647 | P23: ISMAEL | Q23: 1. Aceitou o programa | R23: 46150 | T23: Contato Com Sucesso | U23: Ativo | V23: 46150 | W23: Não se aplica | X23: Não se aplica | Z23: Agendada | AA23: 46157 | AB23: Não realizada - Falta | AJ23: Confirmado | AL23: Sim | AM23: Sim | AN23: Anticoagulante | AO23: =MONTH(B23)&"/"&YEAR(B23) -> 5/2026 | AP23: =WEEKNUM(B23)-WEEKNUM(EOMONTH(B23,-1)+1)+1 -> 2 | AQ23: =MONTH(R23)&"/"&YEAR(R23) -> 5/2026 | AR23: =WEEKNUM(R23)-WEEKNUM(EOMONTH(R23,-1)+1)+1 -> 2 | AS23: =IF(AW23="S",IF(Q23="1. Aceitou o programa",R23-B23,0),0) -> 0 | AT23: =IF(AW23="S",IF(AND(S23<>"",R23<>""),S23-R23,0),0) -> 0 | AU23: =IF(AW23="S",IF(Q23="1. Aceitou o programa",IF(OR(X23="Não se Aplica",X23=""),IF(OR(W23="Não se Aplica",W23=""),0,W23-V23),AVERAGE(X23-W23,W23-V23)),0),0) -> 0 | AV23: =IF(AW23="S",IF(AND(Q23="1. Aceitou o programa",AB23="Realizada"),IFERROR(IF(AA23="",0,AA23-R23),0),0),0) -> 0 | AW23: =_xlfn.XLOOKUP(W23,'Lista Suspensa'!$AA$20:$AA$23,'Lista Suspensa'!$AB$20:$AB$23,"N/A") -> N/A
A24: Não | B24: 46147 | C24: Transbordo/Navegação | D24: Captado pela Amil/Call Center | E24: 94094307 | F24: JOSEFA MARCIA DE SOUZA CARVALHO AMORIM | G24: 7271761454 | H24: 32709 | I24: 36 | J24: F | K24: SP | L24: EMBU DAS ARTES | N24: NÍVEL 60 | O24: 11-961014338 | P24: ISMAEL | Q24: 1. Aceitou o programa | R24: 46150 | T24: Contato Com Sucesso | U24: Ativo | V24: 46150 | W24: Não se aplica | X24: Não se aplica | Z24: Agendada | AA24: 46157 | AB24: Realizada | AJ24: Confirmado | AL24: Sim | AM24: Sim | AN24: Anticoagulante | AO24: =MONTH(B24)&"/"&YEAR(B24) -> 5/2026 | AP24: =WEEKNUM(B24)-WEEKNUM(EOMONTH(B24,-1)+1)+1 -> 2 | AQ24: =MONTH(R24)&"/"&YEAR(R24) -> 5/2026 | AR24: =WEEKNUM(R24)-WEEKNUM(EOMONTH(R24,-1)+1)+1 -> 2 | AS24: =IF(AW24="S",IF(Q24="1. Aceitou o programa",R24-B24,0),0) -> 0 | AT24: =IF(AW24="S",IF(AND(S24<>"",R24<>""),S24-R24,0),0) -> 0 | AU24: =IF(AW24="S",IF(Q24="1. Aceitou o programa",IF(OR(X24="Não se Aplica",X24=""),IF(OR(W24="Não se Aplica",W24=""),0,W24-V24),AVERAGE(X24-W24,W24-V24)),0),0) -> 0 | AV24: =IF(AW24="S",IF(AND(Q24="1. Aceitou o programa",AB24="Realizada"),IFERROR(IF(AA24="",0,AA24-R24),0),0),0) -> 0 | AW24: =_xlfn.XLOOKUP(W24,'Lista Suspensa'!$AA$20:$AA$23,'Lista Suspensa'!$AB$20:$AB$23,"N/A") -> N/A
A25: Não | B25: 46147 | C25: Transbordo/Navegação | D25: Captado pela Amil/Call Center | E25: 89546544 | F25: JOCELIO DANTAS DANIEL | G25: 28462431824 | H25: 29150 | I25: 46 | J25: M | K25: SP | L25: EMBU DAS ARTES | N25: NÍVEL 80 | O25: 11-988627369 | P25: ISMAEL | Q25: 1. Aceitou o programa | R25: 46150 | T25: Contato Com Sucesso | U25: Ativo | V25: 46150 | W25: Não se aplica | X25: Não se aplica | Z25: Agendada | AA25: 46157 | AB25: Não realizada - Falta | AJ25: Confirmado | AL25: Sim | AM25: Sim | AN25: Anticoagulante | AO25: =MONTH(B25)&"/"&YEAR(B25) -> 5/2026 | AP25: =WEEKNUM(B25)-WEEKNUM(EOMONTH(B25,-1)+1)+1 -> 2 | AQ25: =MONTH(R25)&"/"&YEAR(R25) -> 5/2026 | AR25: =WEEKNUM(R25)-WEEKNUM(EOMONTH(R25,-1)+1)+1 -> 2 | AS25: =IF(AW25="S",IF(Q25="1. Aceitou o programa",R25-B25,0),0) -> 0 | AT25: =IF(AW25="S",IF(AND(S25<>"",R25<>""),S25-R25,0),0) -> 0 | AU25: =IF(AW25="S",IF(Q25="1. Aceitou o programa",IF(OR(X25="Não se Aplica",X25=""),IF(OR(W25="Não se Aplica",W25=""),0,W25-V25),AVERAGE(X25-W25,W25-V25)),0),0) -> 0 | AV25: =IF(AW25="S",IF(AND(Q25="1. Aceitou o programa",AB25="Realizada"),IFERROR(IF(AA25="",0,AA25-R25),0),0),0) -> 0 | AW25: =_xlfn.XLOOKUP(W25,'Lista Suspensa'!$AA$20:$AA$23,'Lista Suspensa'!$AB$20:$AB$23,"N/A") -> N/A
A26: Não | B26: 46147 | C26: Transbordo/Navegação | D26: Captado pela Amil/Call Center | E26: 89375027 | F26: LEANDRO KUNRT | G26: 42347573810 | H26: 32433 | I26: 37 | J26: M | K26: SP | L26: FERRAZ DE VASCONCELOS | N26: NÍVEL 380 | O26: 11-989190044 | P26: ISMAEL | Q26: 1. Aceitou o programa | R26: 46150 | T26: Contato Com Sucesso | U26: Ativo | V26: 46150 | W26: Não se aplica | X26: Não se aplica | Z26: Agendada | AA26: 46157 | AB26: Não realizada - Falta | AJ26: Confirmado | AL26: Sim | AM26: Sim | AN26: Anticoagulante | AO26: =MONTH(B26)&"/"&YEAR(B26) -> 5/2026 | AP26: =WEEKNUM(B26)-WEEKNUM(EOMONTH(B26,-1)+1)+1 -> 2 | AQ26: =MONTH(R26)&"/"&YEAR(R26) -> 5/2026 | AR26: =WEEKNUM(R26)-WEEKNUM(EOMONTH(R26,-1)+1)+1 -> 2 | AS26: =IF(AW26="S",IF(Q26="1. Aceitou o programa",R26-B26,0),0) -> 0 | AT26: =IF(AW26="S",IF(AND(S26<>"",R26<>""),S26-R26,0),0) -> 0 | AU26: =IF(AW26="S",IF(Q26="1. Aceitou o programa",IF(OR(X26="Não se Aplica",X26=""),IF(OR(W26="Não se Aplica",W26=""),0,W26-V26),AVERAGE(X26-W26,W26-V26)),0),0) -> 0 | AV26: =IF(AW26="S",IF(AND(Q26="1. Aceitou o programa",AB26="Realizada"),IFERROR(IF(AA26="",0,AA26-R26),0),0),0) -> 0 | AW26: =_xlfn.XLOOKUP(W26,'Lista Suspensa'!$AA$20:$AA$23,'Lista Suspensa'!$AB$20:$AB$23,"N/A") -> N/A
A27: Não | B27: 46147 | C27: Transbordo/Navegação | D27: Captado pela Amil/Call Center | E27: 594217326 | F27: MARCIA RODRIGUES DE JESUS SIDO | G27: 8688603871 | H27: 24246 | I27: 60 | J27: F | K27: SP | L27: GUARULHOS | N27: NÍVEL 50 | O27: 11-912753132 | P27: ISMAEL | Q27: 1. Aceitou o programa | R27: 46161 | T27: Contato Com Sucesso | U27: Ativo | V27: 46150 | W27: Não se aplica | X27: Não se aplica | Z27: Agendada | AA27: 46170 | AB27: Não realizada - Falta | AL27: Sim | AM27: Sim | AN27: Anticoagulante | AO27: =MONTH(B27)&"/"&YEAR(B27) -> 5/2026 | AP27: =WEEKNUM(B27)-WEEKNUM(EOMONTH(B27,-1)+1)+1 -> 2 | AQ27: =MONTH(R27)&"/"&YEAR(R27) -> 5/2026 | AR27: =WEEKNUM(R27)-WEEKNUM(EOMONTH(R27,-1)+1)+1 -> 4 | AS27: =IF(AW27="S",IF(Q27="1. Aceitou o programa",R27-B27,0),0) -> 0 | AT27: =IF(AW27="S",IF(AND(S27<>"",R27<>""),S27-R27,0),0) -> 0 | AU27: =IF(AW27="S",IF(Q27="1. Aceitou o programa",IF(OR(X27="Não se Aplica",X27=""),IF(OR(W27="Não se Aplica",W27=""),0,W27-V27),AVERAGE(X27-W27,W27-V27)),0),0) -> 0 | AV27: =IF(AW27="S",IF(AND(Q27="1. Aceitou o programa",AB27="Realizada"),IFERROR(IF(AA27="",0,AA27-R27),0),0),0) -> 0 | AW27: =_xlfn.XLOOKUP(W27,'Lista Suspensa'!$AA$20:$AA$23,'Lista Suspensa'!$AB$20:$AB$23,"N/A") -> N/A
A28: Não | B28: 46147 | C28: Transbordo/Navegação | D28: Captado pela Amil/Call Center | E28: 92925523 | F28: THAMIRES RODRIGUES CAVALCANTI DA SILVA | G28: 39146124870 | H28: 33486 | I28: 34 | J28: F | K28: SP | L28: GUARULHOS | N28: NÍVEL 60 | O28: 11-965379441 | P28: ISMAEL | Q28: 1. Aceitou o programa | R28: 46161 | T28: Contato Com Sucesso | U28: Ativo | V28: 46150 | W28: Não se aplica | X28: Não se aplica | Z28: Agendada | AA28: 46169 | AB28: Realizada | AC28: 46178.597 | AL28: Sim | AM28: Sim | AN28: Anticoagulante | AO28: =MONTH(B28)&"/"&YEAR(B28) -> 5/2026 | AP28: =WEEKNUM(B28)-WEEKNUM(EOMONTH(B28,-1)+1)+1 -> 2 | AQ28: =MONTH(R28)&"/"&YEAR(R28) -> 5/2026 | AR28: =WEEKNUM(R28)-WEEKNUM(EOMONTH(R28,-1)+1)+1 -> 4 | AS28: =IF(AW28="S",IF(Q28="1. Aceitou o programa",R28-B28,0),0) -> 0 | AT28: =IF(AW28="S",IF(AND(S28<>"",R28<>""),S28-R28,0),0) -> 0 | AU28: =IF(AW28="S",IF(Q28="1. Aceitou o programa",IF(OR(X28="Não se Aplica",X28=""),IF(OR(W28="Não se Aplica",W28=""),0,W28-V28),AVERAGE(X28-W28,W28-V28)),0),0) -> 0 | AV28: =IF(AW28="S",IF(AND(Q28="1. Aceitou o programa",AB28="Realizada"),IFERROR(IF(AA28="",0,AA28-R28),0),0),0) -> 0 | AW28: =_xlfn.XLOOKUP(W28,'Lista Suspensa'!$AA$20:$AA$23,'Lista Suspensa'!$AB$20:$AB$23,"N/A") -> N/A
A29: Não | B29: 46147 | C29: Transbordo/Navegação | D29: Captado pela Amil/Call Center | E29: 779795792 | F29: GENERINA SOUSA LEAL | G29: 11121949835 | H29: 24741 | I29: 58 | J29: F | K29: SP | L29: GUARULHOS | N29: NÍVEL 400 | O29: 11-981729598 | P29: ISMAEL | Q29: 1. Aceitou o programa | R29: 46150 | T29: Contato Com Sucesso | U29: Ativo | V29: 46150 | W29: Não se aplica | X29: Não se aplica | Z29: Agendada | AA29: 46157 | AB29: Não realizada - Falta | AJ29: Confirmado | AL29: Sim | AM29: Sim | AN29: Anticoagulante | AO29: =MONTH(B29)&"/"&YEAR(B29) -> 5/2026 | AP29: =WEEKNUM(B29)-WEEKNUM(EOMONTH(B29,-1)+1)+1 -> 2 | AQ29: =MONTH(R29)&"/"&YEAR(R29) -> 5/2026 | AR29: =WEEKNUM(R29)-WEEKNUM(EOMONTH(R29,-1)+1)+1 -> 2 | AS29: =IF(AW29="S",IF(Q29="1. Aceitou o programa",R29-B29,0),0) -> 0 | AT29: =IF(AW29="S",IF(AND(S29<>"",R29<>""),S29-R29,0),0) -> 0 | AU29: =IF(AW29="S",IF(Q29="1. Aceitou o programa",IF(OR(X29="Não se Aplica",X29=""),IF(OR(W29="Não se Aplica",W29=""),0,W29-V29),AVERAGE(X29-W29,W29-V29)),0),0) -> 0 | AV29: =IF(AW29="S",IF(AND(Q29="1. Aceitou o programa",AB29="Realizada"),IFERROR(IF(AA29="",0,AA29-R29),0),0),0) -> 0 | AW29: =_xlfn.XLOOKUP(W29,'Lista Suspensa'!$AA$20:$AA$23,'Lista Suspensa'!$AB$20:$AB$23,"N/A") -> N/A
A30: Não | B30: 46147 | C30: Transbordo/Navegação | D30: Captado pela Amil/Call Center | E30: 96630691 | F30: FABIANA ARAUJO MOREIRA COELHO | G30: 9971591464 | H30: 33835 | I30: 33 | J30: F | K30: SP | L30: GUARULHOS | N30: NÍVEL 60 | O30: 11-992417387 | P30: ISMAEL | Q30: 1. Aceitou o programa | R30: 46150 | T30: Contato Com Sucesso | U30: Ativo | V30: 46150 | W30: Não se aplica | X30: Não se aplica | Z30: Agendada | AA30: 46157 | AB30: Realizada | AJ30: Confirmado | AL30: Sim | AM30: Sim | AN30: Anticoagulante | AO30: =MONTH(B30)&"/"&YEAR(B30) -> 5/2026 | AP30: =WEEKNUM(B30)-WEEKNUM(EOMONTH(B30,-1)+1)+1 -> 2 | AQ30: =MONTH(R30)&"/"&YEAR(R30) -> 5/2026 | AR30: =WEEKNUM(R30)-WEEKNUM(EOMONTH(R30,-1)+1)+1 -> 2 | AS30: =IF(AW30="S",IF(Q30="1. Aceitou o programa",R30-B30,0),0) -> 0 | AT30: =IF(AW30="S",IF(AND(S30<>"",R30<>""),S30-R30,0),0) -> 0 | AU30: =IF(AW30="S",IF(Q30="1. Aceitou o programa",IF(OR(X30="Não se Aplica",X30=""),IF(OR(W30="Não se Aplica",W30=""),0,W30-V30),AVERAGE(X30-W30,W30-V30)),0),0) -> 0 | AV30: =IF(AW30="S",IF(AND(Q30="1. Aceitou o programa",AB30="Realizada"),IFERROR(IF(AA30="",0,AA30-R30),0),0),0) -> 0 | AW30: =_xlfn.XLOOKUP(W30,'Lista Suspensa'!$AA$20:$AA$23,'Lista Suspensa'!$AB$20:$AB$23,"N/A") -> N/A
A31: Não | B31: 46147 | C31: Transbordo/Navegação | D31: Captado pela Amil/Call Center | E31: 094956702 | F31: Andreza Braga Luiz | G31: 29938784844 | H31: 28439 | I31: 48 | J31: F | K31: SP | L31: SAO PAULO | M31: JARAGUA | N31: 60 | O31: 11995016267 | P31: ISMAEL | Q31: 5. Alta por outros motivos | R31: 46161 | S31: 46178 | T31: Contato Com Sucesso | U31: Fora da Linha | V31: 46161 | W31: Não se aplica | X31: Não se aplica | Y31: CONTATO INCORRETO | Z31: Agendada | AA31: 46178 | AB31: Não realizada - Falta | AC31: 46178.653 | AL31: Desflagado | AM31: Sim | AN31: Anticoagulante | AO31: =MONTH(B31)&"/"&YEAR(B31) -> 5/2026 | AP31: =WEEKNUM(B31)-WEEKNUM(EOMONTH(B31,-1)+1)+1 -> 2 | AQ31: =MONTH(R31)&"/"&YEAR(R31) -> 5/2026 | AR31: =WEEKNUM(R31)-WEEKNUM(EOMONTH(R31,-1)+1)+1 -> 4 | AS31: =IF(AW31="S",IF(Q31="1. Aceitou o programa",R31-B31,0),0) -> 0 | AT31: =IF(AW31="S",IF(AND(S31<>"",R31<>""),S31-R31,0),0) -> 0 | AU31: =IF(AW31="S",IF(Q31="1. Aceitou o programa",IF(OR(X31="Não se Aplica",X31=""),IF(OR(W31="Não se Aplica",W31=""),0,W31-V31),AVERAGE(X31-W31,W31-V31)),0),0) -> 0 | AV31: =IF(AW31="S",IF(AND(Q31="1. Aceitou o programa",AB31="Realizada"),IFERROR(IF(AA31="",0,AA31-R31),0),0),0) -> 0 | AW31: =_xlfn.XLOOKUP(W31,'Lista Suspensa'!$AA$20:$AA$23,'Lista Suspensa'!$AB$20:$AB$23,"N/A") -> N/A
A32: Não | B32: 46147 | C32: Transbordo/Navegação | D32: Captado pela Amil/Call Center | E32: 92776986 | F32: JOSE CLAUDIO DE JESUS | G32: 6491505898 | H32: 23503 | I32: 62 | J32: M | K32: SP | L32: GUARULHOS | N32: NÍVEL 40 | O32: 11-998759859 | P32: ISMAEL | Q32: 1. Aceitou o programa | R32: 46150 | T32: Contato Com Sucesso | U32: Ativo | V32: 46150 | W32: Não se aplica | X32: Não se aplica | Z32: Agendada | AA32: 46157 | AB32: Não realizada - Falta | AJ32: Confirmado | AL32: Sim | AM32: Sim | AN32: Anticoagulante | AO32: =MONTH(B32)&"/"&YEAR(B32) -> 5/2026 | AP32: =WEEKNUM(B32)-WEEKNUM(EOMONTH(B32,-1)+1)+1 -> 2 | AQ32: =MONTH(R32)&"/"&YEAR(R32) -> 5/2026 | AR32: =WEEKNUM(R32)-WEEKNUM(EOMONTH(R32,-1)+1)+1 -> 2 | AS32: =IF(AW32="S",IF(Q32="1. Aceitou o programa",R32-B32,0),0) -> 0 | AT32: =IF(AW32="S",IF(AND(S32<>"",R32<>""),S32-R32,0),0) -> 0 | AU32: =IF(AW32="S",IF(Q32="1. Aceitou o programa",IF(OR(X32="Não se Aplica",X32=""),IF(OR(W32="Não se Aplica",W32=""),0,W32-V32),AVERAGE(X32-W32,W32-V32)),0),0) -> 0 | AV32: =IF(AW32="S",IF(AND(Q32="1. Aceitou o programa",AB32="Realizada"),IFERROR(IF(AA32="",0,AA32-R32),0),0),0) -> 0 | AW32: =_xlfn.XLOOKUP(W32,'Lista Suspensa'!$AA$20:$AA$23,'Lista Suspensa'!$AB$20:$AB$23,"N/A") -> N/A
A33: Não | B33: 46147 | C33: Transbordo/Navegação | D33: Captado pela Amil/Call Center | E33: 93576426 | F33: RITA BETANIA DINIZ PEREIRA | G33: 18758099883 | H33: 25934 | I33: 55 | J33: F | K33: SP | L33: GUARULHOS | N33: NÍVEL 110 | O33: 11959754352 | P33: ISMAEL | Q33: 1. Aceitou o programa | R33: 46170 | T33: Contato Com Sucesso | U33: Ativo | V33: 46154 | W33: 46161 | X33: 46171 | Z33: Agendada | AA33: 46148 | AB33: Realizada | AL33: Sim | AM33: Sim | AN33: Anticoagulante | AO33: =MONTH(B33)&"/"&YEAR(B33) -> 5/2026 | AP33: =WEEKNUM(B33)-WEEKNUM(EOMONTH(B33,-1)+1)+1 -> 2 | AQ33: =MONTH(R33)&"/"&YEAR(R33) -> 5/2026 | AR33: =WEEKNUM(R33)-WEEKNUM(EOMONTH(R33,-1)+1)+1 -> 5 | AS33: =IF(AW33="S",IF(Q33="1. Aceitou o programa",R33-B33,0),0) -> 0 | AT33: =IF(AW33="S",IF(AND(S33<>"",R33<>""),S33-R33,0),0) -> 0 | AU33: =IF(AW33="S",IF(Q33="1. Aceitou o programa",IF(OR(X33="Não se Aplica",X33=""),IF(OR(W33="Não se Aplica",W33=""),0,W33-V33),AVERAGE(X33-W33,W33-V33)),0),0) -> 0 | AV33: =IF(AW33="S",IF(AND(Q33="1. Aceitou o programa",AB33="Realizada"),IFERROR(IF(AA33="",0,AA33-R33),0),0),0) -> 0 | AW33: =_xlfn.XLOOKUP(W33,'Lista Suspensa'!$AA$20:$AA$23,'Lista Suspensa'!$AB$20:$AB$23,"N/A") -> N/A
A34: Não | B34: 46147 | C34: Transbordo/Navegação | D34: Captado pela Amil/Call Center | E34: 89367611 | F34: MARCELY CARDOSO BATISTA SANTOS | G34: 8992259506 | H34: 36675 | I34: 25 | J34: F | K34: SP | L34: ITAPEVI | N34: NÍVEL 60 | O34: 71-981997404 | P34: ISMAEL | Q34: 1. Aceitou o programa | R34: 46153 | T34: Contato Com Sucesso | U34: Ativo | V34: 46153 | W34: Não se aplica | X34: Não se aplica | Z34: Agendada | AA34: 46160 | AB34: Não realizada - Falta | AH34: Interno - Amil Geral | AJ34: Confirmado | AL34: Sim | AM34: Sim | AN34: Anticoagulante | AO34: =MONTH(B34)&"/"&YEAR(B34) -> 5/2026 | AP34: =WEEKNUM(B34)-WEEKNUM(EOMONTH(B34,-1)+1)+1 -> 2 | AQ34: =MONTH(R34)&"/"&YEAR(R34) -> 5/2026 | AR34: =WEEKNUM(R34)-WEEKNUM(EOMONTH(R34,-1)+1)+1 -> 3 | AS34: =IF(AW34="S",IF(Q34="1. Aceitou o programa",R34-B34,0),0) -> 0 | AT34: =IF(AW34="S",IF(AND(S34<>"",R34<>""),S34-R34,0),0) -> 0 | AU34: =IF(AW34="S",IF(Q34="1. Aceitou o programa",IF(OR(X34="Não se Aplica",X34=""),IF(OR(W34="Não se Aplica",W34=""),0,W34-V34),AVERAGE(X34-W34,W34-V34)),0),0) -> 0 | AV34: =IF(AW34="S",IF(AND(Q34="1. Aceitou o programa",AB34="Realizada"),IFERROR(IF(AA34="",0,AA34-R34),0),0),0) -> 0 | AW34: =_xlfn.XLOOKUP(W34,'Lista Suspensa'!$AA$20:$AA$23,'Lista Suspensa'!$AB$20:$AB$23,"N/A") -> N/A
A35: Não | B35: 46147 | C35: Transbordo/Navegação | D35: Captado pela Amil/Call Center | E35: 81717396 | F35: NICOLAU CONCEICAO DOS SANTOS | G35: 50494899549 | H35: 25758 | I35: 55 | J35: M | K35: SP | L35: ITAQUAQUECETUBA | N35: NÍVEL 60 | O35: 11-984641752 | P35: ISMAEL | Q35: 1. Aceitou o programa | R35: 46154 | T35: Contato Com Sucesso | U35: Ativo | V35: 46153 | W35: 46154 | X35: Não se aplica | Z35: Agendada | AA35: 46161 | AB35: Realizada | AF35: 2.7 | AG35: 2.7 | AH35: Interno - Amil Geral | AJ35: Confirmado | AL35: Sim | AM35: Sim | AN35: Anticoagulante | AO35: =MONTH(B35)&"/"&YEAR(B35) -> 5/2026 | AP35: =WEEKNUM(B35)-WEEKNUM(EOMONTH(B35,-1)+1)+1 -> 2 | AQ35: =MONTH(R35)&"/"&YEAR(R35) -> 5/2026 | AR35: =WEEKNUM(R35)-WEEKNUM(EOMONTH(R35,-1)+1)+1 -> 3 | AS35: =IF(AW35="S",IF(Q35="1. Aceitou o programa",R35-B35,0),0) -> 0 | AT35: =IF(AW35="S",IF(AND(S35<>"",R35<>""),S35-R35,0),0) -> 0 | AU35: =IF(AW35="S",IF(Q35="1. Aceitou o programa",IF(OR(X35="Não se Aplica",X35=""),IF(OR(W35="Não se Aplica",W35=""),0,W35-V35),AVERAGE(X35-W35,W35-V35)),0),0) -> 0 | AV35: =IF(AW35="S",IF(AND(Q35="1. Aceitou o programa",AB35="Realizada"),IFERROR(IF(AA35="",0,AA35-R35),0),0),0) -> 0 | AW35: =_xlfn.XLOOKUP(W35,'Lista Suspensa'!$AA$20:$AA$23,'Lista Suspensa'!$AB$20:$AB$23,"N/A") -> N/A
A36: Não | B36: 46147 | C36: Transbordo/Navegação | D36: Captado pela Amil/Call Center | E36: 87268626 | F36: GLAUCIA MARTINS MAY SPENGLER | G36: 89063341920 | H36: 27380 | I36: 51 | J36: F | K36: SC | L36: JOINVILLE | N36: NÍVEL 350 | O36: 47988029375 | P36: ISMAEL | Q36: 1. Aceitou o programa | R36: 46153 | T36: Contato Com Sucesso | U36: Ativo | V36: 46153 | W36: Não se aplica | X36: Não se aplica | Z36: Agendada | AA36: 46154 | AB36: Realizada | AJ36: Confirmado | AL36: Sim | AM36: Sim | AN36: Anticoagulante | AO36: =MONTH(B36)&"/"&YEAR(B36) -> 5/2026 | AP36: =WEEKNUM(B36)-WEEKNUM(EOMONTH(B36,-1)+1)+1 -> 2 | AQ36: =MONTH(R36)&"/"&YEAR(R36) -> 5/2026 | AR36: =WEEKNUM(R36)-WEEKNUM(EOMONTH(R36,-1)+1)+1 -> 3 | AS36: =IF(AW36="S",IF(Q36="1. Aceitou o programa",R36-B36,0),0) -> 0 | AT36: =IF(AW36="S",IF(AND(S36<>"",R36<>""),S36-R36,0),0) -> 0 | AU36: =IF(AW36="S",IF(Q36="1. Aceitou o programa",IF(OR(X36="Não se Aplica",X36=""),IF(OR(W36="Não se Aplica",W36=""),0,W36-V36),AVERAGE(X36-W36,W36-V36)),0),0) -> 0 | AV36: =IF(AW36="S",IF(AND(Q36="1. Aceitou o programa",AB36="Realizada"),IFERROR(IF(AA36="",0,AA36-R36),0),0),0) -> 0 | AW36: =_xlfn.XLOOKUP(W36,'Lista Suspensa'!$AA$20:$AA$23,'Lista Suspensa'!$AB$20:$AB$23,"N/A") -> N/A
A37: Não | B37: 46147 | C37: Transbordo/Navegação | D37: Captado pela Amil/Call Center | E37: 87486978 | F37: GEOVANNA DE AQUINO CORDEIRO | G37: 50377921858 | H37: 36950 | I37: 25 | J37: F | K37: SP | L37: MAUA | N37: NÍVEL 110 | O37: 11-993213196 | P37: ISMAEL | Q37: 1. Aceitou o programa | R37: 46153 | T37: Contato Com Sucesso | U37: Ativo | V37: 46153 | W37: Não se aplica | X37: Não se aplica | Z37: Agendada | AA37: 46155 | AB37: Não realizada - Falta | AH37: Interno - Amil Geral | AJ37: Confirmado | AL37: Sim | AM37: Sim | AN37: Anticoagulante | AO37: =MONTH(B37)&"/"&YEAR(B37) -> 5/2026 | AP37: =WEEKNUM(B37)-WEEKNUM(EOMONTH(B37,-1)+1)+1 -> 2 | AQ37: =MONTH(R37)&"/"&YEAR(R37) -> 5/2026 | AR37: =WEEKNUM(R37)-WEEKNUM(EOMONTH(R37,-1)+1)+1 -> 3 | AS37: =IF(AW37="S",IF(Q37="1. Aceitou o programa",R37-B37,0),0) -> 0 | AT37: =IF(AW37="S",IF(AND(S37<>"",R37<>""),S37-R37,0),0) -> 0 | AU37: =IF(AW37="S",IF(Q37="1. Aceitou o programa",IF(OR(X37="Não se Aplica",X37=""),IF(OR(W37="Não se Aplica",W37=""),0,W37-V37),AVERAGE(X37-W37,W37-V37)),0),0) -> 0 | AV37: =IF(AW37="S",IF(AND(Q37="1. Aceitou o programa",AB37="Realizada"),IFERROR(IF(AA37="",0,AA37-R37),0),0),0) -> 0 | AW37: =_xlfn.XLOOKUP(W37,'Lista Suspensa'!$AA$20:$AA$23,'Lista Suspensa'!$AB$20:$AB$23,"N/A") -> N/A
A38: Não | B38: 46147 | C38: Transbordo/Navegação | D38: Captado pela Amil/Call Center | E38: 87861654 | F38: MARCELO DE SOUZA TAVEIRA | G38: 19427273720 | H38: 36603 | I38: 26 | J38: M | K38: RJ | L38: NOVA IGUAÇU | N38: NÍVEL 80 | O38: 21-969018694 | P38: ISMAEL | Q38: 1. Aceitou o programa | R38: 46153 | T38: Contato Com Sucesso | U38: Ativo | V38: 46153 | W38: Não se aplica | X38: Não se aplica | Z38: Agendada | AA38: 46155 | AB38: Não realizada - Falta | AH38: Interno - Amil Geral | AJ38: Confirmado | AL38: Sim | AM38: Sim | AN38: Anticoagulante | AO38: =MONTH(B38)&"/"&YEAR(B38) -> 5/2026 | AP38: =WEEKNUM(B38)-WEEKNUM(EOMONTH(B38,-1)+1)+1 -> 2 | AQ38: =MONTH(R38)&"/"&YEAR(R38) -> 5/2026 | AR38: =WEEKNUM(R38)-WEEKNUM(EOMONTH(R38,-1)+1)+1 -> 3 | AS38: =IF(AW38="S",IF(Q38="1. Aceitou o programa",R38-B38,0),0) -> 0 | AT38: =IF(AW38="S",IF(AND(S38<>"",R38<>""),S38-R38,0),0) -> 0 | AU38: =IF(AW38="S",IF(Q38="1. Aceitou o programa",IF(OR(X38="Não se Aplica",X38=""),IF(OR(W38="Não se Aplica",W38=""),0,W38-V38),AVERAGE(X38-W38,W38-V38)),0),0) -> 0 | AV38: =IF(AW38="S",IF(AND(Q38="1. Aceitou o programa",AB38="Realizada"),IFERROR(IF(AA38="",0,AA38-R38),0),0),0) -> 0 | AW38: =_xlfn.XLOOKUP(W38,'Lista Suspensa'!$AA$20:$AA$23,'Lista Suspensa'!$AB$20:$AB$23,"N/A") -> N/A
A39: Não | B39: 46147 | C39: Transbordo/Navegação | D39: Captado pela Amil/Call Center | E39: 94030876 | F39: ADRIANA DOS SANTOS NASCIMENTO DUARTE | G39: 11136276700 | H39: 31033 | I39: 41 | J39: F | K39: RJ | L39: NOVA IGUAÇU | N39: NÍVEL 500 | O39: 21-984151272 | P39: ISMAEL | Q39: 1. Aceitou o programa | R39: 46161 | T39: Contato Com Sucesso | U39: Ativo | V39: 46148 | W39: Não se aplica | X39: Não se aplica | Z39: Agendada | AA39: 46170 | AB39: Não realizada - Falta | AC39: 46180.569 | AL39: Sim | AM39: Sim | AN39: Anticoagulante | AO39: =MONTH(B39)&"/"&YEAR(B39) -> 5/2026 | AP39: =WEEKNUM(B39)-WEEKNUM(EOMONTH(B39,-1)+1)+1 -> 2 | AQ39: =MONTH(R39)&"/"&YEAR(R39) -> 5/2026 | AR39: =WEEKNUM(R39)-WEEKNUM(EOMONTH(R39,-1)+1)+1 -> 4 | AS39: =IF(AW39="S",IF(Q39="1. Aceitou o programa",R39-B39,0),0) -> 0 | AT39: =IF(AW39="S",IF(AND(S39<>"",R39<>""),S39-R39,0),0) -> 0 | AU39: =IF(AW39="S",IF(Q39="1. Aceitou o programa",IF(OR(X39="Não se Aplica",X39=""),IF(OR(W39="Não se Aplica",W39=""),0,W39-V39),AVERAGE(X39-W39,W39-V39)),0),0) -> 0 | AV39: =IF(AW39="S",IF(AND(Q39="1. Aceitou o programa",AB39="Realizada"),IFERROR(IF(AA39="",0,AA39-R39),0),0),0) -> 0 | AW39: =_xlfn.XLOOKUP(W39,'Lista Suspensa'!$AA$20:$AA$23,'Lista Suspensa'!$AB$20:$AB$23,"N/A") -> N/A
A40: Não | B40: 46147 | C40: Transbordo/Navegação | D40: Captado pela Amil/Call Center | E40: 84837845 | F40: MARIO LUIZ DE SOUZA | G40: 366306758 | H40: 24933 | I40: 58 | J40: M | K40: RJ | L40: NOVA IGUAÇU | N40: NÍVEL 80 | O40: 21-986068432 | P40: ISMAEL | Q40: 1. Aceitou o programa | R40: 46153 | T40: Contato Com Sucesso | U40: Ativo | V40: 46153 | W40: Não se aplica | X40: Não se aplica | Z40: Agendada | AA40: 46155 | AB40: Realizada | AF40: 2.49 | AG40: 2.49 | AH40: Interno - Amil Geral | AJ40: Confirmado | AL40: Sim | AM40: Sim | AN40: Anticoagulante | AO40: =MONTH(B40)&"/"&YEAR(B40) -> 5/2026 | AP40: =WEEKNUM(B40)-WEEKNUM(EOMONTH(B40,-1)+1)+1 -> 2 | AQ40: =MONTH(R40)&"/"&YEAR(R40) -> 5/2026 | AR40: =WEEKNUM(R40)-WEEKNUM(EOMONTH(R40,-1)+1)+1 -> 3 | AS40: =IF(AW40="S",IF(Q40="1. Aceitou o programa",R40-B40,0),0) -> 0 | AT40: =IF(AW40="S",IF(AND(S40<>"",R40<>""),S40-R40,0),0) -> 0 | AU40: =IF(AW40="S",IF(Q40="1. Aceitou o programa",IF(OR(X40="Não se Aplica",X40=""),IF(OR(W40="Não se Aplica",W40=""),0,W40-V40),AVERAGE(X40-W40,W40-V40)),0),0) -> 0 | AV40: =IF(AW40="S",IF(AND(Q40="1. Aceitou o programa",AB40="Realizada"),IFERROR(IF(AA40="",0,AA40-R40),0),0),0) -> 0 | AW40: =_xlfn.XLOOKUP(W40,'Lista Suspensa'!$AA$20:$AA$23,'Lista Suspensa'!$AB$20:$AB$23,"N/A") -> N/A
A41: Não | B41: 46147 | C41: Transbordo/Navegação | D41: Captado pela Amil/Call Center | E41: 774116510 | F41: VERA LUCIA DE SIQUEIRA SANDRINI | G41: 25106588839 | H41: 20955 | I41: 69 | J41: F | K41: SP | L41: OSASCO | N41: NÍVEL 300 | O41: 11-911129453 | P41: ISMAEL | Q41: 1. Aceitou o programa | R41: 46153 | T41: Contato Com Sucesso | U41: Ativo | V41: 46153 | W41: Não se aplica | X41: Não se aplica | Z41: Agendada | AA41: 46160 | AB41: Não realizada - Falta | AH41: Interno - Amil Geral | AJ41: Confirmado | AL41: Sim | AM41: Sim | AN41: Anticoagulante | AO41: =MONTH(B41)&"/"&YEAR(B41) -> 5/2026 | AP41: =WEEKNUM(B41)-WEEKNUM(EOMONTH(B41,-1)+1)+1 -> 2 | AQ41: =MONTH(R41)&"/"&YEAR(R41) -> 5/2026 | AR41: =WEEKNUM(R41)-WEEKNUM(EOMONTH(R41,-1)+1)+1 -> 3 | AS41: =IF(AW41="S",IF(Q41="1. Aceitou o programa",R41-B41,0),0) -> 0 | AT41: =IF(AW41="S",IF(AND(S41<>"",R41<>""),S41-R41,0),0) -> 0 | AU41: =IF(AW41="S",IF(Q41="1. Aceitou o programa",IF(OR(X41="Não se Aplica",X41=""),IF(OR(W41="Não se Aplica",W41=""),0,W41-V41),AVERAGE(X41-W41,W41-V41)),0),0) -> 0 | AV41: =IF(AW41="S",IF(AND(Q41="1. Aceitou o programa",AB41="Realizada"),IFERROR(IF(AA41="",0,AA41-R41),0),0),0) -> 0 | AW41: =_xlfn.XLOOKUP(W41,'Lista Suspensa'!$AA$20:$AA$23,'Lista Suspensa'!$AB$20:$AB$23,"N/A") -> N/A
A42: Não | B42: 46147 | C42: Transbordo/Navegação | D42: Captado pela Amil/Call Center | E42: 444181733 | F42: IVONETE VIANA DE OLIVEIRA | G42: 7683275808 | H42: 24231 | I42: 60 | J42: F | K42: SP | L42: PERUIBE | N42: NÍVEL 400 | O42: 13-997885596 | P42: ISMAEL | Q42: 1. Aceitou o programa | R42: 46154 | T42: Contato Com Sucesso | U42: Ativo | V42: 46154 | W42: Não se aplica | X42: Não se aplica | Z42: Agendada | AA42: 46155 | AB42: Realizada | AF42: 2.45 | AG42: 2.45 | AH42: AMIL INTERNO | AJ42: Confirmado | AL42: Sim | AM42: Sim | AN42: Anticoagulante | AO42: =MONTH(B42)&"/"&YEAR(B42) -> 5/2026 | AP42: =WEEKNUM(B42)-WEEKNUM(EOMONTH(B42,-1)+1)+1 -> 2 | AQ42: =MONTH(R42)&"/"&YEAR(R42) -> 5/2026 | AR42: =WEEKNUM(R42)-WEEKNUM(EOMONTH(R42,-1)+1)+1 -> 3 | AS42: =IF(AW42="S",IF(Q42="1. Aceitou o programa",R42-B42,0),0) -> 0 | AT42: =IF(AW42="S",IF(AND(S42<>"",R42<>""),S42-R42,0),0) -> 0 | AU42: =IF(AW42="S",IF(Q42="1. Aceitou o programa",IF(OR(X42="Não se Aplica",X42=""),IF(OR(W42="Não se Aplica",W42=""),0,W42-V42),AVERAGE(X42-W42,W42-V42)),0),0) -> 0 | AV42: =IF(AW42="S",IF(AND(Q42="1. Aceitou o programa",AB42="Realizada"),IFERROR(IF(AA42="",0,AA42-R42),0),0),0) -> 0 | AW42: =_xlfn.XLOOKUP(W42,'Lista Suspensa'!$AA$20:$AA$23,'Lista Suspensa'!$AB$20:$AB$23,"N/A") -> N/A
A43: Não | B43: 46147 | C43: Transbordo/Navegação | D43: Captado pela Amil/Call Center | E43: 881479209 | F43: RAPHAEL MACOS PEREIRA | G43: 13574838727 | H43: 33161 | I43: 35 | J43: M | K43: RJ | L43: RIO DE JANEIRO | N43: NÍVEL 600 | O43: 21-964568450 | P43: ISMAEL | Q43: 1. Aceitou o programa | R43: 46154 | T43: Contato Com Sucesso | U43: Ativo | V43: 46154 | W43: Não se aplica | X43: Não se aplica | Z43: Agendada | AA43: 46155 | AB43: Não realizada - Falta | AF43: 1.5 | AG43: 1.5 | AJ43: Confirmado | AL43: Sim | AM43: Sim | AN43: Anticoagulante | AO43: =MONTH(B43)&"/"&YEAR(B43) -> 5/2026 | AP43: =WEEKNUM(B43)-WEEKNUM(EOMONTH(B43,-1)+1)+1 -> 2 | AQ43: =MONTH(R43)&"/"&YEAR(R43) -> 5/2026 | AR43: =WEEKNUM(R43)-WEEKNUM(EOMONTH(R43,-1)+1)+1 -> 3 | AS43: =IF(AW43="S",IF(Q43="1. Aceitou o programa",R43-B43,0),0) -> 0 | AT43: =IF(AW43="S",IF(AND(S43<>"",R43<>""),S43-R43,0),0) -> 0 | AU43: =IF(AW43="S",IF(Q43="1. Aceitou o programa",IF(OR(X43="Não se Aplica",X43=""),IF(OR(W43="Não se Aplica",W43=""),0,W43-V43),AVERAGE(X43-W43,W43-V43)),0),0) -> 0 | AV43: =IF(AW43="S",IF(AND(Q43="1. Aceitou o programa",AB43="Realizada"),IFERROR(IF(AA43="",0,AA43-R43),0),0),0) -> 0 | AW43: =_xlfn.XLOOKUP(W43,'Lista Suspensa'!$AA$20:$AA$23,'Lista Suspensa'!$AB$20:$AB$23,"N/A") -> N/A
A44: Não | B44: 46147 | C44: Transbordo/Navegação | D44: Captado pela Amil/Call Center | E44: 916692574 | F44: MARIA VALDENIA COSTA | G44: 48695807304 | H44: 25778 | I44: 55 | J44: F | K44: RJ | L44: RIO DE JANEIRO | N44: NÍVEL 200 | O44: 21-974709650 | P44: ISMAEL | Q44: 1. Aceitou o programa | R44: 46171 | T44: Contato Com Sucesso | U44: Ativo | V44: 46154 | W44: 46161 | X44: 46171 | Z44: Agendada | AA44: 46176.514 | AB44: Não realizada - Falta | AL44: Sim | AM44: Sim | AN44: Anticoagulante | AO44: =MONTH(B44)&"/"&YEAR(B44) -> 5/2026 | AP44: =WEEKNUM(B44)-WEEKNUM(EOMONTH(B44,-1)+1)+1 -> 2 | AQ44: =MONTH(R44)&"/"&YEAR(R44) -> 5/2026 | AR44: =WEEKNUM(R44)-WEEKNUM(EOMONTH(R44,-1)+1)+1 -> 5 | AS44: =IF(AW44="S",IF(Q44="1. Aceitou o programa",R44-B44,0),0) -> 0 | AT44: =IF(AW44="S",IF(AND(S44<>"",R44<>""),S44-R44,0),0) -> 0 | AU44: =IF(AW44="S",IF(Q44="1. Aceitou o programa",IF(OR(X44="Não se Aplica",X44=""),IF(OR(W44="Não se Aplica",W44=""),0,W44-V44),AVERAGE(X44-W44,W44-V44)),0),0) -> 0 | AV44: =IF(AW44="S",IF(AND(Q44="1. Aceitou o programa",AB44="Realizada"),IFERROR(IF(AA44="",0,AA44-R44),0),0),0) -> 0 | AW44: =_xlfn.XLOOKUP(W44,'Lista Suspensa'!$AA$20:$AA$23,'Lista Suspensa'!$AB$20:$AB$23,"N/A") -> N/A
A45: Não | B45: 46147 | C45: Transbordo/Navegação | D45: Captado pela Amil/Call Center | E45: 95956660 | F45: NEVARDO BELLO YAYA | G45: 8162447156 | H45: 30095 | I45: 43 | J45: M | K45: RJ | L45: RIO DE JANEIRO | N45: NÍVEL 75 | O45: 21-980614395 | P45: ISMAEL | Q45: 1. Aceitou o programa | R45: 46154 | T45: Contato Com Sucesso | U45: Ativo | V45: 46154 | W45: Não se aplica | X45: Não se aplica | Z45: Agendada | AA45: 46161 | AB45: Realizada | AF45: 3.6 | AG45: 3.6 | AH45: SUS | AJ45: Confirmado | AL45: Sim | AM45: Sim | AN45: Anticoagulante | AO45: =MONTH(B45)&"/"&YEAR(B45) -> 5/2026 | AP45: =WEEKNUM(B45)-WEEKNUM(EOMONTH(B45,-1)+1)+1 -> 2 | AQ45: =MONTH(R45)&"/"&YEAR(R45) -> 5/2026 | AR45: =WEEKNUM(R45)-WEEKNUM(EOMONTH(R45,-1)+1)+1 -> 3 | AS45: =IF(AW45="S",IF(Q45="1. Aceitou o programa",R45-B45,0),0) -> 0 | AT45: =IF(AW45="S",IF(AND(S45<>"",R45<>""),S45-R45,0),0) -> 0 | AU45: =IF(AW45="S",IF(Q45="1. Aceitou o programa",IF(OR(X45="Não se Aplica",X45=""),IF(OR(W45="Não se Aplica",W45=""),0,W45-V45),AVERAGE(X45-W45,W45-V45)),0),0) -> 0 | AV45: =IF(AW45="S",IF(AND(Q45="1. Aceitou o programa",AB45="Realizada"),IFERROR(IF(AA45="",0,AA45-R45),0),0),0) -> 0 | AW45: =_xlfn.XLOOKUP(W45,'Lista Suspensa'!$AA$20:$AA$23,'Lista Suspensa'!$AB$20:$AB$23,"N/A") -> N/A
A46: Não | B46: 46147 | C46: Transbordo/Navegação | D46: Captado pela Amil/Call Center | E46: 93640761 | F46: LEVI SENNA | G46: 15732166742 | H46: 37019 | I46: 25 | J46: M | K46: RJ | L46: RIO DE JANEIRO | N46: NÍVEL 450 | O46: 21-987673535 | P46: ISMAEL | Q46: 1. Aceitou o programa | R46: 46161 | T46: Contato Com Sucesso | U46: Ativo | V46: 46154 | W46: Não se aplica | X46: Não se aplica | Z46: Agendada | AA46: 46171 | AB46: Não realizada - Falta | AL46: Sim | AM46: Sim | AN46: Anticoagulante | AO46: =MONTH(B46)&"/"&YEAR(B46) -> 5/2026 | AP46: =WEEKNUM(B46)-WEEKNUM(EOMONTH(B46,-1)+1)+1 -> 2 | AQ46: =MONTH(R46)&"/"&YEAR(R46) -> 5/2026 | AR46: =WEEKNUM(R46)-WEEKNUM(EOMONTH(R46,-1)+1)+1 -> 4 | AS46: =IF(AW46="S",IF(Q46="1. Aceitou o programa",R46-B46,0),0) -> 0 | AT46: =IF(AW46="S",IF(AND(S46<>"",R46<>""),S46-R46,0),0) -> 0 | AU46: =IF(AW46="S",IF(Q46="1. Aceitou o programa",IF(OR(X46="Não se Aplica",X46=""),IF(OR(W46="Não se Aplica",W46=""),0,W46-V46),AVERAGE(X46-W46,W46-V46)),0),0) -> 0 | AV46: =IF(AW46="S",IF(AND(Q46="1. Aceitou o programa",AB46="Realizada"),IFERROR(IF(AA46="",0,AA46-R46),0),0),0) -> 0 | AW46: =_xlfn.XLOOKUP(W46,'Lista Suspensa'!$AA$20:$AA$23,'Lista Suspensa'!$AB$20:$AB$23,"N/A") -> N/A
A47: Não | B47: 46147 | C47: Transbordo/Navegação | D47: Captado pela Amil/Call Center | E47: 93852370 | F47: ELISANGELA DA SILVA SILVA | G47: 2165273765 | H47: 26406 | I47: 54 | J47: F | K47: RJ | L47: RIO DE JANEIRO | N47: NÍVEL 75 | O47: 21-993097776 | P47: ISMAEL | Q47: 1. Aceitou o programa | R47: 46154 | T47: Contato Com Sucesso | U47: Ativo | V47: 46154 | W47: Não se aplica | X47: Não se aplica | Z47: Agendada | AA47: 46155 | AB47: Realizada | AF47: 1.16 | AG47: 1.16 | AH47: Interno - Amil Geral | AJ47: Confirmado | AL47: Sim | AM47: Sim | AN47: Anticoagulante | AO47: =MONTH(B47)&"/"&YEAR(B47) -> 5/2026 | AP47: =WEEKNUM(B47)-WEEKNUM(EOMONTH(B47,-1)+1)+1 -> 2 | AQ47: =MONTH(R47)&"/"&YEAR(R47) -> 5/2026 | AR47: =WEEKNUM(R47)-WEEKNUM(EOMONTH(R47,-1)+1)+1 -> 3 | AS47: =IF(AW47="S",IF(Q47="1. Aceitou o programa",R47-B47,0),0) -> 0 | AT47: =IF(AW47="S",IF(AND(S47<>"",R47<>""),S47-R47,0),0) -> 0 | AU47: =IF(AW47="S",IF(Q47="1. Aceitou o programa",IF(OR(X47="Não se Aplica",X47=""),IF(OR(W47="Não se Aplica",W47=""),0,W47-V47),AVERAGE(X47-W47,W47-V47)),0),0) -> 0 | AV47: =IF(AW47="S",IF(AND(Q47="1. Aceitou o programa",AB47="Realizada"),IFERROR(IF(AA47="",0,AA47-R47),0),0),0) -> 0 | AW47: =_xlfn.XLOOKUP(W47,'Lista Suspensa'!$AA$20:$AA$23,'Lista Suspensa'!$AB$20:$AB$23,"N/A") -> N/A
A48: Não | B48: 46147 | C48: Transbordo/Navegação | D48: Captado pela Amil/Call Center | E48: 93250639 | F48: CLAUDIA MARQUES | G48: 51341158500 | H48: 25758 | I48: 55 | J48: F | K48: RJ | L48: RIO DE JANEIRO | N48: NÍVEL 450 | O48: 21-994435246 | P48: ISMAEL | Q48: 1. Aceitou o programa | R48: 46154 | T48: Contato Com Sucesso | U48: Ativo | V48: 46154 | W48: Não se aplica | X48: Não se aplica | Z48: Agendada | AA48: 46161 | AB48: Realizada | AF48: 2.65 | AG48: 2.65 | AH48: Interno - Amil Geral | AJ48: Confirmado | AL48: Sim | AM48: Sim | AN48: Anticoagulante | AO48: =MONTH(B48)&"/"&YEAR(B48) -> 5/2026 | AP48: =WEEKNUM(B48)-WEEKNUM(EOMONTH(B48,-1)+1)+1 -> 2 | AQ48: =MONTH(R48)&"/"&YEAR(R48) -> 5/2026 | AR48: =WEEKNUM(R48)-WEEKNUM(EOMONTH(R48,-1)+1)+1 -> 3 | AS48: =IF(AW48="S",IF(Q48="1. Aceitou o programa",R48-B48,0),0) -> 0 | AT48: =IF(AW48="S",IF(AND(S48<>"",R48<>""),S48-R48,0),0) -> 0 | AU48: =IF(AW48="S",IF(Q48="1. Aceitou o programa",IF(OR(X48="Não se Aplica",X48=""),IF(OR(W48="Não se Aplica",W48=""),0,W48-V48),AVERAGE(X48-W48,W48-V48)),0),0) -> 0 | AV48: =IF(AW48="S",IF(AND(Q48="1. Aceitou o programa",AB48="Realizada"),IFERROR(IF(AA48="",0,AA48-R48),0),0),0) -> 0 | AW48: =_xlfn.XLOOKUP(W48,'Lista Suspensa'!$AA$20:$AA$23,'Lista Suspensa'!$AB$20:$AB$23,"N/A") -> N/A
A49: Não | B49: 46147 | C49: Transbordo/Navegação | D49: Captado pela Amil/Call Center | E49: 440943019 | F49: CAROLINA DOS SANTOS PRADO | G49: 42732574830 | H49: 33177 | I49: 35 | J49: F | K49: SP | L49: SANTO ANDRE | N49: NÍVEL 400 | O49: 11-955004603 | P49: ISMAEL | Q49: 1. Aceitou o programa | R49: 46155 | T49: Contato Com Sucesso | U49: Ativo | V49: 46155 | W49: Não se aplica | X49: Não se aplica | Z49: Agendada | AA49: 46169 | AB49: Realizada | AF49: 2.85 | AG49: 2.85 | AJ49: Confirmado | AL49: Sim | AM49: Sim | AN49: Anticoagulante | AO49: =MONTH(B49)&"/"&YEAR(B49) -> 5/2026 | AP49: =WEEKNUM(B49)-WEEKNUM(EOMONTH(B49,-1)+1)+1 -> 2 | AQ49: =MONTH(R49)&"/"&YEAR(R49) -> 5/2026 | AR49: =WEEKNUM(R49)-WEEKNUM(EOMONTH(R49,-1)+1)+1 -> 3 | AS49: =IF(AW49="S",IF(Q49="1. Aceitou o programa",R49-B49,0),0) -> 0 | AT49: =IF(AW49="S",IF(AND(S49<>"",R49<>""),S49-R49,0),0) -> 0 | AU49: =IF(AW49="S",IF(Q49="1. Aceitou o programa",IF(OR(X49="Não se Aplica",X49=""),IF(OR(W49="Não se Aplica",W49=""),0,W49-V49),AVERAGE(X49-W49,W49-V49)),0),0) -> 0 | AV49: =IF(AW49="S",IF(AND(Q49="1. Aceitou o programa",AB49="Realizada"),IFERROR(IF(AA49="",0,AA49-R49),0),0),0) -> 0 | AW49: =_xlfn.XLOOKUP(W49,'Lista Suspensa'!$AA$20:$AA$23,'Lista Suspensa'!$AB$20:$AB$23,"N/A") -> N/A
A50: Não | B50: 46147 | C50: Transbordo/Navegação | D50: Captado pela Amil/Call Center | E50: 78197920 | F50: MARIO PIRES HERNANDES | G50: 4250360814 | H50: 22768 | I50: 64 | J50: M | K50: SP | L50: SANTOS | N50: NÍVEL 600 | O50: 11-999063296 | P50: ISMAEL | Q50: 1. Aceitou o programa | R50: 46155 | T50: Contato Com Sucesso | U50: Ativo | V50: 46155 | W50: Não se aplica | X50: Não se aplica | Z50: Agendada | AA50: 46167 | AB50: Realizada | AF50: 1.9 | AG50: 1.9 | AJ50: Confirmado | AL50: Sim | AM50: Sim | AN50: Anticoagulante | AO50: =MONTH(B50)&"/"&YEAR(B50) -> 5/2026 | AP50: =WEEKNUM(B50)-WEEKNUM(EOMONTH(B50,-1)+1)+1 -> 2 | AQ50: =MONTH(R50)&"/"&YEAR(R50) -> 5/2026 | AR50: =WEEKNUM(R50)-WEEKNUM(EOMONTH(R50,-1)+1)+1 -> 3 | AS50: =IF(AW50="S",IF(Q50="1. Aceitou o programa",R50-B50,0),0) -> 0 | AT50: =IF(AW50="S",IF(AND(S50<>"",R50<>""),S50-R50,0),0) -> 0 | AU50: =IF(AW50="S",IF(Q50="1. Aceitou o programa",IF(OR(X50="Não se Aplica",X50=""),IF(OR(W50="Não se Aplica",W50=""),0,W50-V50),AVERAGE(X50-W50,W50-V50)),0),0) -> 0 | AV50: =IF(AW50="S",IF(AND(Q50="1. Aceitou o programa",AB50="Realizada"),IFERROR(IF(AA50="",0,AA50-R50),0),0),0) -> 0 | AW50: =_xlfn.XLOOKUP(W50,'Lista Suspensa'!$AA$20:$AA$23,'Lista Suspensa'!$AB$20:$AB$23,"N/A") -> N/A
A51: Não | B51: 46147 | C51: Transbordo/Navegação | D51: Captado pela Amil/Call Center | E51: 85182025 | F51: JULIA ROBERTA MIRA GIAVARA | G51: 43920253817 | H51: 34796 | I51: 31 | J51: F | K51: SP | L51: SAO PAULO | N51: NÍVEL 380 | O51: 11-915828440 | P51: ISMAEL | Q51: 1. Aceitou o programa | R51: 46155 | T51: Contato Com Sucesso | U51: Ativo | V51: 46155 | W51: Não se aplica | X51: Não se aplica | Z51: Agendada | AA51: 46169 | AB51: Realizada | AF51: N/A | AG51: N/A | AH51: N/A | AJ51: Confirmado | AL51: Sim | AM51: Sim | AN51: Anticoagulante | AO51: =MONTH(B51)&"/"&YEAR(B51) -> 5/2026 | AP51: =WEEKNUM(B51)-WEEKNUM(EOMONTH(B51,-1)+1)+1 -> 2 | AQ51: =MONTH(R51)&"/"&YEAR(R51) -> 5/2026 | AR51: =WEEKNUM(R51)-WEEKNUM(EOMONTH(R51,-1)+1)+1 -> 3 | AS51: =IF(AW51="S",IF(Q51="1. Aceitou o programa",R51-B51,0),0) -> 0 | AT51: =IF(AW51="S",IF(AND(S51<>"",R51<>""),S51-R51,0),0) -> 0 | AU51: =IF(AW51="S",IF(Q51="1. Aceitou o programa",IF(OR(X51="Não se Aplica",X51=""),IF(OR(W51="Não se Aplica",W51=""),0,W51-V51),AVERAGE(X51-W51,W51-V51)),0),0) -> 0 | AV51: =IF(AW51="S",IF(AND(Q51="1. Aceitou o programa",AB51="Realizada"),IFERROR(IF(AA51="",0,AA51-R51),0),0),0) -> 0 | AW51: =_xlfn.XLOOKUP(W51,'Lista Suspensa'!$AA$20:$AA$23,'Lista Suspensa'!$AB$20:$AB$23,"N/A") -> N/A
A52: Não | B52: 46147 | C52: Transbordo/Navegação | D52: Captado pela Amil/Call Center | E52: 85130289 | F52: ARAKACY BARROS VIANA | G52: 47573252315 | H52: 25979 | I52: 55 | J52: F | K52: SP | L52: SAO PAULO | N52: NÍVEL 60 | O52: 11-947088628 | P52: ISMAEL | Q52: 1. Aceitou o programa | R52: 46156 | T52: Contato Com Sucesso | U52: Ativo | V52: 46156 | W52: Não se aplica | X52: Não se aplica | Z52: Agendada | AA52: 46162 | AB52: Realizada | AF52: 1.7 | AG52: 1.7 | AH52: HEMATOLOGIA | AJ52: Confirmado | AL52: Sim | AM52: Sim | AN52: Anticoagulante | AO52: =MONTH(B52)&"/"&YEAR(B52) -> 5/2026 | AP52: =WEEKNUM(B52)-WEEKNUM(EOMONTH(B52,-1)+1)+1 -> 2 | AQ52: =MONTH(R52)&"/"&YEAR(R52) -> 5/2026 | AR52: =WEEKNUM(R52)-WEEKNUM(EOMONTH(R52,-1)+1)+1 -> 3 | AS52: =IF(AW52="S",IF(Q52="1. Aceitou o programa",R52-B52,0),0) -> 0 | AT52: =IF(AW52="S",IF(AND(S52<>"",R52<>""),S52-R52,0),0) -> 0 | AU52: =IF(AW52="S",IF(Q52="1. Aceitou o programa",IF(OR(X52="Não se Aplica",X52=""),IF(OR(W52="Não se Aplica",W52=""),0,W52-V52),AVERAGE(X52-W52,W52-V52)),0),0) -> 0 | AV52: =IF(AW52="S",IF(AND(Q52="1. Aceitou o programa",AB52="Realizada"),IFERROR(IF(AA52="",0,AA52-R52),0),0),0) -> 0 | AW52: =_xlfn.XLOOKUP(W52,'Lista Suspensa'!$AA$20:$AA$23,'Lista Suspensa'!$AB$20:$AB$23,"N/A") -> N/A
A53: Não | B53: 46147 | C53: Transbordo/Navegação | D53: Captado pela Amil/Call Center | E53: 84691196 | F53: GILVAN FRANCISCO DOS SANTOS | G53: 49830899349 | H53: 26781 | I53: 53 | J53: M | K53: SP | L53: SAO PAULO | N53: NÍVEL 60 | O53: 11-948812751 | P53: ISMAEL | Q53: 5. Alta por inelegibilidade | R53: 46171 | S53: 46181 | T53: Contato Com Sucesso | U53: Fora da Linha | V53: 46156 | W53: 46161 | X53: 46171 | Z53: Agendada | AA53: 46181.5 | AB53: Realizada | AL53: Desflagado | AM53: Sim | AN53: Anticoagulante | AO53: =MONTH(B53)&"/"&YEAR(B53) -> 5/2026 | AP53: =WEEKNUM(B53)-WEEKNUM(EOMONTH(B53,-1)+1)+1 -> 2 | AQ53: =MONTH(R53)&"/"&YEAR(R53) -> 5/2026 | AR53: =WEEKNUM(R53)-WEEKNUM(EOMONTH(R53,-1)+1)+1 -> 5 | AS53: =IF(AW53="S",IF(Q53="1. Aceitou o programa",R53-B53,0),0) -> 0 | AT53: =IF(AW53="S",IF(AND(S53<>"",R53<>""),S53-R53,0),0) -> 0 | AU53: =IF(AW53="S",IF(Q53="1. Aceitou o programa",IF(OR(X53="Não se Aplica",X53=""),IF(OR(W53="Não se Aplica",W53=""),0,W53-V53),AVERAGE(X53-W53,W53-V53)),0),0) -> 0 | AV53: =IF(AW53="S",IF(AND(Q53="1. Aceitou o programa",AB53="Realizada"),IFERROR(IF(AA53="",0,AA53-R53),0),0),0) -> 0 | AW53: =_xlfn.XLOOKUP(W53,'Lista Suspensa'!$AA$20:$AA$23,'Lista Suspensa'!$AB$20:$AB$23,"N/A") -> N/A
A54: Não | B54: 46147 | C54: Transbordo/Navegação | D54: Captado pela Amil/Call Center | E54: 804086800 | F54: LUCIENE DE SOUZA CRUZ | G54: 204957575 | H54: 30056 | I54: 44 | J54: F | K54: SP | L54: SAO PAULO | N54: NÍVEL 200 | O54: 11-952044335 | P54: ISMAEL | Q54: 1. Aceitou o programa | R54: 46156 | T54: Contato Com Sucesso | U54: Ativo | V54: 46156 | W54: Não se aplica | X54: Não se aplica | Z54: Agendada | AA54: 46162 | AB54: Realizada | AF54: N/A | AG54: N/A | AH54: CARDIOLOGIA | AJ54: Confirmado | AL54: Sim | AM54: Sim | AN54: Anticoagulante | AO54: =MONTH(B54)&"/"&YEAR(B54) -> 5/2026 | AP54: =WEEKNUM(B54)-WEEKNUM(EOMONTH(B54,-1)+1)+1 -> 2 | AQ54: =MONTH(R54)&"/"&YEAR(R54) -> 5/2026 | AR54: =WEEKNUM(R54)-WEEKNUM(EOMONTH(R54,-1)+1)+1 -> 3 | AS54: =IF(AW54="S",IF(Q54="1. Aceitou o programa",R54-B54,0),0) -> 0 | AT54: =IF(AW54="S",IF(AND(S54<>"",R54<>""),S54-R54,0),0) -> 0 | AU54: =IF(AW54="S",IF(Q54="1. Aceitou o programa",IF(OR(X54="Não se Aplica",X54=""),IF(OR(W54="Não se Aplica",W54=""),0,W54-V54),AVERAGE(X54-W54,W54-V54)),0),0) -> 0 | AV54: =IF(AW54="S",IF(AND(Q54="1. Aceitou o programa",AB54="Realizada"),IFERROR(IF(AA54="",0,AA54-R54),0),0),0) -> 0 | AW54: =_xlfn.XLOOKUP(W54,'Lista Suspensa'!$AA$20:$AA$23,'Lista Suspensa'!$AB$20:$AB$23,"N/A") -> N/A
A55: Não | B55: 46147 | C55: Transbordo/Navegação | D55: Captado pela Amil/Call Center | E55: 95172835 | F55: AMANDA DE ALMEIDA PEREIRA | G55: 40425490807 | H55: 33403 | I55: 34 | J55: F | K55: SP | L55: SAO PAULO | N55: NÍVEL 60 | O55: 11-952690907 | P55: ISMAEL | Q55: 1. Aceitou o programa | R55: 46163 | T55: Contato Com Sucesso | U55: Ativo | V55: 46156 | W55: 46161 | X55: Não se aplica | Z55: Agendada | AA55: 46171 | AB55: Não realizada - Falta | AL55: Sim | AM55: Sim | AN55: Anticoagulante | AO55: =MONTH(B55)&"/"&YEAR(B55) -> 5/2026 | AP55: =WEEKNUM(B55)-WEEKNUM(EOMONTH(B55,-1)+1)+1 -> 2 | AQ55: =MONTH(R55)&"/"&YEAR(R55) -> 5/2026 | AR55: =WEEKNUM(R55)-WEEKNUM(EOMONTH(R55,-1)+1)+1 -> 4 | AS55: =IF(AW55="S",IF(Q55="1. Aceitou o programa",R55-B55,0),0) -> 0 | AT55: =IF(AW55="S",IF(AND(S55<>"",R55<>""),S55-R55,0),0) -> 0 | AU55: =IF(AW55="S",IF(Q55="1. Aceitou o programa",IF(OR(X55="Não se Aplica",X55=""),IF(OR(W55="Não se Aplica",W55=""),0,W55-V55),AVERAGE(X55-W55,W55-V55)),0),0) -> 0 | AV55: =IF(AW55="S",IF(AND(Q55="1. Aceitou o programa",AB55="Realizada"),IFERROR(IF(AA55="",0,AA55-R55),0),0),0) -> 0 | AW55: =_xlfn.XLOOKUP(W55,'Lista Suspensa'!$AA$20:$AA$23,'Lista Suspensa'!$AB$20:$AB$23,"N/A") -> N/A
A56: Não | B56: 46147 | C56: Transbordo/Navegação | D56: Captado pela Amil/Call Center | E56: 95737581 | F56: EDNEUZA BARRETO LIMA | G56: 98645048787 | H56: 24228 | I56: 60 | J56: F | K56: SP | L56: SAO PAULO | N56: NÍVEL 60 | O56: 11-952998807 | P56: ISMAEL | Q56: 1. Aceitou o programa | R56: 46156 | T56: Contato Com Sucesso | U56: Ativo | V56: 46156 | W56: 46161 | X56: 46171 | Z56: Agendada | AA56: 46169 | AB56: Realizada | AF56: N/A | AG56: N/A | AH56: HOSPITAL VITORIA - CARDIOLOGIA | AJ56: Confirmado | AL56: Sim | AM56: Sim | AN56: Anticoagulante | AO56: =MONTH(B56)&"/"&YEAR(B56) -> 5/2026 | AP56: =WEEKNUM(B56)-WEEKNUM(EOMONTH(B56,-1)+1)+1 -> 2 | AQ56: =MONTH(R56)&"/"&YEAR(R56) -> 5/2026 | AR56: =WEEKNUM(R56)-WEEKNUM(EOMONTH(R56,-1)+1)+1 -> 3 | AS56: =IF(AW56="S",IF(Q56="1. Aceitou o programa",R56-B56,0),0) -> 0 | AT56: =IF(AW56="S",IF(AND(S56<>"",R56<>""),S56-R56,0),0) -> 0 | AU56: =IF(AW56="S",IF(Q56="1. Aceitou o programa",IF(OR(X56="Não se Aplica",X56=""),IF(OR(W56="Não se Aplica",W56=""),0,W56-V56),AVERAGE(X56-W56,W56-V56)),0),0) -> 0 | AV56: =IF(AW56="S",IF(AND(Q56="1. Aceitou o programa",AB56="Realizada"),IFERROR(IF(AA56="",0,AA56-R56),0),0),0) -> 0 | AW56: =_xlfn.XLOOKUP(W56,'Lista Suspensa'!$AA$20:$AA$23,'Lista Suspensa'!$AB$20:$AB$23,"N/A") -> N/A
A57: Não | B57: 46147 | C57: Transbordo/Navegação | D57: Captado pela Amil/Call Center | E57: 800434536 | F57: LANA LUCIA SILVA OLBI | G57: 779320808 | H57: 20658 | I57: 69 | J57: F | K57: SP | L57: SAO PAULO | N57: NÍVEL 100 | O57: 11-95437-2424 | P57: ISMAEL | Q57: 1. Aceitou o programa | R57: 46156 | T57: Contato Com Sucesso | U57: Ativo | V57: 46156 | W57: Não se aplica | X57: Não se aplica | Z57: Agendada | AA57: 46162 | AB57: Realizada | AF57: 2.6 | AG57: 2.6 | AH57: CARDIOLOGIA | AJ57: Confirmado | AL57: Sim | AM57: Sim | AN57: Anticoagulante | AO57: =MONTH(B57)&"/"&YEAR(B57) -> 5/2026 | AP57: =WEEKNUM(B57)-WEEKNUM(EOMONTH(B57,-1)+1)+1 -> 2 | AQ57: =MONTH(R57)&"/"&YEAR(R57) -> 5/2026 | AR57: =WEEKNUM(R57)-WEEKNUM(EOMONTH(R57,-1)+1)+1 -> 3 | AS57: =IF(AW57="S",IF(Q57="1. Aceitou o programa",R57-B57,0),0) -> 0 | AT57: =IF(AW57="S",IF(AND(S57<>"",R57<>""),S57-R57,0),0) -> 0 | AU57: =IF(AW57="S",IF(Q57="1. Aceitou o programa",IF(OR(X57="Não se Aplica",X57=""),IF(OR(W57="Não se Aplica",W57=""),0,W57-V57),AVERAGE(X57-W57,W57-V57)),0),0) -> 0 | AV57: =IF(AW57="S",IF(AND(Q57="1. Aceitou o programa",AB57="Realizada"),IFERROR(IF(AA57="",0,AA57-R57),0),0),0) -> 0 | AW57: =_xlfn.XLOOKUP(W57,'Lista Suspensa'!$AA$20:$AA$23,'Lista Suspensa'!$AB$20:$AB$23,"N/A") -> N/A
A58: Sim | B58: 46147 | C58: Transbordo/Navegação | D58: Captado pela Amil/Call Center | E58: 95977523 | F58: JABEZ PEREIRA SANTOS | G58: 35968571802 | H58: 32412 | I58: 37 | J58: M | K58: SP | L58: SAO PAULO | N58: NÍVEL 110 | O58: 11958944992 / 11958949925 | P58: ISMAEL | Q58: 1. Aceitou o programa | R58: 46153 | T58: Contato Com Sucesso | U58: Ativo | V58: 46148 | W58: 46153 | X58: Não se aplica | Z58: Agendada | AA58: 46157 | AB58: Realizada | AF58: 2.4 | AG58: 2.4 | AJ58: Confirmado | AL58: Sim | AM58: Sim | AN58: Anticoagulante | AO58: =MONTH(B58)&"/"&YEAR(B58) -> 5/2026 | AP58: =WEEKNUM(B58)-WEEKNUM(EOMONTH(B58,-1)+1)+1 -> 2 | AQ58: =MONTH(R58)&"/"&YEAR(R58) -> 5/2026 | AR58: =WEEKNUM(R58)-WEEKNUM(EOMONTH(R58,-1)+1)+1 -> 3 | AS58: =IF(AW58="S",IF(Q58="1. Aceitou o programa",R58-B58,0),0) -> 0 | AT58: =IF(AW58="S",IF(AND(S58<>"",R58<>""),S58-R58,0),0) -> 0 | AU58: =IF(AW58="S",IF(Q58="1. Aceitou o programa",IF(OR(X58="Não se Aplica",X58=""),IF(OR(W58="Não se Aplica",W58=""),0,W58-V58),AVERAGE(X58-W58,W58-V58)),0),0) -> 0 | AV58: =IF(AW58="S",IF(AND(Q58="1. Aceitou o programa",AB58="Realizada"),IFERROR(IF(AA58="",0,AA58-R58),0),0),0) -> 0 | AW58: =_xlfn.XLOOKUP(W58,'Lista Suspensa'!$AA$20:$AA$23,'Lista Suspensa'!$AB$20:$AB$23,"N/A") -> N/A
A59: Sim | B59: 46147 | C59: Transbordo/Navegação | D59: Captado pela Amil/Call Center | E59: 92886196 | F59: RAFAEL DE FRANCA REIS | G59: 43146599805 | H59: 34407 | I59: 32 | J59: M | K59: SP | L59: SAO PAULO | N59: NÍVEL 80 | O59: 11-958548815 | P59: ISMAEL | Q59: 1. Aceitou o programa | R59: 46148 | T59: Contato Com Sucesso | U59: Ativo | V59: 46148 | W59: Não se aplica | X59: Não se aplica | Z59: Agendada | AA59: 46155 | AB59: Realizada | AF59: 5.8 | AG59: 5.8 | AH59: SEM ACOMPANHAMENTO | AJ59: Confirmado | AL59: Sim | AM59: Sim | AN59: Anticoagulante | AO59: =MONTH(B59)&"/"&YEAR(B59) -> 5/2026 | AP59: =WEEKNUM(B59)-WEEKNUM(EOMONTH(B59,-1)+1)+1 -> 2 | AQ59: =MONTH(R59)&"/"&YEAR(R59) -> 5/2026 | AR59: =WEEKNUM(R59)-WEEKNUM(EOMONTH(R59,-1)+1)+1 -> 2 | AS59: =IF(AW59="S",IF(Q59="1. Aceitou o programa",R59-B59,0),0) -> 0 | AT59: =IF(AW59="S",IF(AND(S59<>"",R59<>""),S59-R59,0),0) -> 0 | AU59: =IF(AW59="S",IF(Q59="1. Aceitou o programa",IF(OR(X59="Não se Aplica",X59=""),IF(OR(W59="Não se Aplica",W59=""),0,W59-V59),AVERAGE(X59-W59,W59-V59)),0),0) -> 0 | AV59: =IF(AW59="S",IF(AND(Q59="1. Aceitou o programa",AB59="Realizada"),IFERROR(IF(AA59="",0,AA59-R59),0),0),0) -> 0 | AW59: =_xlfn.XLOOKUP(W59,'Lista Suspensa'!$AA$20:$AA$23,'Lista Suspensa'!$AB$20:$AB$23,"N/A") -> N/A
A60: Não | B60: 46147 | C60: Transbordo/Navegação | D60: Captado pela Amil/Call Center | E60: 85096905 | F60: WALLACE LEMOS FRANHAN | G60: 1316755835 | H60: 22134 | I60: 65 | J60: M | K60: SP | L60: SAO PAULO | N60: NÍVEL 60 | O60: 11-961610070 | P60: ISMAEL | Q60: 1. Aceitou o programa | R60: 46156 | T60: Contato Com Sucesso | U60: Ativo | V60: 46156 | W60: Não se aplica | X60: Não se aplica | Z60: Agendada | AA60: 46164 | AB60: Não realizada - Falta | AF60: N/A | AG60: N/A | AH60: SEM DADO | AJ60: Confirmado | AL60: Sim | AM60: Sim | AN60: Anticoagulante | AO60: =MONTH(B60)&"/"&YEAR(B60) -> 5/2026 | AP60: =WEEKNUM(B60)-WEEKNUM(EOMONTH(B60,-1)+1)+1 -> 2 | AQ60: =MONTH(R60)&"/"&YEAR(R60) -> 5/2026 | AR60: =WEEKNUM(R60)-WEEKNUM(EOMONTH(R60,-1)+1)+1 -> 3 | AS60: =IF(AW60="S",IF(Q60="1. Aceitou o programa",R60-B60,0),0) -> 0 | AT60: =IF(AW60="S",IF(AND(S60<>"",R60<>""),S60-R60,0),0) -> 0 | AU60: =IF(AW60="S",IF(Q60="1. Aceitou o programa",IF(OR(X60="Não se Aplica",X60=""),IF(OR(W60="Não se Aplica",W60=""),0,W60-V60),AVERAGE(X60-W60,W60-V60)),0),0) -> 0 | AV60: =IF(AW60="S",IF(AND(Q60="1. Aceitou o programa",AB60="Realizada"),IFERROR(IF(AA60="",0,AA60-R60),0),0),0) -> 0 | AW60: =_xlfn.XLOOKUP(W60,'Lista Suspensa'!$AA$20:$AA$23,'Lista Suspensa'!$AB$20:$AB$23,"N/A") -> N/A
A61: Não | B61: 46147 | C61: Transbordo/Navegação | D61: Captado pela Amil/Call Center | E61: 81246273 | F61: ANDREIA CAMPOS DE SOUZA ARAUJO | G61: 29971554879 | H61: 30083 | I61: 44 | J61: F | K61: SP | L61: SAO PAULO | N61: NÍVEL 40 | O61: 11-963979625 | P61: ISMAEL | Q61: 1. Aceitou o programa | R61: 46156 | T61: Contato Com Sucesso | U61: Ativo | V61: 46156 | W61: Não se aplica | X61: Não se aplica | Z61: Agendada | AA61: 46164 | AB61: Realizada | AF61: 2.44 | AG61: 2.44 | AH61: CARDIOLOGIA - EXTERNA | AJ61: Confirmado | AL61: Sim | AM61: Sim | AN61: Anticoagulante | AO61: =MONTH(B61)&"/"&YEAR(B61) -> 5/2026 | AP61: =WEEKNUM(B61)-WEEKNUM(EOMONTH(B61,-1)+1)+1 -> 2 | AQ61: =MONTH(R61)&"/"&YEAR(R61) -> 5/2026 | AR61: =WEEKNUM(R61)-WEEKNUM(EOMONTH(R61,-1)+1)+1 -> 3 | AS61: =IF(AW61="S",IF(Q61="1. Aceitou o programa",R61-B61,0),0) -> 0 | AT61: =IF(AW61="S",IF(AND(S61<>"",R61<>""),S61-R61,0),0) -> 0 | AU61: =IF(AW61="S",IF(Q61="1. Aceitou o programa",IF(OR(X61="Não se Aplica",X61=""),IF(OR(W61="Não se Aplica",W61=""),0,W61-V61),AVERAGE(X61-W61,W61-V61)),0),0) -> 0 | AV61: =IF(AW61="S",IF(AND(Q61="1. Aceitou o programa",AB61="Realizada"),IFERROR(IF(AA61="",0,AA61-R61),0),0),0) -> 0 | AW61: =_xlfn.XLOOKUP(W61,'Lista Suspensa'!$AA$20:$AA$23,'Lista Suspensa'!$AB$20:$AB$23,"N/A") -> N/A
A62: Não | B62: 46147 | C62: Transbordo/Navegação | D62: Captado pela Amil/Call Center | E62: 301581622 | F62: ALICE REBELATO PINTO | G62: 11087169895 | H62: 16425 | I62: 81 | J62: F | K62: SP | L62: SAO PAULO | N62: NÍVEL 500 | O62: 11991975349 | P62: ISMAEL | Q62: 1. Aceitou o programa | R62: 46156 | T62: Contato Com Sucesso | U62: Ativo | V62: 46156 | W62: Não se aplica | X62: Não se aplica | Z62: Agendada | AA62: 46164 | AB62: Não realizada - Falta | AJ62: Confirmado | AL62: Sim | AM62: Sim | AN62: Anticoagulante | AO62: =MONTH(B62)&"/"&YEAR(B62) -> 5/2026 | AP62: =WEEKNUM(B62)-WEEKNUM(EOMONTH(B62,-1)+1)+1 -> 2 | AQ62: =MONTH(R62)&"/"&YEAR(R62) -> 5/2026 | AR62: =WEEKNUM(R62)-WEEKNUM(EOMONTH(R62,-1)+1)+1 -> 3 | AS62: =IF(AW62="S",IF(Q62="1. Aceitou o programa",R62-B62,0),0) -> 0 | AT62: =IF(AW62="S",IF(AND(S62<>"",R62<>""),S62-R62,0),0) -> 0 | AU62: =IF(AW62="S",IF(Q62="1. Aceitou o programa",IF(OR(X62="Não se Aplica",X62=""),IF(OR(W62="Não se Aplica",W62=""),0,W62-V62),AVERAGE(X62-W62,W62-V62)),0),0) -> 0 | AV62: =IF(AW62="S",IF(AND(Q62="1. Aceitou o programa",AB62="Realizada"),IFERROR(IF(AA62="",0,AA62-R62),0),0),0) -> 0 | AW62: =_xlfn.XLOOKUP(W62,'Lista Suspensa'!$AA$20:$AA$23,'Lista Suspensa'!$AB$20:$AB$23,"N/A") -> N/A
A63: Não | B63: 46147 | C63: Transbordo/Navegação | D63: Captado pela Amil/Call Center | E63: 94130776 | F63: LUIZ CARLOS PEREIRA | G63: 16468749867 | H63: 27318 | I63: 51 | J63: M | K63: SP | L63: SAO PAULO | N63: NÍVEL 60 | O63: 11-965521725 | P63: ISMAEL | Q63: 1. Aceitou o programa | R63: 46156 | T63: Contato Com Sucesso | U63: Ativo | V63: 46156 | W63: Não se aplica | X63: Não se aplica | Z63: Agendada | AA63: 46164 | AB63: Realizada | AF63: 3.13 | AG63: 3.13 | AH63: N/A | AJ63: Confirmado | AL63: Sim | AM63: Sim | AN63: Anticoagulante | AO63: =MONTH(B63)&"/"&YEAR(B63) -> 5/2026 | AP63: =WEEKNUM(B63)-WEEKNUM(EOMONTH(B63,-1)+1)+1 -> 2 | AQ63: =MONTH(R63)&"/"&YEAR(R63) -> 5/2026 | AR63: =WEEKNUM(R63)-WEEKNUM(EOMONTH(R63,-1)+1)+1 -> 3 | AS63: =IF(AW63="S",IF(Q63="1. Aceitou o programa",R63-B63,0),0) -> 0 | AT63: =IF(AW63="S",IF(AND(S63<>"",R63<>""),S63-R63,0),0) -> 0 | AU63: =IF(AW63="S",IF(Q63="1. Aceitou o programa",IF(OR(X63="Não se Aplica",X63=""),IF(OR(W63="Não se Aplica",W63=""),0,W63-V63),AVERAGE(X63-W63,W63-V63)),0),0) -> 0 | AV63: =IF(AW63="S",IF(AND(Q63="1. Aceitou o programa",AB63="Realizada"),IFERROR(IF(AA63="",0,AA63-R63),0),0),0) -> 0 | AW63: =_xlfn.XLOOKUP(W63,'Lista Suspensa'!$AA$20:$AA$23,'Lista Suspensa'!$AB$20:$AB$23,"N/A") -> N/A
A64: Sim | B64: 46147 | C64: Transbordo/Navegação | D64: Captado pela Amil/Call Center | E64: 94578567 | F64: MARCO ANTONIO ALVES D APRILE | G64: 10619504846 | H64: 25071 | I64: 57 | J64: M | K64: SP | L64: SAO PAULO | N64: NÍVEL 60 | O64: 11991658165 | P64: ISMAEL | Q64: 1. Aceitou o programa | R64: 46161 | T64: Contato Com Sucesso | U64: Ativo | V64: 46148 | W64: Não se aplica | X64: Não se aplica | Z64: Agendada | AA64: 46164 | AB64: Realizada | AF64: 2.4 | AG64: 2.4 | AH64: Amil - Unidade Avançada Vitoria | AI64: Amil - Unidade Avançada Vitoria | AJ64: Confirmado | AL64: Sim | AM64: Sim | AN64: Anticoagulante | AO64: =MONTH(B64)&"/"&YEAR(B64) -> 5/2026 | AP64: =WEEKNUM(B64)-WEEKNUM(EOMONTH(B64,-1)+1)+1 -> 2 | AQ64: =MONTH(R64)&"/"&YEAR(R64) -> 5/2026 | AR64: =WEEKNUM(R64)-WEEKNUM(EOMONTH(R64,-1)+1)+1 -> 4 | AS64: =IF(AW64="S",IF(Q64="1. Aceitou o programa",R64-B64,0),0) -> 0 | AT64: =IF(AW64="S",IF(AND(S64<>"",R64<>""),S64-R64,0),0) -> 0 | AU64: =IF(AW64="S",IF(Q64="1. Aceitou o programa",IF(OR(X64="Não se Aplica",X64=""),IF(OR(W64="Não se Aplica",W64=""),0,W64-V64),AVERAGE(X64-W64,W64-V64)),0),0) -> 0 | AV64: =IF(AW64="S",IF(AND(Q64="1. Aceitou o programa",AB64="Realizada"),IFERROR(IF(AA64="",0,AA64-R64),0),0),0) -> 0 | AW64: =_xlfn.XLOOKUP(W64,'Lista Suspensa'!$AA$20:$AA$23,'Lista Suspensa'!$AB$20:$AB$23,"N/A") -> N/A
A65: Não | B65: 46147 | C65: Transbordo/Navegação | D65: Captado pela Amil/Call Center | E65: 81654902 | F65: SILVIA DE SOUZA BADARO RAMOS | G65: 12970002850 | H65: 25946 | I65: 55 | J65: F | K65: SP | L65: SAO PAULO | N65: NÍVEL 40 | O65: 11-968781877 | P65: ISMAEL | Q65: 1. Aceitou o programa | R65: 46161 | T65: Contato Com Sucesso | U65: Ativo | V65: 46157 | W65: Não se aplica | X65: Não se aplica | Z65: Agendada | AA65: 46167 | AB65: Realizada | AC65: 29/05/2026 14:40 | AF65: 2 | AG65: 2 | AJ65: Confirmado | AL65: Sim | AM65: Sim | AN65: Anticoagulante | AO65: =MONTH(B65)&"/"&YEAR(B65) -> 5/2026 | AP65: =WEEKNUM(B65)-WEEKNUM(EOMONTH(B65,-1)+1)+1 -> 2 | AQ65: =MONTH(R65)&"/"&YEAR(R65) -> 5/2026 | AR65: =WEEKNUM(R65)-WEEKNUM(EOMONTH(R65,-1)+1)+1 -> 4 | AS65: =IF(AW65="S",IF(Q65="1. Aceitou o programa",R65-B65,0),0) -> 0 | AT65: =IF(AW65="S",IF(AND(S65<>"",R65<>""),S65-R65,0),0) -> 0 | AU65: =IF(AW65="S",IF(Q65="1. Aceitou o programa",IF(OR(X65="Não se Aplica",X65=""),IF(OR(W65="Não se Aplica",W65=""),0,W65-V65),AVERAGE(X65-W65,W65-V65)),0),0) -> 0 | AV65: =IF(AW65="S",IF(AND(Q65="1. Aceitou o programa",AB65="Realizada"),IFERROR(IF(AA65="",0,AA65-R65),0),0),0) -> 0 | AW65: =_xlfn.XLOOKUP(W65,'Lista Suspensa'!$AA$20:$AA$23,'Lista Suspensa'!$AB$20:$AB$23,"N/A") -> N/A
A66: Não | B66: 46147 | C66: Transbordo/Navegação | D66: Captado pela Amil/Call Center | E66: 94854505 | F66: EDNA VITORIO DO NASCIMENTO | G66: 25559905852 | H66: 28315 | I66: 48 | J66: F | K66: SP | L66: SAO PAULO | N66: NÍVEL 60 | O66: 11998040284 | P66: ISMAEL | Q66: 1. Aceitou o programa | R66: 46161 | T66: Contato Com Sucesso | U66: Ativo | V66: 46157 | W66: Não se aplica | X66: Não se aplica | Z66: Agendada | AA66: 46164 | AB66: Realizada | AF66: 4.5 | AG66: 4.5 | AH66: CARDIOLOGIA | AJ66: Confirmado | AL66: Sim | AM66: Sim | AN66: Anticoagulante | AO66: =MONTH(B66)&"/"&YEAR(B66) -> 5/2026 | AP66: =WEEKNUM(B66)-WEEKNUM(EOMONTH(B66,-1)+1)+1 -> 2 | AQ66: =MONTH(R66)&"/"&YEAR(R66) -> 5/2026 | AR66: =WEEKNUM(R66)-WEEKNUM(EOMONTH(R66,-1)+1)+1 -> 4 | AS66: =IF(AW66="S",IF(Q66="1. Aceitou o programa",R66-B66,0),0) -> 0 | AT66: =IF(AW66="S",IF(AND(S66<>"",R66<>""),S66-R66,0),0) -> 0 | AU66: =IF(AW66="S",IF(Q66="1. Aceitou o programa",IF(OR(X66="Não se Aplica",X66=""),IF(OR(W66="Não se Aplica",W66=""),0,W66-V66),AVERAGE(X66-W66,W66-V66)),0),0) -> 0 | AV66: =IF(AW66="S",IF(AND(Q66="1. Aceitou o programa",AB66="Realizada"),IFERROR(IF(AA66="",0,AA66-R66),0),0),0) -> 0 | AW66: =_xlfn.XLOOKUP(W66,'Lista Suspensa'!$AA$20:$AA$23,'Lista Suspensa'!$AB$20:$AB$23,"N/A") -> N/A
A67: Não | B67: 46147 | C67: Transbordo/Navegação | D67: Captado pela Amil/Call Center | E67: 93204326 | F67: RENATA CARINA DE OLIVEIRA FERREIRA | G67: 26971319818 | H67: 28525 | I67: 48 | J67: F | K67: SP | L67: SAO PAULO | N67: NÍVEL 380 | O67: 11-977109053 | P67: ISMAEL | Q67: 1. Aceitou o programa | R67: 46171 | T67: Contato Com Sucesso | U67: Ativo | V67: 46157 | W67: 46161 | X67: 46171 | Z67: Agendada | AA67: 46180.681 | AB67: Não realizada - Falta | AL67: Sim | AM67: Sim | AN67: Anticoagulante | AO67: =MONTH(B67)&"/"&YEAR(B67) -> 5/2026 | AP67: =WEEKNUM(B67)-WEEKNUM(EOMONTH(B67,-1)+1)+1 -> 2 | AQ67: =MONTH(R67)&"/"&YEAR(R67) -> 5/2026 | AR67: =WEEKNUM(R67)-WEEKNUM(EOMONTH(R67,-1)+1)+1 -> 5 | AS67: =IF(AW67="S",IF(Q67="1. Aceitou o programa",R67-B67,0),0) -> 0 | AT67: =IF(AW67="S",IF(AND(S67<>"",R67<>""),S67-R67,0),0) -> 0 | AU67: =IF(AW67="S",IF(Q67="1. Aceitou o programa",IF(OR(X67="Não se Aplica",X67=""),IF(OR(W67="Não se Aplica",W67=""),0,W67-V67),AVERAGE(X67-W67,W67-V67)),0),0) -> 0 | AV67: =IF(AW67="S",IF(AND(Q67="1. Aceitou o programa",AB67="Realizada"),IFERROR(IF(AA67="",0,AA67-R67),0),0),0) -> 0 | AW67: =_xlfn.XLOOKUP(W67,'Lista Suspensa'!$AA$20:$AA$23,'Lista Suspensa'!$AB$20:$AB$23,"N/A") -> N/A
A68: Não | B68: 46147 | C68: Transbordo/Navegação | D68: Captado pela Amil/Call Center | E68: 780254805 | F68: JOSEFA PAULO DA SILVA VALERIO | G68: 5047025802 | H68: 21644 | I68: 67 | J68: F | K68: SP | L68: SAO PAULO | N68: NÍVEL 400 | O68: 11-982674668 | P68: ISMAEL | Q68: 1. Aceitou o programa | R68: 46171 | T68: Contato Com Sucesso | U68: Ativo | V68: 46157 | W68: 46161 | X68: 46171 | Z68: Agendada | AA68: 46180.667 | AB68: Não realizada - Falta | AL68: Sim | AM68: Sim | AN68: Anticoagulante | AO68: =MONTH(B68)&"/"&YEAR(B68) -> 5/2026 | AP68: =WEEKNUM(B68)-WEEKNUM(EOMONTH(B68,-1)+1)+1 -> 2 | AQ68: =MONTH(R68)&"/"&YEAR(R68) -> 5/2026 | AR68: =WEEKNUM(R68)-WEEKNUM(EOMONTH(R68,-1)+1)+1 -> 5 | AS68: =IF(AW68="S",IF(Q68="1. Aceitou o programa",R68-B68,0),0) -> 0 | AT68: =IF(AW68="S",IF(AND(S68<>"",R68<>""),S68-R68,0),0) -> 0 | AU68: =IF(AW68="S",IF(Q68="1. Aceitou o programa",IF(OR(X68="Não se Aplica",X68=""),IF(OR(W68="Não se Aplica",W68=""),0,W68-V68),AVERAGE(X68-W68,W68-V68)),0),0) -> 0 | AV68: =IF(AW68="S",IF(AND(Q68="1. Aceitou o programa",AB68="Realizada"),IFERROR(IF(AA68="",0,AA68-R68),0),0),0) -> 0 | AW68: =_xlfn.XLOOKUP(W68,'Lista Suspensa'!$AA$20:$AA$23,'Lista Suspensa'!$AB$20:$AB$23,"N/A") -> N/A
A69: Não | B69: 46147 | C69: Transbordo/Navegação | D69: Captado pela Amil/Call Center | E69: 451346319 | F69: ANDRE MARTINS DE ARAUJO | G69: 17491294855 | H69: 27347 | I69: 51 | J69: M | K69: SP | L69: SAO PAULO | N69: NÍVEL 300 | O69: 11-982791682 / 11982236727 | P69: ISMAEL | Q69: 1. Aceitou o programa | R69: 46161 | T69: Contato Com Sucesso | U69: Ativo | V69: 46161 | W69: Não se aplica | X69: Não se aplica | Z69: Agendada | AA69: 46167 | AB69: Realizada | AF69: 2.8 | AG69: 2.8 | AH69: Amil - Unidade Avançada Vitoria | AI69: Amil - Unidade Avançada Vitoria | AJ69: Confirmado | AL69: Sim | AM69: Sim | AN69: Anticoagulante | AO69: =MONTH(B69)&"/"&YEAR(B69) -> 5/2026 | AP69: =WEEKNUM(B69)-WEEKNUM(EOMONTH(B69,-1)+1)+1 -> 2 | AQ69: =MONTH(R69)&"/"&YEAR(R69) -> 5/2026 | AR69: =WEEKNUM(R69)-WEEKNUM(EOMONTH(R69,-1)+1)+1 -> 4 | AS69: =IF(AW69="S",IF(Q69="1. Aceitou o programa",R69-B69,0),0) -> 0 | AT69: =IF(AW69="S",IF(AND(S69<>"",R69<>""),S69-R69,0),0) -> 0 | AU69: =IF(AW69="S",IF(Q69="1. Aceitou o programa",IF(OR(X69="Não se Aplica",X69=""),IF(OR(W69="Não se Aplica",W69=""),0,W69-V69),AVERAGE(X69-W69,W69-V69)),0),0) -> 0 | AV69: =IF(AW69="S",IF(AND(Q69="1. Aceitou o programa",AB69="Realizada"),IFERROR(IF(AA69="",0,AA69-R69),0),0),0) -> 0 | AW69: =_xlfn.XLOOKUP(W69,'Lista Suspensa'!$AA$20:$AA$23,'Lista Suspensa'!$AB$20:$AB$23,"N/A") -> N/A
A70: Não | B70: 46147 | C70: Transbordo/Navegação | D70: Captado pela Amil/Call Center | E70: 82806833 | F70: MARIA VALDETE DE OLIVEIRA | G70: 28280546839 | H70: 28368 | I70: 48 | J70: F | K70: SP | L70: SAO PAULO | N70: NÍVEL 60 | O70: 11-984333963 | P70: ISMAEL | Q70: 1. Aceitou o programa | R70: 46161 | T70: Contato Com Sucesso | U70: Ativo | V70: 46161 | W70: Não se aplica | X70: Não se aplica | Z70: Agendada | AA70: 46164 | AB70: Realizada | AF70: N/A | AG70: N/A | AH70: HOSPITAL LUZ BUTANTÃ | AJ70: Confirmado | AL70: Sim | AM70: Sim | AN70: Anticoagulante | AO70: =MONTH(B70)&"/"&YEAR(B70) -> 5/2026 | AP70: =WEEKNUM(B70)-WEEKNUM(EOMONTH(B70,-1)+1)+1 -> 2 | AQ70: =MONTH(R70)&"/"&YEAR(R70) -> 5/2026 | AR70: =WEEKNUM(R70)-WEEKNUM(EOMONTH(R70,-1)+1)+1 -> 4 | AS70: =IF(AW70="S",IF(Q70="1. Aceitou o programa",R70-B70,0),0) -> 0 | AT70: =IF(AW70="S",IF(AND(S70<>"",R70<>""),S70-R70,0),0) -> 0 | AU70: =IF(AW70="S",IF(Q70="1. Aceitou o programa",IF(OR(X70="Não se Aplica",X70=""),IF(OR(W70="Não se Aplica",W70=""),0,W70-V70),AVERAGE(X70-W70,W70-V70)),0),0) -> 0 | AV70: =IF(AW70="S",IF(AND(Q70="1. Aceitou o programa",AB70="Realizada"),IFERROR(IF(AA70="",0,AA70-R70),0),0),0) -> 0 | AW70: =_xlfn.XLOOKUP(W70,'Lista Suspensa'!$AA$20:$AA$23,'Lista Suspensa'!$AB$20:$AB$23,"N/A") -> N/A
A71: Não | B71: 46147 | C71: Transbordo/Navegação | D71: Captado pela Amil/Call Center | E71: 88369083 | F71: LUCAS HENRIQUE SANTOS | G71: 43894394803 | H71: 35024 | I71: 30 | J71: M | K71: SP | L71: SAO PAULO | N71: NÍVEL 80 | O71: 11-984947624 | P71: ISMAEL | Q71: 1. Aceitou o programa | R71: 46161 | T71: Contato Com Sucesso | U71: Ativo | V71: 46161 | W71: Não se aplica | X71: Não se aplica | Z71: Agendada | AA71: 46170 | AB71: Não realizada - Falta | AL71: Sim | AM71: Sim | AN71: Anticoagulante | AO71: =MONTH(B71)&"/"&YEAR(B71) -> 5/2026 | AP71: =WEEKNUM(B71)-WEEKNUM(EOMONTH(B71,-1)+1)+1 -> 2 | AQ71: =MONTH(R71)&"/"&YEAR(R71) -> 5/2026 | AR71: =WEEKNUM(R71)-WEEKNUM(EOMONTH(R71,-1)+1)+1 -> 4 | AS71: =IF(AW71="S",IF(Q71="1. Aceitou o programa",R71-B71,0),0) -> 0 | AT71: =IF(AW71="S",IF(AND(S71<>"",R71<>""),S71-R71,0),0) -> 0 | AU71: =IF(AW71="S",IF(Q71="1. Aceitou o programa",IF(OR(X71="Não se Aplica",X71=""),IF(OR(W71="Não se Aplica",W71=""),0,W71-V71),AVERAGE(X71-W71,W71-V71)),0),0) -> 0 | AV71: =IF(AW71="S",IF(AND(Q71="1. Aceitou o programa",AB71="Realizada"),IFERROR(IF(AA71="",0,AA71-R71),0),0),0) -> 0 | AW71: =_xlfn.XLOOKUP(W71,'Lista Suspensa'!$AA$20:$AA$23,'Lista Suspensa'!$AB$20:$AB$23,"N/A") -> N/A
A72: Não | B72: 46147 | C72: Transbordo/Navegação | D72: Captado pela Amil/Call Center | E72: 93006973 | F72: MARCIA APARECIDA MORAES NETO | G72: 32333515856 | H72: 21723 | I72: 66 | J72: F | K72: SP | L72: SAO PAULO | N72: NÍVEL 110 | O72: 11-986514748 | P72: ISMAEL | Q72: 1. Aceitou o programa | R72: 46171 | T72: Contato Com Sucesso | U72: Ativo | V72: 46161 | W72: 46171 | X72: Não se aplica | Z72: Agendada | AA72: 46181.403 | AB72: Realizada | AL72: Sim | AM72: Sim | AN72: Anticoagulante | AO72: =MONTH(B72)&"/"&YEAR(B72) -> 5/2026 | AP72: =WEEKNUM(B72)-WEEKNUM(EOMONTH(B72,-1)+1)+1 -> 2 | AQ72: =MONTH(R72)&"/"&YEAR(R72) -> 5/2026 | AR72: =WEEKNUM(R72)-WEEKNUM(EOMONTH(R72,-1)+1)+1 -> 5 | AS72: =IF(AW72="S",IF(Q72="1. Aceitou o programa",R72-B72,0),0) -> 0 | AT72: =IF(AW72="S",IF(AND(S72<>"",R72<>""),S72-R72,0),0) -> 0 | AU72: =IF(AW72="S",IF(Q72="1. Aceitou o programa",IF(OR(X72="Não se Aplica",X72=""),IF(OR(W72="Não se Aplica",W72=""),0,W72-V72),AVERAGE(X72-W72,W72-V72)),0),0) -> 0 | AV72: =IF(AW72="S",IF(AND(Q72="1. Aceitou o programa",AB72="Realizada"),IFERROR(IF(AA72="",0,AA72-R72),0),0),0) -> 0 | AW72: =_xlfn.XLOOKUP(W72,'Lista Suspensa'!$AA$20:$AA$23,'Lista Suspensa'!$AB$20:$AB$23,"N/A") -> N/A
A73: Não | B73: 46147 | C73: Transbordo/Navegação | D73: Captado pela Amil/Call Center | E73: 72226551 | F73: CASSIA DA SILVA ABREU | G73: 9618245730 | H73: 29682 | I73: 45 | J73: F | K73: SP | L73: SAO PAULO | N73: NÍVEL 50 | O73: 11-99160-9580 | P73: ISMAEL | Q73: 1. Aceitou o programa | R73: 46161 | T73: Contato Com Sucesso | U73: Ativo | V73: 46161 | W73: Não se aplica | X73: Não se aplica | Z73: Agendada | AA73: 46170 | AB73: Não realizada - Falta | AC73: 46180.486 | AL73: Sim | AM73: Sim | AN73: Anticoagulante | AO73: =MONTH(B73)&"/"&YEAR(B73) -> 5/2026 | AP73: =WEEKNUM(B73)-WEEKNUM(EOMONTH(B73,-1)+1)+1 -> 2 | AQ73: =MONTH(R73)&"/"&YEAR(R73) -> 5/2026 | AR73: =WEEKNUM(R73)-WEEKNUM(EOMONTH(R73,-1)+1)+1 -> 4 | AS73: =IF(AW73="S",IF(Q73="1. Aceitou o programa",R73-B73,0),0) -> 0 | AT73: =IF(AW73="S",IF(AND(S73<>"",R73<>""),S73-R73,0),0) -> 0 | AU73: =IF(AW73="S",IF(Q73="1. Aceitou o programa",IF(OR(X73="Não se Aplica",X73=""),IF(OR(W73="Não se Aplica",W73=""),0,W73-V73),AVERAGE(X73-W73,W73-V73)),0),0) -> 0 | AV73: =IF(AW73="S",IF(AND(Q73="1. Aceitou o programa",AB73="Realizada"),IFERROR(IF(AA73="",0,AA73-R73),0),0),0) -> 0 | AW73: =_xlfn.XLOOKUP(W73,'Lista Suspensa'!$AA$20:$AA$23,'Lista Suspensa'!$AB$20:$AB$23,"N/A") -> N/A
A74: Não | B74: 46147 | C74: Transbordo/Navegação | D74: Captado pela Amil/Call Center | E74: 89765214 | F74: INES DE CASSIA SANTI NASSIR | G74: 8583789819 | H74: 24405 | I74: 59 | J74: F | K74: SP | L74: SAO PAULO | N74: NÍVEL 110 | O74: 11992871344 | P74: ISMAEL | Q74: 1. Aceitou o programa | R74: 46161 | T74: Contato Com Sucesso | U74: Ativo | V74: 46161 | W74: Não se aplica | X74: Não se aplica | Z74: Agendada | AA74: 46168 | AB74: Realizada | AC74: 46179.639 | AF74: 3.5 | AG74: 3.5 | AJ74: Confirmado | AL74: Sim | AM74: Sim | AN74: Anticoagulante | AO74: =MONTH(B74)&"/"&YEAR(B74) -> 5/2026 | AP74: =WEEKNUM(B74)-WEEKNUM(EOMONTH(B74,-1)+1)+1 -> 2 | AQ74: =MONTH(R74)&"/"&YEAR(R74) -> 5/2026 | AR74: =WEEKNUM(R74)-WEEKNUM(EOMONTH(R74,-1)+1)+1 -> 4 | AS74: =IF(AW74="S",IF(Q74="1. Aceitou o programa",R74-B74,0),0) -> 0 | AT74: =IF(AW74="S",IF(AND(S74<>"",R74<>""),S74-R74,0),0) -> 0 | AU74: =IF(AW74="S",IF(Q74="1. Aceitou o programa",IF(OR(X74="Não se Aplica",X74=""),IF(OR(W74="Não se Aplica",W74=""),0,W74-V74),AVERAGE(X74-W74,W74-V74)),0),0) -> 0 | AV74: =IF(AW74="S",IF(AND(Q74="1. Aceitou o programa",AB74="Realizada"),IFERROR(IF(AA74="",0,AA74-R74),0),0),0) -> 0 | AW74: =_xlfn.XLOOKUP(W74,'Lista Suspensa'!$AA$20:$AA$23,'Lista Suspensa'!$AB$20:$AB$23,"N/A") -> N/A
A75: Não | B75: 46147 | C75: Transbordo/Navegação | D75: Captado pela Amil/Call Center | E75: 94605649 | F75: MARCELO ANDRE CARONE | G75: 29092458880 | H75: 28981 | I75: 47 | J75: M | K75: SP | L75: SAO PAULO | N75: NÍVEL 750 | O75: 11-996857554 | P75: ISMAEL | Q75: 1. Aceitou o programa | R75: 46161 | T75: Contato Com Sucesso | U75: Ativo | V75: 46161 | W75: Não se aplica | X75: Não se aplica | Z75: Agendada | AA75: 46168 | AB75: Não realizada - Falta | AC75: 46180.403 | AL75: Sim | AM75: Sim | AN75: Anticoagulante | AO75: =MONTH(B75)&"/"&YEAR(B75) -> 5/2026 | AP75: =WEEKNUM(B75)-WEEKNUM(EOMONTH(B75,-1)+1)+1 -> 2 | AQ75: =MONTH(R75)&"/"&YEAR(R75) -> 5/2026 | AR75: =WEEKNUM(R75)-WEEKNUM(EOMONTH(R75,-1)+1)+1 -> 4 | AS75: =IF(AW75="S",IF(Q75="1. Aceitou o programa",R75-B75,0),0) -> 0 | AT75: =IF(AW75="S",IF(AND(S75<>"",R75<>""),S75-R75,0),0) -> 0 | AU75: =IF(AW75="S",IF(Q75="1. Aceitou o programa",IF(OR(X75="Não se Aplica",X75=""),IF(OR(W75="Não se Aplica",W75=""),0,W75-V75),AVERAGE(X75-W75,W75-V75)),0),0) -> 0 | AV75: =IF(AW75="S",IF(AND(Q75="1. Aceitou o programa",AB75="Realizada"),IFERROR(IF(AA75="",0,AA75-R75),0),0),0) -> 0 | AW75: =_xlfn.XLOOKUP(W75,'Lista Suspensa'!$AA$20:$AA$23,'Lista Suspensa'!$AB$20:$AB$23,"N/A") -> N/A
A76: Não | B76: 46147 | C76: Transbordo/Navegação | D76: Captado pela Amil/Call Center | E76: 89799060 | F76: SONIA APARECIDA JUSTO DE FARIAS | G76: 3455271863 | H76: 21127 | I76: 68 | J76: F | K76: SP | L76: SAO PAULO | N76: NÍVEL 110 | O76: 11-997416155 | P76: ISMAEL | Q76: 1. Aceitou o programa | R76: 46161 | T76: Contato Com Sucesso | U76: Ativo | V76: 46161 | W76: Não se aplica | X76: Não se aplica | Z76: Agendada | AA76: 46168 | AB76: Realizada | AD76: Média | AF76: 2.4 | AG76: 2.4 | AH76: Amil - Unidade Avançada Vitoria | AI76: Amil - Unidade Avançada Vitoria | AJ76: Confirmado | AL76: Sim | AM76: Sim | AN76: Anticoagulante | AO76: =MONTH(B76)&"/"&YEAR(B76) -> 5/2026 | AP76: =WEEKNUM(B76)-WEEKNUM(EOMONTH(B76,-1)+1)+1 -> 2 | AQ76: =MONTH(R76)&"/"&YEAR(R76) -> 5/2026 | AR76: =WEEKNUM(R76)-WEEKNUM(EOMONTH(R76,-1)+1)+1 -> 4 | AS76: =IF(AW76="S",IF(Q76="1. Aceitou o programa",R76-B76,0),0) -> 0 | AT76: =IF(AW76="S",IF(AND(S76<>"",R76<>""),S76-R76,0),0) -> 0 | AU76: =IF(AW76="S",IF(Q76="1. Aceitou o programa",IF(OR(X76="Não se Aplica",X76=""),IF(OR(W76="Não se Aplica",W76=""),0,W76-V76),AVERAGE(X76-W76,W76-V76)),0),0) -> 0 | AV76: =IF(AW76="S",IF(AND(Q76="1. Aceitou o programa",AB76="Realizada"),IFERROR(IF(AA76="",0,AA76-R76),0),0),0) -> 0 | AW76: =_xlfn.XLOOKUP(W76,'Lista Suspensa'!$AA$20:$AA$23,'Lista Suspensa'!$AB$20:$AB$23,"N/A") -> N/A
A77: Não | B77: 46147 | C77: Transbordo/Navegação | D77: Captado pela Amil/Call Center | E77: 74545222 | F77: DONIZETI FERNANDO DE SOUZA | G77: 35107835813 | H77: 31558 | I77: 39 | J77: M | K77: SP | L77: SAO PAULO | N77: NÍVEL 200 | O77: 11-997499450 | P77: ISMAEL | Q77: 1. Aceitou o programa | R77: 46161 | T77: Contato Com Sucesso | U77: Ativo | V77: 46161 | W77: Não se aplica | X77: Não se aplica | Z77: Agendada | AA77: 46164 | AB77: Não realizada - Falta | AL77: Sim | AM77: Sim | AN77: Anticoagulante | AO77: =MONTH(B77)&"/"&YEAR(B77) -> 5/2026 | AP77: =WEEKNUM(B77)-WEEKNUM(EOMONTH(B77,-1)+1)+1 -> 2 | AQ77: =MONTH(R77)&"/"&YEAR(R77) -> 5/2026 | AR77: =WEEKNUM(R77)-WEEKNUM(EOMONTH(R77,-1)+1)+1 -> 4 | AS77: =IF(AW77="S",IF(Q77="1. Aceitou o programa",R77-B77,0),0) -> 0 | AT77: =IF(AW77="S",IF(AND(S77<>"",R77<>""),S77-R77,0),0) -> 0 | AU77: =IF(AW77="S",IF(Q77="1. Aceitou o programa",IF(OR(X77="Não se Aplica",X77=""),IF(OR(W77="Não se Aplica",W77=""),0,W77-V77),AVERAGE(X77-W77,W77-V77)),0),0) -> 0 | AV77: =IF(AW77="S",IF(AND(Q77="1. Aceitou o programa",AB77="Realizada"),IFERROR(IF(AA77="",0,AA77-R77),0),0),0) -> 0 | AW77: =_xlfn.XLOOKUP(W77,'Lista Suspensa'!$AA$20:$AA$23,'Lista Suspensa'!$AB$20:$AB$23,"N/A") -> N/A
A78: Não | B78: 46147 | C78: Transbordo/Navegação | D78: Captado pela Amil/Call Center | E78: 95055030 | F78: ZULEICA RANGEL SANTOS | G78: 27672470884 | H78: 28178 | I78: 49 | J78: F | K78: SP | L78: SAO PAULO | N78: NÍVEL 110 | O78: 11-998480535 | P78: ISMAEL | Q78: 1. Aceitou o programa | R78: 46161 | T78: Contato Com Sucesso | U78: Ativo | V78: 46161 | W78: Não se aplica | X78: Não se aplica | Z78: Agendada | AA78: 46168 | AB78: Não realizada - Falta | AL78: Sim | AM78: Sim | AN78: Anticoagulante | AO78: =MONTH(B78)&"/"&YEAR(B78) -> 5/2026 | AP78: =WEEKNUM(B78)-WEEKNUM(EOMONTH(B78,-1)+1)+1 -> 2 | AQ78: =MONTH(R78)&"/"&YEAR(R78) -> 5/2026 | AR78: =WEEKNUM(R78)-WEEKNUM(EOMONTH(R78,-1)+1)+1 -> 4 | AS78: =IF(AW78="S",IF(Q78="1. Aceitou o programa",R78-B78,0),0) -> 0 | AT78: =IF(AW78="S",IF(AND(S78<>"",R78<>""),S78-R78,0),0) -> 0 | AU78: =IF(AW78="S",IF(Q78="1. Aceitou o programa",IF(OR(X78="Não se Aplica",X78=""),IF(OR(W78="Não se Aplica",W78=""),0,W78-V78),AVERAGE(X78-W78,W78-V78)),0),0) -> 0 | AV78: =IF(AW78="S",IF(AND(Q78="1. Aceitou o programa",AB78="Realizada"),IFERROR(IF(AA78="",0,AA78-R78),0),0),0) -> 0 | AW78: =_xlfn.XLOOKUP(W78,'Lista Suspensa'!$AA$20:$AA$23,'Lista Suspensa'!$AB$20:$AB$23,"N/A") -> N/A
A79: Não | B79: 46147 | C79: Transbordo/Navegação | D79: Captado pela Amil/Call Center | E79: 96097625 | F79: DEBORA GOMES AGRIPINO | G79: 26807993803 | H79: 28381 | I79: 48 | J79: F | K79: SP | L79: SAO PAULO | N79: NÍVEL 60 | O79: 11-999050902 | P79: ISMAEL | Q79: 1. Aceitou o programa | R79: 46161 | T79: Contato Com Sucesso | U79: Ativo | V79: 46161 | W79: Não se aplica | X79: Não se aplica | Z79: Agendada | AA79: 46163 | AB79: Realizada | AL79: Sim | AM79: Sim | AN79: Anticoagulante | AO79: =MONTH(B79)&"/"&YEAR(B79) -> 5/2026 | AP79: =WEEKNUM(B79)-WEEKNUM(EOMONTH(B79,-1)+1)+1 -> 2 | AQ79: =MONTH(R79)&"/"&YEAR(R79) -> 5/2026 | AR79: =WEEKNUM(R79)-WEEKNUM(EOMONTH(R79,-1)+1)+1 -> 4 | AS79: =IF(AW79="S",IF(Q79="1. Aceitou o programa",R79-B79,0),0) -> 0 | AT79: =IF(AW79="S",IF(AND(S79<>"",R79<>""),S79-R79,0),0) -> 0 | AU79: =IF(AW79="S",IF(Q79="1. Aceitou o programa",IF(OR(X79="Não se Aplica",X79=""),IF(OR(W79="Não se Aplica",W79=""),0,W79-V79),AVERAGE(X79-W79,W79-V79)),0),0) -> 0 | AV79: =IF(AW79="S",IF(AND(Q79="1. Aceitou o programa",AB79="Realizada"),IFERROR(IF(AA79="",0,AA79-R79),0),0),0) -> 0 | AW79: =_xlfn.XLOOKUP(W79,'Lista Suspensa'!$AA$20:$AA$23,'Lista Suspensa'!$AB$20:$AB$23,"N/A") -> N/A
A80: Não | B80: 46147 | C80: Transbordo/Navegação | D80: Captado pela Amil/Call Center | E80: 227747240 | F80: HELENITA DE OLIVEIRA SOUSA | G80: 9159242850 | H80: 24339 | I80: 59 | J80: F | K80: SP | L80: SAO PAULO | N80: NÍVEL 600 | O80: 11996565165 | P80: ISMAEL | Q80: 1. Aceitou o programa | R80: 46171 | T80: Contato Com Sucesso | U80: Ativo | V80: 46161 | W80: 46171 | X80: Não se aplica | Z80: Agendada | AA80: 46181.625 | AB80: Realizada | AL80: Sim | AM80: Sim | AN80: Anticoagulante | AO80: =MONTH(B80)&"/"&YEAR(B80) -> 5/2026 | AP80: =WEEKNUM(B80)-WEEKNUM(EOMONTH(B80,-1)+1)+1 -> 2 | AQ80: =MONTH(R80)&"/"&YEAR(R80) -> 5/2026 | AR80: =WEEKNUM(R80)-WEEKNUM(EOMONTH(R80,-1)+1)+1 -> 5 | AS80: =IF(AW80="S",IF(Q80="1. Aceitou o programa",R80-B80,0),0) -> 0 | AT80: =IF(AW80="S",IF(AND(S80<>"",R80<>""),S80-R80,0),0) -> 0 | AU80: =IF(AW80="S",IF(Q80="1. Aceitou o programa",IF(OR(X80="Não se Aplica",X80=""),IF(OR(W80="Não se Aplica",W80=""),0,W80-V80),AVERAGE(X80-W80,W80-V80)),0),0) -> 0 | AV80: =IF(AW80="S",IF(AND(Q80="1. Aceitou o programa",AB80="Realizada"),IFERROR(IF(AA80="",0,AA80-R80),0),0),0) -> 0 | AW80: =_xlfn.XLOOKUP(W80,'Lista Suspensa'!$AA$20:$AA$23,'Lista Suspensa'!$AB$20:$AB$23,"N/A") -> N/A
A81: Não | B81: 46147 | C81: Transbordo/Navegação | D81: Captado pela Amil/Call Center | E81: 87135438 | F81: GILMERIO QUEIROZ DE AMORIM | G81: 39626288515 | H81: 26697 | I81: 53 | J81: M | K81: SP | L81: SAO PAULO | N81: NÍVEL 60 | O81: 11-999846673 | P81: ISMAEL | Q81: 1. Aceitou o programa | R81: 46171 | T81: Contato Com Sucesso | U81: Ativo | V81: 46161 | W81: 46171 | X81: Não se aplica | Z81: Agendada | AA81: 46181.458 | AB81: Não realizada - Falta | AL81: Sim | AM81: Sim | AN81: Anticoagulante | AO81: =MONTH(B81)&"/"&YEAR(B81) -> 5/2026 | AP81: =WEEKNUM(B81)-WEEKNUM(EOMONTH(B81,-1)+1)+1 -> 2 | AQ81: =MONTH(R81)&"/"&YEAR(R81) -> 5/2026 | AR81: =WEEKNUM(R81)-WEEKNUM(EOMONTH(R81,-1)+1)+1 -> 5 | AS81: =IF(AW81="S",IF(Q81="1. Aceitou o programa",R81-B81,0),0) -> 0 | AT81: =IF(AW81="S",IF(AND(S81<>"",R81<>""),S81-R81,0),0) -> 0 | AU81: =IF(AW81="S",IF(Q81="1. Aceitou o programa",IF(OR(X81="Não se Aplica",X81=""),IF(OR(W81="Não se Aplica",W81=""),0,W81-V81),AVERAGE(X81-W81,W81-V81)),0),0) -> 0 | AV81: =IF(AW81="S",IF(AND(Q81="1. Aceitou o programa",AB81="Realizada"),IFERROR(IF(AA81="",0,AA81-R81),0),0),0) -> 0 | AW81: =_xlfn.XLOOKUP(W81,'Lista Suspensa'!$AA$20:$AA$23,'Lista Suspensa'!$AB$20:$AB$23,"N/A") -> N/A
A82: Sim | B82: 46149 | C82: Captação + Navegação | D82: Captado pela Amil/Call Center | E82: 78425739 | F82: SUZELENE DONIZETE SILVA DE SOUZA | G82: 561566771 | H82: 25704 | I82: 56 | J82: F | K82: RJ | L82: RIO DE JANEIRO | M82: ANIL | N82: 60 | O82: 21965228052 | P82: ISMAEL | Q82: 1. Aceitou o programa | R82: 46161 | T82: Contato Com Sucesso | U82: Ativo | V82: 46153 | W82: Não se aplica | X82: Não se aplica | Z82: Aguardando Agendamento | AJ82: Confirmado | AL82: Sim | AM82: Sim | AN82: Anticoagulante | AO82: =MONTH(B82)&"/"&YEAR(B82) -> 5/2026 | AP82: =WEEKNUM(B82)-WEEKNUM(EOMONTH(B82,-1)+1)+1 -> 2 | AQ82: =MONTH(R82)&"/"&YEAR(R82) -> 5/2026 | AR82: =WEEKNUM(R82)-WEEKNUM(EOMONTH(R82,-1)+1)+1 -> 4 | AS82: =IF(AW82="S",IF(Q82="1. Aceitou o programa",R82-B82,0),0) -> 0 | AT82: =IF(AW82="S",IF(AND(S82<>"",R82<>""),S82-R82,0),0) -> 0 | AU82: =IF(AW82="S",IF(Q82="1. Aceitou o programa",IF(OR(X82="Não se Aplica",X82=""),IF(OR(W82="Não se Aplica",W82=""),0,W82-V82),AVERAGE(X82-W82,W82-V82)),0),0) -> 0 | AV82: =IF(AW82="S",IF(AND(Q82="1. Aceitou o programa",AB82="Realizada"),IFERROR(IF(AA82="",0,AA82-R82),0),0),0) -> 0 | AW82: =_xlfn.XLOOKUP(W82,'Lista Suspensa'!$AA$20:$AA$23,'Lista Suspensa'!$AB$20:$AB$23,"N/A") -> N/A
A83: Não | B83: 46147 | C83: Transbordo/Navegação | D83: Captado pela Amil/Call Center | E83: 452060729 | F83: SANTA ROCHA DA SILVA | G83: 46953299649 | H83: 22153 | I83: 65 | J83: F | K83: SP | L83: BARUERI | N83: NÍVEL 300 | O83: 11-966946797 | P83: ISMAEL | Q83: 1. Aceitou o programa | R83: 46161 | T83: Contato Com Sucesso | U83: Ativo | V83: 46148 | W83: 46149 | X83: Não se aplica | Z83: Agendada | AA83: 46167 | AB83: Realizada | AF83: 3.2 | AG83: 3.2 | AJ83: Confirmado | AL83: Sim | AM83: Sim | AN83: Anticoagulante | AO83: =MONTH(B83)&"/"&YEAR(B83) -> 5/2026 | AP83: =WEEKNUM(B83)-WEEKNUM(EOMONTH(B83,-1)+1)+1 -> 2 | AQ83: =MONTH(R83)&"/"&YEAR(R83) -> 5/2026 | AR83: =WEEKNUM(R83)-WEEKNUM(EOMONTH(R83,-1)+1)+1 -> 4 | AS83: =IF(AW83="S",IF(Q83="1. Aceitou o programa",R83-B83,0),0) -> 0 | AT83: =IF(AW83="S",IF(AND(S83<>"",R83<>""),S83-R83,0),0) -> 0 | AU83: =IF(AW83="S",IF(Q83="1. Aceitou o programa",IF(OR(X83="Não se Aplica",X83=""),IF(OR(W83="Não se Aplica",W83=""),0,W83-V83),AVERAGE(X83-W83,W83-V83)),0),0) -> 0 | AV83: =IF(AW83="S",IF(AND(Q83="1. Aceitou o programa",AB83="Realizada"),IFERROR(IF(AA83="",0,AA83-R83),0),0),0) -> 0 | AW83: =_xlfn.XLOOKUP(W83,'Lista Suspensa'!$AA$20:$AA$23,'Lista Suspensa'!$AB$20:$AB$23,"N/A") -> N/A
A84: Não | B84: 46147 | C84: Transbordo/Navegação | D84: Captado pela Amil/Call Center | E84: 485038374 | F84: ALEXANDRE FERREIRA CAVICHIO | G84: 3812521750 | H84: 27131 | I84: 52 | J84: M | K84: DF | L84: BRASILIA | N84: NÍVEL 600 | O84: 61-98135-9445 | P84: ISMAEL | Q84: 1. Aceitou o programa | R84: 46161 | T84: Contato Com Sucesso | U84: Ativo | V84: 46148 | W84: 46149 | X84: 46161 | Z84: Agendada | AA84: 46167 | AB84: Realizada | AF84: 2.8 | AG84: 2.8 | AJ84: Confirmado | AL84: Sim | AM84: Sim | AN84: Anticoagulante | AO84: =MONTH(B84)&"/"&YEAR(B84) -> 5/2026 | AP84: =WEEKNUM(B84)-WEEKNUM(EOMONTH(B84,-1)+1)+1 -> 2 | AQ84: =MONTH(R84)&"/"&YEAR(R84) -> 5/2026 | AR84: =WEEKNUM(R84)-WEEKNUM(EOMONTH(R84,-1)+1)+1 -> 4 | AS84: =IF(AW84="S",IF(Q84="1. Aceitou o programa",R84-B84,0),0) -> 0 | AT84: =IF(AW84="S",IF(AND(S84<>"",R84<>""),S84-R84,0),0) -> 0 | AU84: =IF(AW84="S",IF(Q84="1. Aceitou o programa",IF(OR(X84="Não se Aplica",X84=""),IF(OR(W84="Não se Aplica",W84=""),0,W84-V84),AVERAGE(X84-W84,W84-V84)),0),0) -> 0 | AV84: =IF(AW84="S",IF(AND(Q84="1. Aceitou o programa",AB84="Realizada"),IFERROR(IF(AA84="",0,AA84-R84),0),0),0) -> 0 | AW84: =_xlfn.XLOOKUP(W84,'Lista Suspensa'!$AA$20:$AA$23,'Lista Suspensa'!$AB$20:$AB$23,"N/A") -> N/A
A85: Não | B85: 46147 | C85: Transbordo/Navegação | D85: Captado pela Amil/Call Center | E85: 71763928 | F85: ALEXANDRE CAVALCANTE SILVA | G85: 49056468120 | H85: 27317 | I85: 51 | J85: M | K85: DF | L85: BRASILIA | N85: NÍVEL 900 | O85: 61-984333684 | P85: ISMAEL | Q85: 1. Aceitou o programa | R85: 46161 | T85: Contato Com Sucesso | U85: Ativo | V85: 46148 | W85: Não se aplica | X85: Não se aplica | Z85: Agendada | AA85: 46167 | AB85: Realizada | AF85: 3.18 | AG85: 3.18 | AH85: Externo - Geral | AI85: Externo - Geral | AJ85: Confirmado | AL85: Sim | AM85: Sim | AN85: Anticoagulante | AO85: =MONTH(B85)&"/"&YEAR(B85) -> 5/2026 | AP85: =WEEKNUM(B85)-WEEKNUM(EOMONTH(B85,-1)+1)+1 -> 2 | AQ85: =MONTH(R85)&"/"&YEAR(R85) -> 5/2026 | AR85: =WEEKNUM(R85)-WEEKNUM(EOMONTH(R85,-1)+1)+1 -> 4 | AS85: =IF(AW85="S",IF(Q85="1. Aceitou o programa",R85-B85,0),0) -> 0 | AT85: =IF(AW85="S",IF(AND(S85<>"",R85<>""),S85-R85,0),0) -> 0 | AU85: =IF(AW85="S",IF(Q85="1. Aceitou o programa",IF(OR(X85="Não se Aplica",X85=""),IF(OR(W85="Não se Aplica",W85=""),0,W85-V85),AVERAGE(X85-W85,W85-V85)),0),0) -> 0 | AV85: =IF(AW85="S",IF(AND(Q85="1. Aceitou o programa",AB85="Realizada"),IFERROR(IF(AA85="",0,AA85-R85),0),0),0) -> 0 | AW85: =_xlfn.XLOOKUP(W85,'Lista Suspensa'!$AA$20:$AA$23,'Lista Suspensa'!$AB$20:$AB$23,"N/A") -> N/A
A86: Não | B86: 46147 | C86: Transbordo/Navegação | D86: Captado pela Amil/Call Center | E86: 969141980 | F86: MARCIA OLIVEIRA DE ARAUJO | G86: 93367600172 | H86: 29564 | I86: 45 | J86: F | K86: DF | L86: BRASILIA | N86: NÍVEL 400 | O86: 61-992831833 | P86: ISMAEL | Q86: 1. Aceitou o programa | R86: 46149 | T86: Contato Com Sucesso | U86: Ativo | V86: 46149 | W86: Não se aplica | X86: Não se aplica | Z86: Agendada | AA86: 46156 | AB86: Não realizada - Falta | AJ86: Confirmado | AL86: Sim | AM86: Sim | AN86: Anticoagulante | AO86: =MONTH(B86)&"/"&YEAR(B86) -> 5/2026 | AP86: =WEEKNUM(B86)-WEEKNUM(EOMONTH(B86,-1)+1)+1 -> 2 | AQ86: =MONTH(R86)&"/"&YEAR(R86) -> 5/2026 | AR86: =WEEKNUM(R86)-WEEKNUM(EOMONTH(R86,-1)+1)+1 -> 2 | AS86: =IF(AW86="S",IF(Q86="1. Aceitou o programa",R86-B86,0),0) -> 0 | AT86: =IF(AW86="S",IF(AND(S86<>"",R86<>""),S86-R86,0),0) -> 0 | AU86: =IF(AW86="S",IF(Q86="1. Aceitou o programa",IF(OR(X86="Não se Aplica",X86=""),IF(OR(W86="Não se Aplica",W86=""),0,W86-V86),AVERAGE(X86-W86,W86-V86)),0),0) -> 0 | AV86: =IF(AW86="S",IF(AND(Q86="1. Aceitou o programa",AB86="Realizada"),IFERROR(IF(AA86="",0,AA86-R86),0),0),0) -> 0 | AW86: =_xlfn.XLOOKUP(W86,'Lista Suspensa'!$AA$20:$AA$23,'Lista Suspensa'!$AB$20:$AB$23,"N/A") -> N/A
A87: Não | B87: 46147 | C87: Transbordo/Navegação | D87: Captado pela Amil/Call Center | E87: 84774201 | F87: EDILSON DE SANTANA MARIA | G87: 69705224587 | H87: 26870 | I87: 52 | J87: M | K87: SP | L87: CARAPICUIBA | N87: NÍVEL 60 | O87: 11-980905104 | P87: ISMAEL | Q87: 1. Aceitou o programa | R87: 46149 | T87: Contato Com Sucesso | U87: Ativo | V87: 46149 | W87: Não se aplica | X87: Não se aplica | Z87: Agendada | AA87: 46156 | AB87: Realizada | AF87: 3.7 | AG87: 3.7 | AH87: CARDIOLOGIA - AMIL SAUDE LUZ BUTANTÃ | AJ87: Confirmado | AL87: Sim | AM87: Sim | AN87: Anticoagulante | AO87: =MONTH(B87)&"/"&YEAR(B87) -> 5/2026 | AP87: =WEEKNUM(B87)-WEEKNUM(EOMONTH(B87,-1)+1)+1 -> 2 | AQ87: =MONTH(R87)&"/"&YEAR(R87) -> 5/2026 | AR87: =WEEKNUM(R87)-WEEKNUM(EOMONTH(R87,-1)+1)+1 -> 2 | AS87: =IF(AW87="S",IF(Q87="1. Aceitou o programa",R87-B87,0),0) -> 0 | AT87: =IF(AW87="S",IF(AND(S87<>"",R87<>""),S87-R87,0),0) -> 0 | AU87: =IF(AW87="S",IF(Q87="1. Aceitou o programa",IF(OR(X87="Não se Aplica",X87=""),IF(OR(W87="Não se Aplica",W87=""),0,W87-V87),AVERAGE(X87-W87,W87-V87)),0),0) -> 0 | AV87: =IF(AW87="S",IF(AND(Q87="1. Aceitou o programa",AB87="Realizada"),IFERROR(IF(AA87="",0,AA87-R87),0),0),0) -> 0 | AW87: =_xlfn.XLOOKUP(W87,'Lista Suspensa'!$AA$20:$AA$23,'Lista Suspensa'!$AB$20:$AB$23,"N/A") -> N/A
A88: Não | B88: 46147 | C88: Transbordo/Navegação | D88: Captado pela Amil/Call Center | E88: 793063426 | F88: ADALBERTO BARROS GOMES | G88: 20653522304 | H88: 21779 | I88: 66 | J88: M | K88: SP | L88: CARAPICUIBA | N88: NÍVEL 100 | O88: 11-983213384 | P88: ISMAEL | Q88: 1. Aceitou o programa | R88: 46149 | T88: Contato Com Sucesso | U88: Ativo | V88: 46149 | W88: Não se aplica | X88: Não se aplica | Z88: Agendada | AA88: 46156 | AB88: Não realizada - Falta | AJ88: Confirmado | AL88: Sim | AM88: Sim | AN88: Anticoagulante | AO88: =MONTH(B88)&"/"&YEAR(B88) -> 5/2026 | AP88: =WEEKNUM(B88)-WEEKNUM(EOMONTH(B88,-1)+1)+1 -> 2 | AQ88: =MONTH(R88)&"/"&YEAR(R88) -> 5/2026 | AR88: =WEEKNUM(R88)-WEEKNUM(EOMONTH(R88,-1)+1)+1 -> 2 | AS88: =IF(AW88="S",IF(Q88="1. Aceitou o programa",R88-B88,0),0) -> 0 | AT88: =IF(AW88="S",IF(AND(S88<>"",R88<>""),S88-R88,0),0) -> 0 | AU88: =IF(AW88="S",IF(Q88="1. Aceitou o programa",IF(OR(X88="Não se Aplica",X88=""),IF(OR(W88="Não se Aplica",W88=""),0,W88-V88),AVERAGE(X88-W88,W88-V88)),0),0) -> 0 | AV88: =IF(AW88="S",IF(AND(Q88="1. Aceitou o programa",AB88="Realizada"),IFERROR(IF(AA88="",0,AA88-R88),0),0),0) -> 0 | AW88: =_xlfn.XLOOKUP(W88,'Lista Suspensa'!$AA$20:$AA$23,'Lista Suspensa'!$AB$20:$AB$23,"N/A") -> N/A
A89: Não | B89: 46147 | C89: Transbordo/Navegação | D89: Captado pela Amil/Call Center | E89: 223827169 | F89: GILMAR ZAHOTEI COTRIM | G89: 443673845 | H89: 21584 | I89: 67 | J89: M | K89: SP | L89: CARAPICUIBA | N89: NÍVEL 600 | O89: 11-987837111 | P89: ISMAEL | Q89: 1. Aceitou o programa | R89: 46149 | T89: Contato Com Sucesso | U89: Ativo | V89: 46149 | W89: Não se aplica | X89: Não se aplica | Z89: Agendada | AA89: 46156 | AB89: Não realizada - Falta | AJ89: Confirmado | AL89: Sim | AM89: Sim | AN89: Anticoagulante | AO89: =MONTH(B89)&"/"&YEAR(B89) -> 5/2026 | AP89: =WEEKNUM(B89)-WEEKNUM(EOMONTH(B89,-1)+1)+1 -> 2 | AQ89: =MONTH(R89)&"/"&YEAR(R89) -> 5/2026 | AR89: =WEEKNUM(R89)-WEEKNUM(EOMONTH(R89,-1)+1)+1 -> 2 | AS89: =IF(AW89="S",IF(Q89="1. Aceitou o programa",R89-B89,0),0) -> 0 | AT89: =IF(AW89="S",IF(AND(S89<>"",R89<>""),S89-R89,0),0) -> 0 | AU89: =IF(AW89="S",IF(Q89="1. Aceitou o programa",IF(OR(X89="Não se Aplica",X89=""),IF(OR(W89="Não se Aplica",W89=""),0,W89-V89),AVERAGE(X89-W89,W89-V89)),0),0) -> 0 | AV89: =IF(AW89="S",IF(AND(Q89="1. Aceitou o programa",AB89="Realizada"),IFERROR(IF(AA89="",0,AA89-R89),0),0),0) -> 0 | AW89: =_xlfn.XLOOKUP(W89,'Lista Suspensa'!$AA$20:$AA$23,'Lista Suspensa'!$AB$20:$AB$23,"N/A") -> N/A
A90: Não | B90: 46147 | C90: Transbordo/Navegação | D90: Captado pela Amil/Call Center | E90: 461244691 | F90: ADELAR DOS SANTOS | G90: 25762005836 | H90: 26201 | I90: 54 | J90: M | K90: SP | L90: COTIA | N90: NÍVEL 300 | O90: 11-985589155 | P90: ISMAEL | Q90: 1. Aceitou o programa | R90: 46149 | T90: Contato Com Sucesso | U90: Ativo | V90: 46149 | W90: Não se aplica | X90: Não se aplica | Z90: Agendada | AA90: 46155 | AB90: Realizada | AF90: 2 | AG90: 2 | AJ90: Confirmado | AL90: Sim | AM90: Sim | AN90: Anticoagulante | AO90: =MONTH(B90)&"/"&YEAR(B90) -> 5/2026 | AP90: =WEEKNUM(B90)-WEEKNUM(EOMONTH(B90,-1)+1)+1 -> 2 | AQ90: =MONTH(R90)&"/"&YEAR(R90) -> 5/2026 | AR90: =WEEKNUM(R90)-WEEKNUM(EOMONTH(R90,-1)+1)+1 -> 2 | AS90: =IF(AW90="S",IF(Q90="1. Aceitou o programa",R90-B90,0),0) -> 0 | AT90: =IF(AW90="S",IF(AND(S90<>"",R90<>""),S90-R90,0),0) -> 0 | AU90: =IF(AW90="S",IF(Q90="1. Aceitou o programa",IF(OR(X90="Não se Aplica",X90=""),IF(OR(W90="Não se Aplica",W90=""),0,W90-V90),AVERAGE(X90-W90,W90-V90)),0),0) -> 0 | AV90: =IF(AW90="S",IF(AND(Q90="1. Aceitou o programa",AB90="Realizada"),IFERROR(IF(AA90="",0,AA90-R90),0),0),0) -> 0 | AW90: =_xlfn.XLOOKUP(W90,'Lista Suspensa'!$AA$20:$AA$23,'Lista Suspensa'!$AB$20:$AB$23,"N/A") -> N/A
A91: Não | B91: 46147 | C91: Transbordo/Navegação | D91: Captado pela Amil/Call Center | E91: 450630030 | F91: MARIA CLEMENTINA DOS SANTOS | G91: 13439072843 | H91: 24257 | I91: 59 | J91: F | K91: SP | L91: DIADEMA | N91: NÍVEL 300 | O91: 11-952212071 | P91: ISMAEL | Q91: 1. Aceitou o programa | R91: 46161 | T91: Contato Com Sucesso | U91: Ativo | V91: 46161 | W91: Não se aplica | X91: Não se aplica | Z91: Agendada | AA91: 46171 | AB91: Realizada | AF91: NAO SE APLICA | AG91: 2.62 | AL91: Sim | AM91: Sim | AN91: Anticoagulante | AO91: =MONTH(B91)&"/"&YEAR(B91) -> 5/2026 | AP91: =WEEKNUM(B91)-WEEKNUM(EOMONTH(B91,-1)+1)+1 -> 2 | AQ91: =MONTH(R91)&"/"&YEAR(R91) -> 5/2026 | AR91: =WEEKNUM(R91)-WEEKNUM(EOMONTH(R91,-1)+1)+1 -> 4 | AS91: =IF(AW91="S",IF(Q91="1. Aceitou o programa",R91-B91,0),0) -> 0 | AT91: =IF(AW91="S",IF(AND(S91<>"",R91<>""),S91-R91,0),0) -> 0 | AU91: =IF(AW91="S",IF(Q91="1. Aceitou o programa",IF(OR(X91="Não se Aplica",X91=""),IF(OR(W91="Não se Aplica",W91=""),0,W91-V91),AVERAGE(X91-W91,W91-V91)),0),0) -> 0 | AV91: =IF(AW91="S",IF(AND(Q91="1. Aceitou o programa",AB91="Realizada"),IFERROR(IF(AA91="",0,AA91-R91),0),0),0) -> 0 | AW91: =_xlfn.XLOOKUP(W91,'Lista Suspensa'!$AA$20:$AA$23,'Lista Suspensa'!$AB$20:$AB$23,"N/A") -> N/A
A92: Não | B92: 46147 | C92: Transbordo/Navegação | D92: Captado pela Amil/Call Center | E92: 75914495 | F92: CELSO SALUSTIANO | G92: 4665982899 | H92: 23354 | I92: 62 | J92: M | K92: SP | L92: DIADEMA | N92: NÍVEL 50 | O92: 11-985602398 | P92: ISMAEL | Q92: 1. Aceitou o programa | R92: 46161 | T92: Contato Com Sucesso | U92: Ativo | V92: 46161 | W92: Não se aplica | X92: Não se aplica | Z92: Agendada | AA92: 46167 | AB92: Não realizada - Falta | AL92: Sim | AM92: Sim | AN92: Anticoagulante | AO92: =MONTH(B92)&"/"&YEAR(B92) -> 5/2026 | AP92: =WEEKNUM(B92)-WEEKNUM(EOMONTH(B92,-1)+1)+1 -> 2 | AQ92: =MONTH(R92)&"/"&YEAR(R92) -> 5/2026 | AR92: =WEEKNUM(R92)-WEEKNUM(EOMONTH(R92,-1)+1)+1 -> 4 | AS92: =IF(AW92="S",IF(Q92="1. Aceitou o programa",R92-B92,0),0) -> 0 | AT92: =IF(AW92="S",IF(AND(S92<>"",R92<>""),S92-R92,0),0) -> 0 | AU92: =IF(AW92="S",IF(Q92="1. Aceitou o programa",IF(OR(X92="Não se Aplica",X92=""),IF(OR(W92="Não se Aplica",W92=""),0,W92-V92),AVERAGE(X92-W92,W92-V92)),0),0) -> 0 | AV92: =IF(AW92="S",IF(AND(Q92="1. Aceitou o programa",AB92="Realizada"),IFERROR(IF(AA92="",0,AA92-R92),0),0),0) -> 0 | AW92: =_xlfn.XLOOKUP(W92,'Lista Suspensa'!$AA$20:$AA$23,'Lista Suspensa'!$AB$20:$AB$23,"N/A") -> N/A
A93: Não | B93: 46147 | C93: Transbordo/Navegação | D93: Captado pela Amil/Call Center | E93: 95663146 | F93: ANGELO MATHEUS DE SOUZA SILVA | G93: 23055017811 | H93: 35202 | I93: 30 | J93: M | K93: SP | L93: DIADEMA | N93: NÍVEL 60 | O93: 11-987567681 | P93: ISMAEL | Q93: 1. Aceitou o programa | R93: 46150 | T93: Contato Com Sucesso | U93: Ativo | V93: 46150 | W93: Não se aplica | X93: Não se aplica | Z93: Agendada | AA93: 46170 | AB93: Realizada | AD93: Baixa | AF93: 1.7 | AG93: 1.7 | AH93: Não Informou | AJ93: Confirmado | AL93: Sim | AM93: Sim | AN93: Anticoagulante | AO93: =MONTH(B93)&"/"&YEAR(B93) -> 5/2026 | AP93: =WEEKNUM(B93)-WEEKNUM(EOMONTH(B93,-1)+1)+1 -> 2 | AQ93: =MONTH(R93)&"/"&YEAR(R93) -> 5/2026 | AR93: =WEEKNUM(R93)-WEEKNUM(EOMONTH(R93,-1)+1)+1 -> 2 | AS93: =IF(AW93="S",IF(Q93="1. Aceitou o programa",R93-B93,0),0) -> 0 | AT93: =IF(AW93="S",IF(AND(S93<>"",R93<>""),S93-R93,0),0) -> 0 | AU93: =IF(AW93="S",IF(Q93="1. Aceitou o programa",IF(OR(X93="Não se Aplica",X93=""),IF(OR(W93="Não se Aplica",W93=""),0,W93-V93),AVERAGE(X93-W93,W93-V93)),0),0) -> 0 | AV93: =IF(AW93="S",IF(AND(Q93="1. Aceitou o programa",AB93="Realizada"),IFERROR(IF(AA93="",0,AA93-R93),0),0),0) -> 0 | AW93: =_xlfn.XLOOKUP(W93,'Lista Suspensa'!$AA$20:$AA$23,'Lista Suspensa'!$AB$20:$AB$23,"N/A") -> N/A
A94: Não | B94: 46147 | C94: Transbordo/Navegação | D94: Captado pela Amil/Call Center | E94: 594010144 | F94: DEBORA MARIA LEAL ISIDORO CORREA | G94: 30924587881 | H94: 30206 | I94: 43 | J94: F | K94: SP | L94: GUARULHOS | N94: NÍVEL 50 | O94: 11-975288534 | P94: ISMAEL | Q94: 1. Aceitou o programa | R94: 46161 | T94: Contato Com Sucesso | U94: Ativo | V94: 46161 | W94: Não se aplica | X94: Não se aplica | Z94: Agendada | AA94: 46168 | AB94: Realizada | AF94: 2.15 | AG94: 2.15 | AJ94: Confirmado | AL94: Sim | AM94: Sim | AN94: Anticoagulante | AO94: =MONTH(B94)&"/"&YEAR(B94) -> 5/2026 | AP94: =WEEKNUM(B94)-WEEKNUM(EOMONTH(B94,-1)+1)+1 -> 2 | AQ94: =MONTH(R94)&"/"&YEAR(R94) -> 5/2026 | AR94: =WEEKNUM(R94)-WEEKNUM(EOMONTH(R94,-1)+1)+1 -> 4 | AS94: =IF(AW94="S",IF(Q94="1. Aceitou o programa",R94-B94,0),0) -> 0 | AT94: =IF(AW94="S",IF(AND(S94<>"",R94<>""),S94-R94,0),0) -> 0 | AU94: =IF(AW94="S",IF(Q94="1. Aceitou o programa",IF(OR(X94="Não se Aplica",X94=""),IF(OR(W94="Não se Aplica",W94=""),0,W94-V94),AVERAGE(X94-W94,W94-V94)),0),0) -> 0 | AV94: =IF(AW94="S",IF(AND(Q94="1. Aceitou o programa",#REF!="Realizada"),IFERROR(IF(AA94="",0,AA94-R94),0),0),0) -> 0 | AW94: =_xlfn.XLOOKUP(W94,'Lista Suspensa'!$AA$20:$AA$23,'Lista Suspensa'!$AB$20:$AB$23,"N/A") -> N/A
A95: Não | B95: 46147 | C95: Transbordo/Navegação | D95: Captado pela Amil/Call Center | E95: 77693197 | F95: FABIO JOSE JUNIOR FEITOSA | G95: 44455668888 | H95: 34658 | I95: 31 | J95: M | K95: SP | L95: GUARULHOS | N95: NÍVEL 50 | O95: 11-976589633 | P95: ISMAEL | Q95: 1. Aceitou o programa | R95: 46161 | T95: Contato Com Sucesso | U95: Ativo | V95: 46161 | W95: Não se aplica | X95: Não se aplica | Z95: Agendada | AA95: 46168 | AB95: Realizada | AF95: 3.7 | AG95: 3.7 | AJ95: Confirmado | AL95: Sim | AM95: Sim | AN95: Anticoagulante | AO95: =MONTH(B95)&"/"&YEAR(B95) -> 5/2026 | AP95: =WEEKNUM(B95)-WEEKNUM(EOMONTH(B95,-1)+1)+1 -> 2 | AQ95: =MONTH(R95)&"/"&YEAR(R95) -> 5/2026 | AR95: =WEEKNUM(R95)-WEEKNUM(EOMONTH(R95,-1)+1)+1 -> 4 | AS95: =IF(AW95="S",IF(Q95="1. Aceitou o programa",R95-B95,0),0) -> 0 | AT95: =IF(AW95="S",IF(AND(S95<>"",R95<>""),S95-R95,0),0) -> 0 | AU95: =IF(AW95="S",IF(Q95="1. Aceitou o programa",IF(OR(X95="Não se Aplica",X95=""),IF(OR(W95="Não se Aplica",W95=""),0,W95-V95),AVERAGE(X95-W95,W95-V95)),0),0) -> 0 | AV95: =IF(AW95="S",IF(AND(Q95="1. Aceitou o programa",AB95="Realizada"),IFERROR(IF(AA95="",0,AA95-R95),0),0),0) -> 0 | AW95: =_xlfn.XLOOKUP(W95,'Lista Suspensa'!$AA$20:$AA$23,'Lista Suspensa'!$AB$20:$AB$23,"N/A") -> N/A
A96: Não | B96: 46147 | C96: Transbordo/Navegação | D96: Captado pela Amil/Call Center | E96: 78186421 | F96: ADENILSA MARIA DE SOUZA | G96: 64466299404 | H96: 24936 | I96: 58 | J96: F | K96: SP | L96: GUARULHOS | N96: NÍVEL 60 | O96: 11-992707711 | P96: ISMAEL | Q96: 1. Aceitou o programa | R96: 46161 | T96: Contato Com Sucesso | U96: Ativo | V96: 46148 | W96: Não se aplica | X96: Não se aplica | Z96: Agendada | AA96: 46164 | AB96: Não realizada - Falta | AL96: Sim | AM96: Sim | AN96: Anticoagulante | AO96: =MONTH(B96)&"/"&YEAR(B96) -> 5/2026 | AP96: =WEEKNUM(B96)-WEEKNUM(EOMONTH(B96,-1)+1)+1 -> 2 | AQ96: =MONTH(R96)&"/"&YEAR(R96) -> 5/2026 | AR96: =WEEKNUM(R96)-WEEKNUM(EOMONTH(R96,-1)+1)+1 -> 4 | AS96: =IF(AW96="S",IF(Q96="1. Aceitou o programa",R96-B96,0),0) -> 0 | AT96: =IF(AW96="S",IF(AND(S96<>"",R96<>""),S96-R96,0),0) -> 0 | AU96: =IF(AW96="S",IF(Q96="1. Aceitou o programa",IF(OR(X96="Não se Aplica",X96=""),IF(OR(W96="Não se Aplica",W96=""),0,W96-V96),AVERAGE(X96-W96,W96-V96)),0),0) -> 0 | AV96: =IF(AW96="S",IF(AND(Q96="1. Aceitou o programa",AB96="Realizada"),IFERROR(IF(AA96="",0,AA96-R96),0),0),0) -> 0 | AW96: =_xlfn.XLOOKUP(W96,'Lista Suspensa'!$AA$20:$AA$23,'Lista Suspensa'!$AB$20:$AB$23,"N/A") -> N/A
A97: Não | B97: 46147 | C97: Transbordo/Navegação | D97: Captado pela Amil/Call Center | E97: 77562093 | F97: SANDRA MARIA LOTURCO FURLAN | G97: 25375240807 | H97: 27717 | I97: 50 | J97: F | K97: SP | L97: ITATIBA | N97: NÍVEL 400 | O97: 11-939274711 | P97: ISMAEL | Q97: 1. Aceitou o programa | R97: 46161 | T97: Contato Com Sucesso | U97: Ativo | V97: 46161 | W97: Não se aplica | X97: Não se aplica | Z97: Agendada | AA97: 46169 | AB97: Realizada | AC97: 46178.639 | AF97: 2, - 3, | AG97: 1.89 | AL97: Sim | AM97: Sim | AN97: Anticoagulante | AO97: =MONTH(B97)&"/"&YEAR(B97) -> 5/2026 | AP97: =WEEKNUM(B97)-WEEKNUM(EOMONTH(B97,-1)+1)+1 -> 2 | AQ97: =MONTH(R97)&"/"&YEAR(R97) -> 5/2026 | AR97: =WEEKNUM(R97)-WEEKNUM(EOMONTH(R97,-1)+1)+1 -> 4 | AS97: =IF(AW97="S",IF(Q97="1. Aceitou o programa",R97-B97,0),0) -> 0 | AT97: =IF(AW97="S",IF(AND(S97<>"",R97<>""),S97-R97,0),0) -> 0 | AU97: =IF(AW97="S",IF(Q97="1. Aceitou o programa",IF(OR(X97="Não se Aplica",X97=""),IF(OR(W97="Não se Aplica",W97=""),0,W97-V97),AVERAGE(X97-W97,W97-V97)),0),0) -> 0 | AV97: =IF(AW97="S",IF(AND(Q97="1. Aceitou o programa",AB97="Realizada"),IFERROR(IF(AA97="",0,AA97-R97),0),0),0) -> 0 | AW97: =_xlfn.XLOOKUP(W97,'Lista Suspensa'!$AA$20:$AA$23,'Lista Suspensa'!$AB$20:$AB$23,"N/A") -> N/A
A98: Não | B98: 46147 | C98: Transbordo/Navegação | D98: Captado pela Amil/Call Center | E98: 881959910 | F98: NELSON PEREIRA | G98: 6149650715 | H98: 15677 | I98: 83 | J98: M | K98: RJ | L98: MARICA | N98: NÍVEL 600 | O98: 21-967238648 | P98: ISMAEL | Q98: 1. Aceitou o programa | R98: 46161 | T98: Contato Com Sucesso | U98: Ativo | V98: 46161 | W98: Não se aplica | X98: Não se aplica | Z98: Agendada | AA98: 46168 | AB98: Não realizada - Falta | AL98: Sim | AM98: Sim | AN98: Anticoagulante | AO98: =MONTH(B98)&"/"&YEAR(B98) -> 5/2026 | AP98: =WEEKNUM(B98)-WEEKNUM(EOMONTH(B98,-1)+1)+1 -> 2 | AQ98: =MONTH(R98)&"/"&YEAR(R98) -> 5/2026 | AR98: =WEEKNUM(R98)-WEEKNUM(EOMONTH(R98,-1)+1)+1 -> 4 | AS98: =IF(AW98="S",IF(Q98="1. Aceitou o programa",R98-B98,0),0) -> 0 | AT98: =IF(AW98="S",IF(AND(S98<>"",R98<>""),S98-R98,0),0) -> 0 | AU98: =IF(AW98="S",IF(Q98="1. Aceitou o programa",IF(OR(X98="Não se Aplica",X98=""),IF(OR(W98="Não se Aplica",W98=""),0,W98-V98),AVERAGE(X98-W98,W98-V98)),0),0) -> 0 | AV98: =IF(AW98="S",IF(AND(Q98="1. Aceitou o programa",AB98="Realizada"),IFERROR(IF(AA98="",0,AA98-R98),0),0),0) -> 0 | AW98: =_xlfn.XLOOKUP(W98,'Lista Suspensa'!$AA$20:$AA$23,'Lista Suspensa'!$AB$20:$AB$23,"N/A") -> N/A
A99: Não | B99: 46147 | C99: Transbordo/Navegação | D99: Captado pela Amil/Call Center | E99: 75843382 | F99: ERIKA DOS SANTOS LIMA | G99: 4448023559 | H99: 34202 | I99: 32 | J99: F | K99: SP | L99: MAUA | N99: NÍVEL 50 | O99: 11-961393404 | P99: ISMAEL | Q99: 1. Aceitou o programa | R99: 46161 | T99: Contato Com Sucesso | U99: Ativo | V99: 46161 | W99: Não se aplica | X99: Não se aplica | Z99: Agendada | AA99: 46168 | AB99: Realizada | AC99: 29/05/2026 14:00 | AL99: Sim | AM99: Sim | AN99: Anticoagulante | AO99: =MONTH(B99)&"/"&YEAR(B99) -> 5/2026 | AP99: =WEEKNUM(B99)-WEEKNUM(EOMONTH(B99,-1)+1)+1 -> 2 | AQ99: =MONTH(R99)&"/"&YEAR(R99) -> 5/2026 | AR99: =WEEKNUM(R99)-WEEKNUM(EOMONTH(R99,-1)+1)+1 -> 4 | AS99: =IF(AW99="S",IF(Q99="1. Aceitou o programa",R99-B99,0),0) -> 0 | AT99: =IF(AW99="S",IF(AND(S99<>"",R99<>""),S99-R99,0),0) -> 0 | AU99: =IF(AW99="S",IF(Q99="1. Aceitou o programa",IF(OR(X99="Não se Aplica",X99=""),IF(OR(W99="Não se Aplica",W99=""),0,W99-V99),AVERAGE(X99-W99,W99-V99)),0),0) -> 0 | AV99: =IF(AW99="S",IF(AND(Q99="1. Aceitou o programa",AB99="Realizada"),IFERROR(IF(AA99="",0,AA99-R99),0),0),0) -> 0 | AW99: =_xlfn.XLOOKUP(W99,'Lista Suspensa'!$AA$20:$AA$23,'Lista Suspensa'!$AB$20:$AB$23,"N/A") -> N/A
A100: Não | B100: 46147 | C100: Transbordo/Navegação | D100: Captado pela Amil/Call Center | E100: 450506690 | F100: EDILANIA CORREIA LIMA | G100: 22043016806 | H100: 29568 | I100: 45 | J100: F | K100: SP | L100: SAO BERNARDO DO CAMPO | N100: NÍVEL 100 | O100: 11-964394850 | P100: ISMAEL | Q100: 1. Aceitou o programa | R100: 46163 | T100: Contato Com Sucesso | U100: Ativo | V100: 46161 | W100: Não se aplica | X100: Não se aplica | Z100: Agendada | AA100: 46170 | AB100: Realizada | AC100: 46180.583 | AD100: Baixa | AF100: n/a | AG100: n/a | AH100: Externo - Geral | AI100: Externo - Geral | AJ100: Confirmado | AL100: Sim | AM100: Sim | AN100: Anticoagulante | AO100: =MONTH(B100)&"/"&YEAR(B100) -> 5/2026 | AP100: =WEEKNUM(B100)-WEEKNUM(EOMONTH(B100,-1)+1)+1 -> 2 | AQ100: =MONTH(R100)&"/"&YEAR(R100) -> 5/2026 | AR100: =WEEKNUM(R100)-WEEKNUM(EOMONTH(R100,-1)+1)+1 -> 4 | AS100: =IF(AW100="S",IF(Q100="1. Aceitou o programa",R100-B100,0),0) -> 0 | AT100: =IF(AW100="S",IF(AND(S100<>"",R100<>""),S100-R100,0),0) -> 0 | AU100: =IF(AW100="S",IF(Q100="1. Aceitou o programa",IF(OR(X100="Não se Aplica",X100=""),IF(OR(W100="Não se Aplica",W100=""),0,W100-V100),AVERAGE(X100-W100,W100-V100)),0),0) -> 0 | AV100: =IF(AW100="S",IF(AND(Q100="1. Aceitou o programa",AB100="Realizada"),IFERROR(IF(AA100="",0,AA100-R100),0),0),0) -> 0 | AW100: =_xlfn.XLOOKUP(W100,'Lista Suspensa'!$AA$20:$AA$23,'Lista Suspensa'!$AB$20:$AB$23,"N/A") -> N/A
...

Sheet Análise
B2: Linha | C2: Anticoagulante
B3: Motivo Envio
B4: Situação Atual do Paciente | C4: Total
B6: Mês/Ano | C6: 46143 | D6: >> Inserir no formato Mês / Ano apenas - como 01/2026, 02/2026, etc.
B8: Início | C8: 46023
B9: Fim | C9: 46171
B11: CONTAGEM DE PACIENTES
B13: Status BNF Linha | C13: Semana | H13: Mês | K13: Parâmetros | L13: Semana | S13: Status BNF Linha | T13: Absoluto | U13: Percentual | W13: Parâmetros
C14: 1 | D14: 2 | E14: 3 | F14: 4 | G14: 5 | H14: Absoluto | I14: Percentual | L14: 1 | M14: 2 | N14: 3 | O14: 4 | P14: 5 | Q14: Mês | S14: 1. Aceitou o programa | T14: =COUNTIFS(Consolidado!$AN:$AN,IF(ISBLANK($C$2),"<>",$C$2),Consolidado!$Q:$Q,Análise!S14,Consolidado!$B:$B,"<="&Análise!$C$9,Consolidado!$B:$B,">="&Análise!$C$8,Consolidado!$C:$C,IF(ISBLANK($C$3),"<>",$C$3),Consolidado!$AW:$AW,"S") -> 3 | U14: =IFERROR(T14/$T$39,0) -> 0.6 | W14: Taxa de Captação | Y14: =IFERROR(T14/T39,0) -> 0.6
B15: 1. Aceitou o programa | C15: =COUNTIFS(Consolidado!$AP:$AP,Análise!C$14,Consolidado!$AO:$AO,Análise!$C$6,Consolidado!$AN:$AN,IF(ISBLANK($C$2),"<>",$C$2),Consolidado!$Q:$Q,Análise!$B15,Consolidado!$C:$C,IF(ISBLANK($C$3),"<>",$C$3),Consolidado!$AW:$AW,"S") -> 0 | D15: =COUNTIFS(Consolidado!$AP:$AP,Análise!D$14,Consolidado!$AO:$AO,Análise!$C$6,Consolidado!$AN:$AN,IF(ISBLANK($C$2),"<>",$C$2),Consolidado!$Q:$Q,Análise!$B15,Consolidado!$C:$C,IF(ISBLANK($C$3),"<>",$C$3),Consolidado!$AW:$AW,"S") -> 1 | E15: =COUNTIFS(Consolidado!$AP:$AP,Análise!E$14,Consolidado!$AO:$AO,Análise!$C$6,Consolidado!$AN:$AN,IF(ISBLANK($C$2),"<>",$C$2),Consolidado!$Q:$Q,Análise!$B15,Consolidado!$C:$C,IF(ISBLANK($C$3),"<>",$C$3),Consolidado!$AW:$AW,"S") -> 0 | F15: =COUNTIFS(Consolidado!$AP:$AP,Análise!F$14,Consolidado!$AO:$AO,Análise!$C$6,Consolidado!$AN:$AN,IF(ISBLANK($C$2),"<>",$C$2),Consolidado!$Q:$Q,Análise!$B15,Consolidado!$C:$C,IF(ISBLANK($C$3),"<>",$C$3),Consolidado!$AW:$AW,"S") -> 1 | G15: =COUNTIFS(Consolidado!$AP:$AP,Análise!G$14,Consolidado!$AO:$AO,Análise!$C$6,Consolidado!$AN:$AN,IF(ISBLANK($C$2),"<>",$C$2),Consolidado!$Q:$Q,Análise!$B15,Consolidado!$C:$C,IF(ISBLANK($C$3),"<>",$C$3),Consolidado!$AW:$AW,"S") -> 1 | H15: =SUM(C15:G15) -> 3 | I15: =+IFERROR(H15/$H$40,0) -> 0.6 | K15: Total | L15: =+C40 -> 0 | M15: =+D40 -> 1 | N15: =+E40 -> 0 | O15: =+F40 -> 3 | P15: =+G40 -> 1 | Q15: =+H40 -> 5 | S15: 2. Em avaliação para participar do programa | T15: =COUNTIFS(Consolidado!$AN:$AN,IF(ISBLANK($C$2),"<>",$C$2),Consolidado!$Q:$Q,Análise!S15,Consolidado!$B:$B,"<="&Análise!$C$9,Consolidado!$B:$B,">="&Análise!$C$8,Consolidado!$C:$C,IF(ISBLANK($C$3),"<>",$C$3),Consolidado!$AW:$AW,"S") -> 0 | U15: =IFERROR(T15/$T$39,0) -> 0 | W15: SLA Captação Médio | Y15: =IFERROR(SUMIFS(Consolidado!AS:AS,Consolidado!$AN:$AN,IF(ISBLANK($C$2),"<>",$C$2),Consolidado!$B:$B,"<="&Análise!$C$9,Consolidado!$B:$B,">="&Análise!$C$8,Consolidado!$C:$C,IF(ISBLANK($C$3),"<>",$C$3))/T14,0) -> 6.3333333
B16: 2. Em avaliação para participar do programa | C16: =COUNTIFS(Consolidado!$AP:$AP,Análise!C$14,Consolidado!$AO:$AO,Análise!$C$6,Consolidado!$AN:$AN,IF(ISBLANK($C$2),"<>",$C$2),Consolidado!$Q:$Q,Análise!$B16,Consolidado!$C:$C,IF(ISBLANK($C$3),"<>",$C$3),Consolidado!$AW:$AW,"S") -> 0 | D16: =COUNTIFS(Consolidado!$AP:$AP,Análise!D$14,Consolidado!$AO:$AO,Análise!$C$6,Consolidado!$AN:$AN,IF(ISBLANK($C$2),"<>",$C$2),Consolidado!$Q:$Q,Análise!$B16,Consolidado!$C:$C,IF(ISBLANK($C$3),"<>",$C$3),Consolidado!$AW:$AW,"S") -> 0 | E16: =COUNTIFS(Consolidado!$AP:$AP,Análise!E$14,Consolidado!$AO:$AO,Análise!$C$6,Consolidado!$AN:$AN,IF(ISBLANK($C$2),"<>",$C$2),Consolidado!$Q:$Q,Análise!$B16,Consolidado!$C:$C,IF(ISBLANK($C$3),"<>",$C$3),Consolidado!$AW:$AW,"S") -> 0 | F16: =COUNTIFS(Consolidado!$AP:$AP,Análise!F$14,Consolidado!$AO:$AO,Análise!$C$6,Consolidado!$AN:$AN,IF(ISBLANK($C$2),"<>",$C$2),Consolidado!$Q:$Q,Análise!$B16,Consolidado!$C:$C,IF(ISBLANK($C$3),"<>",$C$3),Consolidado!$AW:$AW,"S") -> 0 | G16: =COUNTIFS(Consolidado!$AP:$AP,Análise!G$14,Consolidado!$AO:$AO,Análise!$C$6,Consolidado!$AN:$AN,IF(ISBLANK($C$2),"<>",$C$2),Consolidado!$Q:$Q,Análise!$B16,Consolidado!$C:$C,IF(ISBLANK($C$3),"<>",$C$3),Consolidado!$AW:$AW,"S") -> 0 | H16: =SUM(C16:G16) -> 0 | I16: =+IFERROR(H16/$H$40,0) -> 0 | K16: 1. Aceitou o programa | L16: =+C15 -> 0 | M16: =+D15 -> 1 | N16: =+E15 -> 0 | O16: =+F15 -> 1 | P16: =+G15 -> 1 | Q16: =+H15 -> 3 | S16: 3. Recusa por conta da assinatura do termo | T16: =COUNTIFS(Consolidado!$AN:$AN,IF(ISBLANK($C$2),"<>",$C$2),Consolidado!$Q:$Q,Análise!S16,Consolidado!$B:$B,"<="&Análise!$C$9,Consolidado!$B:$B,">="&Análise!$C$8,Consolidado!$C:$C,IF(ISBLANK($C$3),"<>",$C$3),Consolidado!$AW:$AW,"S") -> 0 | U16: =IFERROR(T16/$T$39,0) -> 0 | W16: SLA Tent. Contato Médio | Y16: =IFERROR(SUMIFS(Consolidado!AU:AU,Consolidado!$AN:$AN,IF(ISBLANK($C$2),"<>",$C$2),Consolidado!$B:$B,"<="&Análise!$C$9,Consolidado!$B:$B,">="&Análise!$C$8,Consolidado!$C:$C,IF(ISBLANK($C$3),"<>",$C$3))/COUNTIFS(Consolidado!$AN:$AN,IF(ISBLANK($C$2),"<>",$C$2),Consolidado!$Q:$Q,S$14,Consolidado!$B:$B,"<="&Análise!$C$9,Consolidado!$B:$B,">="&Análise!$C$8,Consolidado!$C:$C,IF(ISBLANK($C$3),"<>",$C$3),Consolidado!$AU:$AU,"<>"&0),0) -> 0
B17: 3. Recusa por conta da assinatura do termo | C17: =COUNTIFS(Consolidado!$AP:$AP,Análise!C$14,Consolidado!$AO:$AO,Análise!$C$6,Consolidado!$AN:$AN,IF(ISBLANK($C$2),"<>",$C$2),Consolidado!$Q:$Q,Análise!$B17,Consolidado!$C:$C,IF(ISBLANK($C$3),"<>",$C$3),Consolidado!$AW:$AW,"S") -> 0 | D17: =COUNTIFS(Consolidado!$AP:$AP,Análise!D$14,Consolidado!$AO:$AO,Análise!$C$6,Consolidado!$AN:$AN,IF(ISBLANK($C$2),"<>",$C$2),Consolidado!$Q:$Q,Análise!$B17,Consolidado!$C:$C,IF(ISBLANK($C$3),"<>",$C$3),Consolidado!$AW:$AW,"S") -> 0 | E17: =COUNTIFS(Consolidado!$AP:$AP,Análise!E$14,Consolidado!$AO:$AO,Análise!$C$6,Consolidado!$AN:$AN,IF(ISBLANK($C$2),"<>",$C$2),Consolidado!$Q:$Q,Análise!$B17,Consolidado!$C:$C,IF(ISBLANK($C$3),"<>",$C$3),Consolidado!$AW:$AW,"S") -> 0 | F17: =COUNTIFS(Consolidado!$AP:$AP,Análise!F$14,Consolidado!$AO:$AO,Análise!$C$6,Consolidado!$AN:$AN,IF(ISBLANK($C$2),"<>",$C$2),Consolidado!$Q:$Q,Análise!$B17,Consolidado!$C:$C,IF(ISBLANK($C$3),"<>",$C$3),Consolidado!$AW:$AW,"S") -> 0 | G17: =COUNTIFS(Consolidado!$AP:$AP,Análise!G$14,Consolidado!$AO:$AO,Análise!$C$6,Consolidado!$AN:$AN,IF(ISBLANK($C$2),"<>",$C$2),Consolidado!$Q:$Q,Análise!$B17,Consolidado!$C:$C,IF(ISBLANK($C$3),"<>",$C$3),Consolidado!$AW:$AW,"S") -> 0 | H17: =SUM(C17:G17) -> 0 | I17: =+IFERROR(H17/$H$40,0) -> 0 | K17: Taxa de Captação | L17: =IFERROR(L16/L15,"") | M17: =IFERROR(M16/M15,"") -> 1 | N17: =IFERROR(N16/N15,"") | O17: =IFERROR(O16/O15,"") -> 0.33333333 | P17: =IFERROR(P16/P15,"") -> 1 | Q17: =IFERROR(Q16/Q15,"") -> 0.6 | S17: 3. Recusa por desconfiança do programa | T17: =COUNTIFS(Consolidado!$AN:$AN,IF(ISBLANK($C$2),"<>",$C$2),Consolidado!$Q:$Q,Análise!S17,Consolidado!$B:$B,"<="&Análise!$C$9,Consolidado!$B:$B,">="&Análise!$C$8,Consolidado!$C:$C,IF(ISBLANK($C$3),"<>",$C$3),Consolidado!$AW:$AW,"S") -> 0 | U17: =IFERROR(T17/$T$39,0) -> 0 | W17: SLA Consulta Médio | Y17: =IFERROR(SUMIFS(Consolidado!AV:AV,Consolidado!$AN:$AN,IF(ISBLANK($C$2),"<>",$C$2),Consolidado!$B:$B,"<="&Análise!$C$9,Consolidado!$B:$B,">="&Análise!$C$8,Consolidado!$C:$C,IF(ISBLANK($C$3),"<>",$C$3))/COUNTIFS(Consolidado!$AN:$AN,IF(ISBLANK($C$2),"<>",$C$2),Consolidado!$Q:$Q,S$14,Consolidado!$B:$B,"<="&Análise!$C$9,Consolidado!$B:$B,">="&Análise!$C$8,Consolidado!$C:$C,IF(ISBLANK($C$3),"<>",$C$3),Consolidado!$AV:$AV,"<>"&0),0) -> 5.5
B18: 3. Recusa por desconfiança do programa | C18: =COUNTIFS(Consolidado!$AP:$AP,Análise!C$14,Consolidado!$AO:$AO,Análise!$C$6,Consolidado!$AN:$AN,IF(ISBLANK($C$2),"<>",$C$2),Consolidado!$Q:$Q,Análise!$B18,Consolidado!$C:$C,IF(ISBLANK($C$3),"<>",$C$3),Consolidado!$AW:$AW,"S") -> 0 | D18: =COUNTIFS(Consolidado!$AP:$AP,Análise!D$14,Consolidado!$AO:$AO,Análise!$C$6,Consolidado!$AN:$AN,IF(ISBLANK($C$2),"<>",$C$2),Consolidado!$Q:$Q,Análise!$B18,Consolidado!$C:$C,IF(ISBLANK($C$3),"<>",$C$3),Consolidado!$AW:$AW,"S") -> 0 | E18: =COUNTIFS(Consolidado!$AP:$AP,Análise!E$14,Consolidado!$AO:$AO,Análise!$C$6,Consolidado!$AN:$AN,IF(ISBLANK($C$2),"<>",$C$2),Consolidado!$Q:$Q,Análise!$B18,Consolidado!$C:$C,IF(ISBLANK($C$3),"<>",$C$3),Consolidado!$AW:$AW,"S") -> 0 | F18: =COUNTIFS(Consolidado!$AP:$AP,Análise!F$14,Consolidado!$AO:$AO,Análise!$C$6,Consolidado!$AN:$AN,IF(ISBLANK($C$2),"<>",$C$2),Consolidado!$Q:$Q,Análise!$B18,Consolidado!$C:$C,IF(ISBLANK($C$3),"<>",$C$3),Consolidado!$AW:$AW,"S") -> 0 | G18: =COUNTIFS(Consolidado!$AP:$AP,Análise!G$14,Consolidado!$AO:$AO,Análise!$C$6,Consolidado!$AN:$AN,IF(ISBLANK($C$2),"<>",$C$2),Consolidado!$Q:$Q,Análise!$B18,Consolidado!$C:$C,IF(ISBLANK($C$3),"<>",$C$3),Consolidado!$AW:$AW,"S") -> 0 | H18: =SUM(C18:G18) -> 0 | I18: =+IFERROR(H18/$H$40,0) -> 0 | K18: SLA Captação Médio | L18: =IFERROR(SUMIFS(Consolidado!$AS:$AS,Consolidado!$AP:$AP,Análise!L14,Consolidado!$AO:$AO,Análise!$C$6,Consolidado!$AN:$AN,IF(ISBLANK($C$2),"<>",$C$2),Consolidado!$C:$C,IF(ISBLANK($C$3),"<>",$C$3))/L$16,0) -> 0 | M18: =IFERROR(SUMIFS(Consolidado!$AS:$AS,Consolidado!$AP:$AP,Análise!M14,Consolidado!$AO:$AO,Análise!$C$6,Consolidado!$AN:$AN,IF(ISBLANK($C$2),"<>",$C$2),Consolidado!$C:$C,IF(ISBLANK($C$3),"<>",$C$3))/M$16,0) -> 17 | N18: =IFERROR(SUMIFS(Consolidado!$AS:$AS,Consolidado!$AP:$AP,Análise!N14,Consolidado!$AO:$AO,Análise!$C$6,Consolidado!$AN:$AN,IF(ISBLANK($C$2),"<>",$C$2),Consolidado!$C:$C,IF(ISBLANK($C$3),"<>",$C$3))/N$16,0) -> 0 | O18: =IFERROR(SUMIFS(Consolidado!$AS:$AS,Consolidado!$AP:$AP,Análise!O14,Consolidado!$AO:$AO,Análise!$C$6,Consolidado!$AN:$AN,IF(ISBLANK($C$2),"<>",$C$2),Consolidado!$C:$C,IF(ISBLANK($C$3),"<>",$C$3))/O$16,0) -> 2 | P18: =IFERROR(SUMIFS(Consolidado!$AS:$AS,Consolidado!$AP:$AP,Análise!P14,Consolidado!$AO:$AO,Análise!$C$6,Consolidado!$AN:$AN,IF(ISBLANK($C$2),"<>",$C$2),Consolidado!$C:$C,IF(ISBLANK($C$3),"<>",$C$3))/P$16,0) -> 0 | Q18: =IFERROR(SUMIFS(Consolidado!AS:AS,Consolidado!$AO:$AO,Análise!$C$6,Consolidado!$AN:$AN,IF(ISBLANK($C$2),"<>",$C$2),Consolidado!$C:$C,IF(ISBLANK($C$3),"<>",$C$3))/$Q16,0) -> 6.3333333 | S18: 3. Recusa por falta de interesse | T18: =COUNTIFS(Consolidado!$AN:$AN,IF(ISBLANK($C$2),"<>",$C$2),Consolidado!$Q:$Q,Análise!S18,Consolidado!$B:$B,"<="&Análise!$C$9,Consolidado!$B:$B,">="&Análise!$C$8,Consolidado!$C:$C,IF(ISBLANK($C$3),"<>",$C$3),Consolidado!$AW:$AW,"S") -> 0 | U18: =IFERROR(T18/$T$39,0) -> 0 | W18: SLA Exclusão Médio | Y18: =IFERROR(SUMIFS(Consolidado!$AT:$AT,Consolidado!$B:$B,"<="&Análise!$C$9,Consolidado!$B:$B,">="&Análise!$C$8,Consolidado!$AO:$AO,Análise!$C$6,Consolidado!$AN:$AN,IF(ISBLANK($C$2),"<>",$C$2),Consolidado!$C:$C,IF(ISBLANK($C$3),"<>",$C$3))/COUNTIFS(Consolidado!$R:$R,"<>",Consolidado!$S:$S,"<>",Consolidado!$AO:$AO,Análise!$C$6,Consolidado!$AN:$AN,IF(ISBLANK($C$2),"<>",$C$2),Consolidado!$C:$C,IF(ISBLANK($C$3),"<>",$C$3),Consolidado!$B:$B,"<="&Análise!$C$9,Consolidado!$B:$B,">="&Análise!$C$8),0) -> 0
B19: 3. Recusa por falta de interesse | C19: =COUNTIFS(Consolidado!$AP:$AP,Análise!C$14,Consolidado!$AO:$AO,Análise!$C$6,Consolidado!$AN:$AN,IF(ISBLANK($C$2),"<>",$C$2),Consolidado!$Q:$Q,Análise!$B19,Consolidado!$C:$C,IF(ISBLANK($C$3),"<>",$C$3),Consolidado!$AW:$AW,"S") -> 0 | D19: =COUNTIFS(Consolidado!$AP:$AP,Análise!D$14,Consolidado!$AO:$AO,Análise!$C$6,Consolidado!$AN:$AN,IF(ISBLANK($C$2),"<>",$C$2),Consolidado!$Q:$Q,Análise!$B19,Consolidado!$C:$C,IF(ISBLANK($C$3),"<>",$C$3),Consolidado!$AW:$AW,"S") -> 0 | E19: =COUNTIFS(Consolidado!$AP:$AP,Análise!E$14,Consolidado!$AO:$AO,Análise!$C$6,Consolidado!$AN:$AN,IF(ISBLANK($C$2),"<>",$C$2),Consolidado!$Q:$Q,Análise!$B19,Consolidado!$C:$C,IF(ISBLANK($C$3),"<>",$C$3),Consolidado!$AW:$AW,"S") -> 0 | F19: =COUNTIFS(Consolidado!$AP:$AP,Análise!F$14,Consolidado!$AO:$AO,Análise!$C$6,Consolidado!$AN:$AN,IF(ISBLANK($C$2),"<>",$C$2),Consolidado!$Q:$Q,Análise!$B19,Consolidado!$C:$C,IF(ISBLANK($C$3),"<>",$C$3),Consolidado!$AW:$AW,"S") -> 0 | G19: =COUNTIFS(Consolidado!$AP:$AP,Análise!G$14,Consolidado!$AO:$AO,Análise!$C$6,Consolidado!$AN:$AN,IF(ISBLANK($C$2),"<>",$C$2),Consolidado!$Q:$Q,Análise!$B19,Consolidado!$C:$C,IF(ISBLANK($C$3),"<>",$C$3),Consolidado!$AW:$AW,"S") -> 0 | H19: =SUM(C19:G19) -> 0 | I19: =+IFERROR(H19/$H$40,0) -> 0 | K19: SLA Tent. Contato Médio | L19: =IFERROR(SUMIFS(Consolidado!$AU:$AU,Consolidado!$AP:$AP,Análise!L14,Consolidado!$AO:$AO,Análise!$C$6,Consolidado!$AN:$AN,IF(ISBLANK($C$2),"<>",$C$2),Consolidado!$C:$C,IF(ISBLANK($C$3),"<>",$C$3))/COUNTIFS(Consolidado!$AP:$AP,Análise!L14,Consolidado!$AO:$AO,Análise!$C$6,Consolidado!$AN:$AN,IF(ISBLANK($C$2),"<>",$C$2),Consolidado!$Q:$Q,$K16,Consolidado!$C:$C,IF(ISBLANK($C$3),"<>",$C$3),Consolidado!$AU:$AU,"<>"&0),0) -> 0 | M19: =IFERROR(SUMIFS(Consolidado!$AU:$AU,Consolidado!$AP:$AP,Análise!M14,Consolidado!$AO:$AO,Análise!$C$6,Consolidado!$AN:$AN,IF(ISBLANK($C$2),"<>",$C$2),Consolidado!$C:$C,IF(ISBLANK($C$3),"<>",$C$3))/COUNTIFS(Consolidado!$AP:$AP,Análise!M14,Consolidado!$AO:$AO,Análise!$C$6,Consolidado!$AN:$AN,IF(ISBLANK($C$2),"<>",$C$2),Consolidado!$Q:$Q,$K16,Consolidado!$C:$C,IF(ISBLANK($C$3),"<>",$C$3),Consolidado!$AU:$AU,"<>"&0),0) -> 0 | N19: =IFERROR(SUMIFS(Consolidado!$AU:$AU,Consolidado!$AP:$AP,Análise!N14,Consolidado!$AO:$AO,Análise!$C$6,Consolidado!$AN:$AN,IF(ISBLANK($C$2),"<>",$C$2),Consolidado!$C:$C,IF(ISBLANK($C$3),"<>",$C$3))/COUNTIFS(Consolidado!$AP:$AP,Análise!N14,Consolidado!$AO:$AO,Análise!$C$6,Consolidado!$AN:$AN,IF(ISBLANK($C$2),"<>",$C$2),Consolidado!$Q:$Q,$K16,Consolidado!$C:$C,IF(ISBLANK($C$3),"<>",$C$3),Consolidado!$AU:$AU,"<>"&0),0) -> 0 | O19: =IFERROR(SUMIFS(Consolidado!$AU:$AU,Consolidado!$AP:$AP,Análise!O14,Consolidado!$AO:$AO,Análise!$C$6,Consolidado!$AN:$AN,IF(ISBLANK($C$2),"<>",$C$2),Consolidado!$C:$C,IF(ISBLANK($C$3),"<>",$C$3))/COUNTIFS(Consolidado!$AP:$AP,Análise!O14,Consolidado!$AO:$AO,Análise!$C$6,Consolidado!$AN:$AN,IF(ISBLANK($C$2),"<>",$C$2),Consolidado!$Q:$Q,$K16,Consolidado!$C:$C,IF(ISBLANK($C$3),"<>",$C$3),Consolidado!$AU:$AU,"<>"&0),0) -> 0 | P19: =IFERROR(SUMIFS(Consolidado!$AU:$AU,Consolidado!$AP:$AP,Análise!P14,Consolidado!$AO:$AO,Análise!$C$6,Consolidado!$AN:$AN,IF(ISBLANK($C$2),"<>",$C$2),Consolidado!$C:$C,IF(ISBLANK($C$3),"<>",$C$3))/COUNTIFS(Consolidado!$AP:$AP,Análise!P14,Consolidado!$AO:$AO,Análise!$C$6,Consolidado!$AN:$AN,IF(ISBLANK($C$2),"<>",$C$2),Consolidado!$Q:$Q,$K16,Consolidado!$C:$C,IF(ISBLANK($C$3),"<>",$C$3),Consolidado!$AU:$AU,"<>"&0),0) -> 0 | Q19: =IFERROR(SUMIFS(Consolidado!AU:AU,Consolidado!$AO:$AO,Análise!$C$6,Consolidado!$AN:$AN,IF(ISBLANK($C$2),"<>",$C$2),Consolidado!$C:$C,IF(ISBLANK($C$3),"<>",$C$3))/COUNTIFS(Consolidado!$AO:$AO,Análise!$C$6,Consolidado!$AN:$AN,IF(ISBLANK($C$2),"<>",$C$2),Consolidado!$Q:$Q,K$16,Consolidado!$C:$C,IF(ISBLANK($C$3),"<>",$C$3),Consolidado!$AU:$AU,"<>"&0),0) -> 0 | S19: 3. Recusa pela coparticipação | T19: =COUNTIFS(Consolidado!$AN:$AN,IF(ISBLANK($C$2),"<>",$C$2),Consolidado!$Q:$Q,Análise!S19,Consolidado!$B:$B,"<="&Análise!$C$9,Consolidado!$B:$B,">="&Análise!$C$8,Consolidado!$C:$C,IF(ISBLANK($C$3),"<>",$C$3),Consolidado!$AW:$AW,"S") -> 0 | U19: =IFERROR(T19/$T$39,0) -> 0 | W19: Potencial de Conversão | Y19: =IFERROR((T14+T36)/T39,"") -> 0.6
B20: 3. Recusa pela coparticipação | C20: =COUNTIFS(Consolidado!$AP:$AP,Análise!C$14,Consolidado!$AO:$AO,Análise!$C$6,Consolidado!$AN:$AN,IF(ISBLANK($C$2),"<>",$C$2),Consolidado!$Q:$Q,Análise!$B20,Consolidado!$C:$C,IF(ISBLANK($C$3),"<>",$C$3),Consolidado!$AW:$AW,"S") -> 0 | D20: =COUNTIFS(Consolidado!$AP:$AP,Análise!D$14,Consolidado!$AO:$AO,Análise!$C$6,Consolidado!$AN:$AN,IF(ISBLANK($C$2),"<>",$C$2),Consolidado!$Q:$Q,Análise!$B20,Consolidado!$C:$C,IF(ISBLANK($C$3),"<>",$C$3),Consolidado!$AW:$AW,"S") -> 0 | E20: =COUNTIFS(Consolidado!$AP:$AP,Análise!E$14,Consolidado!$AO:$AO,Análise!$C$6,Consolidado!$AN:$AN,IF(ISBLANK($C$2),"<>",$C$2),Consolidado!$Q:$Q,Análise!$B20,Consolidado!$C:$C,IF(ISBLANK($C$3),"<>",$C$3),Consolidado!$AW:$AW,"S") -> 0 | F20: =COUNTIFS(Consolidado!$AP:$AP,Análise!F$14,Consolidado!$AO:$AO,Análise!$C$6,Consolidado!$AN:$AN,IF(ISBLANK($C$2),"<>",$C$2),Consolidado!$Q:$Q,Análise!$B20,Consolidado!$C:$C,IF(ISBLANK($C$3),"<>",$C$3),Consolidado!$AW:$AW,"S") -> 0 | G20: =COUNTIFS(Consolidado!$AP:$AP,Análise!G$14,Consolidado!$AO:$AO,Análise!$C$6,Consolidado!$AN:$AN,IF(ISBLANK($C$2),"<>",$C$2),Consolidado!$Q:$Q,Análise!$B20,Consolidado!$C:$C,IF(ISBLANK($C$3),"<>",$C$3),Consolidado!$AW:$AW,"S") -> 0 | H20: =SUM(C20:G20) -> 0 | I20: =+IFERROR(H20/$H$40,0) -> 0 | K20: SLA Consulta Médio | L20: =IFERROR(SUMIFS(Consolidado!$AV:$AV,Consolidado!$AP:$AP,Análise!L14,Consolidado!$AO:$AO,Análise!$C$6,Consolidado!$AN:$AN,IF(ISBLANK($C$2),"<>",$C$2),Consolidado!$C:$C,IF(ISBLANK($C$3),"<>",$C$3))/COUNTIFS(Consolidado!$AP:$AP,Análise!L14,Consolidado!$AO:$AO,Análise!$C$6,Consolidado!$AN:$AN,IF(ISBLANK($C$2),"<>",$C$2),Consolidado!$Q:$Q,$K16,Consolidado!$C:$C,IF(ISBLANK($C$3),"<>",$C$3),Consolidado!$AV:$AV,"<>"&0),0) -> 0 | M20: =IFERROR(SUMIFS(Consolidado!$AV:$AV,Consolidado!$AP:$AP,Análise!M14,Consolidado!$AO:$AO,Análise!$C$6,Consolidado!$AN:$AN,IF(ISBLANK($C$2),"<>",$C$2),Consolidado!$C:$C,IF(ISBLANK($C$3),"<>",$C$3))/COUNTIFS(Consolidado!$AP:$AP,Análise!M14,Consolidado!$AO:$AO,Análise!$C$6,Consolidado!$AN:$AN,IF(ISBLANK($C$2),"<>",$C$2),Consolidado!$Q:$Q,$K16,Consolidado!$C:$C,IF(ISBLANK($C$3),"<>",$C$3),Consolidado!$AV:$AV,"<>"&0),0) -> 0 | N20: =IFERROR(SUMIFS(Consolidado!$AV:$AV,Consolidado!$AP:$AP,Análise!N14,Consolidado!$AO:$AO,Análise!$C$6,Consolidado!$AN:$AN,IF(ISBLANK($C$2),"<>",$C$2),Consolidado!$C:$C,IF(ISBLANK($C$3),"<>",$C$3))/COUNTIFS(Consolidado!$AP:$AP,Análise!N14,Consolidado!$AO:$AO,Análise!$C$6,Consolidado!$AN:$AN,IF(ISBLANK($C$2),"<>",$C$2),Consolidado!$Q:$Q,$K16,Consolidado!$C:$C,IF(ISBLANK($C$3),"<>",$C$3),Consolidado!$AV:$AV,"<>"&0),0) -> 0 | O20: =IFERROR(SUMIFS(Consolidado!$AV:$AV,Consolidado!$AP:$AP,Análise!O14,Consolidado!$AO:$AO,Análise!$C$6,Consolidado!$AN:$AN,IF(ISBLANK($C$2),"<>",$C$2),Consolidado!$C:$C,IF(ISBLANK($C$3),"<>",$C$3))/COUNTIFS(Consolidado!$AP:$AP,Análise!O14,Consolidado!$AO:$AO,Análise!$C$6,Consolidado!$AN:$AN,IF(ISBLANK($C$2),"<>",$C$2),Consolidado!$Q:$Q,$K16,Consolidado!$C:$C,IF(ISBLANK($C$3),"<>",$C$3),Consolidado!$AV:$AV,"<>"&0),0) -> 3 | P20: =IFERROR(SUMIFS(Consolidado!$AV:$AV,Consolidado!$AP:$AP,Análise!P14,Consolidado!$AO:$AO,Análise!$C$6,Consolidado!$AN:$AN,IF(ISBLANK($C$2),"<>",$C$2),Consolidado!$C:$C,IF(ISBLANK($C$3),"<>",$C$3))/COUNTIFS(Consolidado!$AP:$AP,Análise!P14,Consolidado!$AO:$AO,Análise!$C$6,Consolidado!$AN:$AN,IF(ISBLANK($C$2),"<>",$C$2),Consolidado!$Q:$Q,$K16,Consolidado!$C:$C,IF(ISBLANK($C$3),"<>",$C$3),Consolidado!$AV:$AV,"<>"&0),0) -> 8 | Q20: =IFERROR(SUMIFS(Consolidado!AV:AV,Consolidado!$AO:$AO,Análise!$C$6,Consolidado!$AN:$AN,IF(ISBLANK($C$2),"<>",$C$2),Consolidado!$C:$C,IF(ISBLANK($C$3),"<>",$C$3))/COUNTIFS(Consolidado!$AO:$AO,Análise!$C$6,Consolidado!$AN:$AN,IF(ISBLANK($C$2),"<>",$C$2),Consolidado!$Q:$Q,K$16,Consolidado!$C:$C,IF(ISBLANK($C$3),"<>",$C$3),Consolidado!$AV:$AV,"<>"&0),0) -> 5.5 | S20: 3. Recusa por estar fora da região | T20: =COUNTIFS(Consolidado!$AN:$AN,IF(ISBLANK($C$2),"<>",$C$2),Consolidado!$Q:$Q,Análise!S20,Consolidado!$B:$B,"<="&Análise!$C$9,Consolidado!$B:$B,">="&Análise!$C$8,Consolidado!$C:$C,IF(ISBLANK($C$3),"<>",$C$3),Consolidado!$AW:$AW,"S") -> 0 | U20: =IFERROR(T20/$T$39,0) -> 0
B21: 3. Recusa por estar fora da região | C21: =COUNTIFS(Consolidado!$AP:$AP,Análise!C$14,Consolidado!$AO:$AO,Análise!$C$6,Consolidado!$AN:$AN,IF(ISBLANK($C$2),"<>",$C$2),Consolidado!$Q:$Q,Análise!$B21,Consolidado!$C:$C,IF(ISBLANK($C$3),"<>",$C$3),Consolidado!$AW:$AW,"S") -> 0 | D21: =COUNTIFS(Consolidado!$AP:$AP,Análise!D$14,Consolidado!$AO:$AO,Análise!$C$6,Consolidado!$AN:$AN,IF(ISBLANK($C$2),"<>",$C$2),Consolidado!$Q:$Q,Análise!$B21,Consolidado!$C:$C,IF(ISBLANK($C$3),"<>",$C$3),Consolidado!$AW:$AW,"S") -> 0 | E21: =COUNTIFS(Consolidado!$AP:$AP,Análise!E$14,Consolidado!$AO:$AO,Análise!$C$6,Consolidado!$AN:$AN,IF(ISBLANK($C$2),"<>",$C$2),Consolidado!$Q:$Q,Análise!$B21,Consolidado!$C:$C,IF(ISBLANK($C$3),"<>",$C$3),Consolidado!$AW:$AW,"S") -> 0 | F21: =COUNTIFS(Consolidado!$AP:$AP,Análise!F$14,Consolidado!$AO:$AO,Análise!$C$6,Consolidado!$AN:$AN,IF(ISBLANK($C$2),"<>",$C$2),Consolidado!$Q:$Q,Análise!$B21,Consolidado!$C:$C,IF(ISBLANK($C$3),"<>",$C$3),Consolidado!$AW:$AW,"S") -> 0 | G21: =COUNTIFS(Consolidado!$AP:$AP,Análise!G$14,Consolidado!$AO:$AO,Análise!$C$6,Consolidado!$AN:$AN,IF(ISBLANK($C$2),"<>",$C$2),Consolidado!$Q:$Q,Análise!$B21,Consolidado!$C:$C,IF(ISBLANK($C$3),"<>",$C$3),Consolidado!$AW:$AW,"S") -> 0 | H21: =SUM(C21:G21) -> 0 | I21: =+IFERROR(H21/$H$40,0) -> 0 | S21: 3. Recusa por outros motivos | T21: =COUNTIFS(Consolidado!$AN:$AN,IF(ISBLANK($C$2),"<>",$C$2),Consolidado!$Q:$Q,Análise!S21,Consolidado!$B:$B,"<="&Análise!$C$9,Consolidado!$B:$B,">="&Análise!$C$8,Consolidado!$C:$C,IF(ISBLANK($C$3),"<>",$C$3),Consolidado!$AW:$AW,"S") -> 0 | U21: =IFERROR(T21/$T$39,0) -> 0 | W21: Por Gênero | X21: Absoluto | Y21: Percentual
B22: 3. Recusa por outros motivos | C22: =COUNTIFS(Consolidado!$AP:$AP,Análise!C$14,Consolidado!$AO:$AO,Análise!$C$6,Consolidado!$AN:$AN,IF(ISBLANK($C$2),"<>",$C$2),Consolidado!$Q:$Q,Análise!$B22,Consolidado!$C:$C,IF(ISBLANK($C$3),"<>",$C$3),Consolidado!$AW:$AW,"S") -> 0 | D22: =COUNTIFS(Consolidado!$AP:$AP,Análise!D$14,Consolidado!$AO:$AO,Análise!$C$6,Consolidado!$AN:$AN,IF(ISBLANK($C$2),"<>",$C$2),Consolidado!$Q:$Q,Análise!$B22,Consolidado!$C:$C,IF(ISBLANK($C$3),"<>",$C$3),Consolidado!$AW:$AW,"S") -> 0 | E22: =COUNTIFS(Consolidado!$AP:$AP,Análise!E$14,Consolidado!$AO:$AO,Análise!$C$6,Consolidado!$AN:$AN,IF(ISBLANK($C$2),"<>",$C$2),Consolidado!$Q:$Q,Análise!$B22,Consolidado!$C:$C,IF(ISBLANK($C$3),"<>",$C$3),Consolidado!$AW:$AW,"S") -> 0 | F22: =COUNTIFS(Consolidado!$AP:$AP,Análise!F$14,Consolidado!$AO:$AO,Análise!$C$6,Consolidado!$AN:$AN,IF(ISBLANK($C$2),"<>",$C$2),Consolidado!$Q:$Q,Análise!$B22,Consolidado!$C:$C,IF(ISBLANK($C$3),"<>",$C$3),Consolidado!$AW:$AW,"S") -> 0 | G22: =COUNTIFS(Consolidado!$AP:$AP,Análise!G$14,Consolidado!$AO:$AO,Análise!$C$6,Consolidado!$AN:$AN,IF(ISBLANK($C$2),"<>",$C$2),Consolidado!$Q:$Q,Análise!$B22,Consolidado!$C:$C,IF(ISBLANK($C$3),"<>",$C$3),Consolidado!$AW:$AW,"S") -> 0 | H22: =SUM(C22:G22) -> 0 | I22: =+IFERROR(H22/$H$40,0) -> 0 | S22: 4. Inelegível fora do escopo | T22: =COUNTIFS(Consolidado!$AN:$AN,IF(ISBLANK($C$2),"<>",$C$2),Consolidado!$Q:$Q,Análise!S22,Consolidado!$B:$B,"<="&Análise!$C$9,Consolidado!$B:$B,">="&Análise!$C$8,Consolidado!$C:$C,IF(ISBLANK($C$3),"<>",$C$3),Consolidado!$AW:$AW,"S") -> 2 | U22: =IFERROR(T22/$T$39,0) -> 0.4 | W22: F | X22: =COUNTIFS(Consolidado!$AN:$AN,IF(ISBLANK($C$2),"<>",$C$2),Consolidado!$Q:$Q,Análise!S14,Consolidado!$B:$B,"<="&Análise!$C$9,Consolidado!$B:$B,">="&Análise!$C$8,Consolidado!$C:$C,IF(ISBLANK($C$3),"<>",$C$3),Consolidado!$J:$J,$W22,Consolidado!$AW:$AW,"S") -> 1 | Y22: =IFERROR(X22/SUM($X$22:$X$23),"") -> 1
B23: 4. Inelegível fora do escopo | C23: =COUNTIFS(Consolidado!$AP:$AP,Análise!C$14,Consolidado!$AO:$AO,Análise!$C$6,Consolidado!$AN:$AN,IF(ISBLANK($C$2),"<>",$C$2),Consolidado!$Q:$Q,Análise!$B23,Consolidado!$C:$C,IF(ISBLANK($C$3),"<>",$C$3),Consolidado!$AW:$AW,"S") -> 0 | D23: =COUNTIFS(Consolidado!$AP:$AP,Análise!D$14,Consolidado!$AO:$AO,Análise!$C$6,Consolidado!$AN:$AN,IF(ISBLANK($C$2),"<>",$C$2),Consolidado!$Q:$Q,Análise!$B23,Consolidado!$C:$C,IF(ISBLANK($C$3),"<>",$C$3),Consolidado!$AW:$AW,"S") -> 0 | E23: =COUNTIFS(Consolidado!$AP:$AP,Análise!E$14,Consolidado!$AO:$AO,Análise!$C$6,Consolidado!$AN:$AN,IF(ISBLANK($C$2),"<>",$C$2),Consolidado!$Q:$Q,Análise!$B23,Consolidado!$C:$C,IF(ISBLANK($C$3),"<>",$C$3),Consolidado!$AW:$AW,"S") -> 0 | F23: =COUNTIFS(Consolidado!$AP:$AP,Análise!F$14,Consolidado!$AO:$AO,Análise!$C$6,Consolidado!$AN:$AN,IF(ISBLANK($C$2),"<>",$C$2),Consolidado!$Q:$Q,Análise!$B23,Consolidado!$C:$C,IF(ISBLANK($C$3),"<>",$C$3),Consolidado!$AW:$AW,"S") -> 2 | G23: =COUNTIFS(Consolidado!$AP:$AP,Análise!G$14,Consolidado!$AO:$AO,Análise!$C$6,Consolidado!$AN:$AN,IF(ISBLANK($C$2),"<>",$C$2),Consolidado!$Q:$Q,Análise!$B23,Consolidado!$C:$C,IF(ISBLANK($C$3),"<>",$C$3),Consolidado!$AW:$AW,"S") -> 0 | H23: =SUM(C23:G23) -> 2 | I23: =+IFERROR(H23/$H$40,0) -> 0.4 | K23: Parâmetros | L23: Semana | S23: 4. Exclusão do plano | T23: =COUNTIFS(Consolidado!$AN:$AN,IF(ISBLANK($C$2),"<>",$C$2),Consolidado!$Q:$Q,Análise!S23,Consolidado!$B:$B,"<="&Análise!$C$9,Consolidado!$B:$B,">="&Análise!$C$8,Consolidado!$C:$C,IF(ISBLANK($C$3),"<>",$C$3),Consolidado!$AW:$AW,"S") -> 0 | U23: =IFERROR(T23/$T$39,0) -> 0 | W23: M | X23: =COUNTIFS(Consolidado!$AN:$AN,IF(ISBLANK($C$2),"<>",$C$2),Consolidado!$Q:$Q,Análise!S15,Consolidado!$B:$B,"<="&Análise!$C$9,Consolidado!$B:$B,">="&Análise!$C$8,Consolidado!$C:$C,IF(ISBLANK($C$3),"<>",$C$3),Consolidado!$J:$J,$W23,Consolidado!$AW:$AW,"S") -> 0 | Y23: =IFERROR(X23/SUM($X$22:$X$23),"") -> 0
B24: 4. Exclusão do plano | C24: =COUNTIFS(Consolidado!$AP:$AP,Análise!C$14,Consolidado!$AO:$AO,Análise!$C$6,Consolidado!$AN:$AN,IF(ISBLANK($C$2),"<>",$C$2),Consolidado!$Q:$Q,Análise!$B24,Consolidado!$C:$C,IF(ISBLANK($C$3),"<>",$C$3),Consolidado!$AW:$AW,"S") -> 0 | D24: =COUNTIFS(Consolidado!$AP:$AP,Análise!D$14,Consolidado!$AO:$AO,Análise!$C$6,Consolidado!$AN:$AN,IF(ISBLANK($C$2),"<>",$C$2),Consolidado!$Q:$Q,Análise!$B24,Consolidado!$C:$C,IF(ISBLANK($C$3),"<>",$C$3),Consolidado!$AW:$AW,"S") -> 0 | E24: =COUNTIFS(Consolidado!$AP:$AP,Análise!E$14,Consolidado!$AO:$AO,Análise!$C$6,Consolidado!$AN:$AN,IF(ISBLANK($C$2),"<>",$C$2),Consolidado!$Q:$Q,Análise!$B24,Consolidado!$C:$C,IF(ISBLANK($C$3),"<>",$C$3),Consolidado!$AW:$AW,"S") -> 0 | F24: =COUNTIFS(Consolidado!$AP:$AP,Análise!F$14,Consolidado!$AO:$AO,Análise!$C$6,Consolidado!$AN:$AN,IF(ISBLANK($C$2),"<>",$C$2),Consolidado!$Q:$Q,Análise!$B24,Consolidado!$C:$C,IF(ISBLANK($C$3),"<>",$C$3),Consolidado!$AW:$AW,"S") -> 0 | G24: =COUNTIFS(Consolidado!$AP:$AP,Análise!G$14,Consolidado!$AO:$AO,Análise!$C$6,Consolidado!$AN:$AN,IF(ISBLANK($C$2),"<>",$C$2),Consolidado!$Q:$Q,Análise!$B24,Consolidado!$C:$C,IF(ISBLANK($C$3),"<>",$C$3),Consolidado!$AW:$AW,"S") -> 0 | H24: =SUM(C24:G24) -> 0 | I24: =+IFERROR(H24/$H$40,0) -> 0 | L24: 1 | M24: 2 | N24: 3 | O24: 4 | P24: 5 | Q24: Mês | S24: 4. Óbito | T24: =COUNTIFS(Consolidado!$AN:$AN,IF(ISBLANK($C$2),"<>",$C$2),Consolidado!$Q:$Q,Análise!S24,Consolidado!$B:$B,"<="&Análise!$C$9,Consolidado!$B:$B,">="&Análise!$C$8,Consolidado!$C:$C,IF(ISBLANK($C$3),"<>",$C$3),Consolidado!$AW:$AW,"S") -> 0 | U24: =IFERROR(T24/$T$39,0) -> 0
B25: 4. Óbito | C25: =COUNTIFS(Consolidado!$AP:$AP,Análise!C$14,Consolidado!$AO:$AO,Análise!$C$6,Consolidado!$AN:$AN,IF(ISBLANK($C$2),"<>",$C$2),Consolidado!$Q:$Q,Análise!$B25,Consolidado!$C:$C,IF(ISBLANK($C$3),"<>",$C$3),Consolidado!$AW:$AW,"S") -> 0 | D25: =COUNTIFS(Consolidado!$AP:$AP,Análise!D$14,Consolidado!$AO:$AO,Análise!$C$6,Consolidado!$AN:$AN,IF(ISBLANK($C$2),"<>",$C$2),Consolidado!$Q:$Q,Análise!$B25,Consolidado!$C:$C,IF(ISBLANK($C$3),"<>",$C$3),Consolidado!$AW:$AW,"S") -> 0 | E25: =COUNTIFS(Consolidado!$AP:$AP,Análise!E$14,Consolidado!$AO:$AO,Análise!$C$6,Consolidado!$AN:$AN,IF(ISBLANK($C$2),"<>",$C$2),Consolidado!$Q:$Q,Análise!$B25,Consolidado!$C:$C,IF(ISBLANK($C$3),"<>",$C$3),Consolidado!$AW:$AW,"S") -> 0 | F25: =COUNTIFS(Consolidado!$AP:$AP,Análise!F$14,Consolidado!$AO:$AO,Análise!$C$6,Consolidado!$AN:$AN,IF(ISBLANK($C$2),"<>",$C$2),Consolidado!$Q:$Q,Análise!$B25,Consolidado!$C:$C,IF(ISBLANK($C$3),"<>",$C$3),Consolidado!$AW:$AW,"S") -> 0 | G25: =COUNTIFS(Consolidado!$AP:$AP,Análise!G$14,Consolidado!$AO:$AO,Análise!$C$6,Consolidado!$AN:$AN,IF(ISBLANK($C$2),"<>",$C$2),Consolidado!$Q:$Q,Análise!$B25,Consolidado!$C:$C,IF(ISBLANK($C$3),"<>",$C$3),Consolidado!$AW:$AW,"S") -> 0 | H25: =SUM(C25:G25) -> 0 | I25: =+IFERROR(H25/$H$40,0) -> 0 | K25: SLA Exclusão Médio | L25: =IFERROR(SUMIFS(Consolidado!AT:AT,Consolidado!$AP:$AP,L24,Consolidado!$AO:$AO,Análise!$C$6,Consolidado!$AN:$AN,IF(ISBLANK($C$2),"<>",$C$2),Consolidado!$C:$C,IF(ISBLANK($C$3),"<>",$C$3))/COUNTIFS(Consolidado!$R:$R,"<>",Consolidado!$S:$S,"<>",Consolidado!$AO:$AO,Análise!$C$6,Consolidado!$AN:$AN,IF(ISBLANK($C$2),"<>",$C$2),Consolidado!$C:$C,IF(ISBLANK($C$3),"<>",$C$3),Consolidado!$AP:$AP,L24),0) -> 0 | M25: =IFERROR(SUMIFS(Consolidado!AT:AT,Consolidado!$AP:$AP,M24,Consolidado!$AO:$AO,Análise!$C$6,Consolidado!$AN:$AN,IF(ISBLANK($C$2),"<>",$C$2),Consolidado!$C:$C,IF(ISBLANK($C$3),"<>",$C$3))/COUNTIFS(Consolidado!$R:$R,"<>",Consolidado!$S:$S,"<>",Consolidado!$AO:$AO,Análise!$C$6,Consolidado!$AN:$AN,IF(ISBLANK($C$2),"<>",$C$2),Consolidado!$C:$C,IF(ISBLANK($C$3),"<>",$C$3),Consolidado!$AP:$AP,M24),0) -> 0 | N25: =IFERROR(SUMIFS(Consolidado!AT:AT,Consolidado!$AP:$AP,N24,Consolidado!$AO:$AO,Análise!$C$6,Consolidado!$AN:$AN,IF(ISBLANK($C$2),"<>",$C$2),Consolidado!$C:$C,IF(ISBLANK($C$3),"<>",$C$3))/COUNTIFS(Consolidado!$R:$R,"<>",Consolidado!$S:$S,"<>",Consolidado!$AO:$AO,Análise!$C$6,Consolidado!$AN:$AN,IF(ISBLANK($C$2),"<>",$C$2),Consolidado!$C:$C,IF(ISBLANK($C$3),"<>",$C$3),Consolidado!$AP:$AP,N24),0) -> 0 | O25: =IFERROR(SUMIFS(Consolidado!AT:AT,Consolidado!$AP:$AP,O24,Consolidado!$AO:$AO,Análise!$C$6,Consolidado!$AN:$AN,IF(ISBLANK($C$2),"<>",$C$2),Consolidado!$C:$C,IF(ISBLANK($C$3),"<>",$C$3))/COUNTIFS(Consolidado!$R:$R,"<>",Consolidado!$S:$S,"<>",Consolidado!$AO:$AO,Análise!$C$6,Consolidado!$AN:$AN,IF(ISBLANK($C$2),"<>",$C$2),Consolidado!$C:$C,IF(ISBLANK($C$3),"<>",$C$3),Consolidado!$AP:$AP,O24),0) -> 0 | P25: =IFERROR(SUMIFS(Consolidado!AT:AT,Consolidado!$AP:$AP,P24,Consolidado!$AO:$AO,Análise!$C$6,Consolidado!$AN:$AN,IF(ISBLANK($C$2),"<>",$C$2),Consolidado!$C:$C,IF(ISBLANK($C$3),"<>",$C$3))/COUNTIFS(Consolidado!$R:$R,"<>",Consolidado!$S:$S,"<>",Consolidado!$AO:$AO,Análise!$C$6,Consolidado!$AN:$AN,IF(ISBLANK($C$2),"<>",$C$2),Consolidado!$C:$C,IF(ISBLANK($C$3),"<>",$C$3),Consolidado!$AP:$AP,P24),0) -> 0 | Q25: =IFERROR(SUMIFS(Consolidado!AT:AT,Consolidado!$AO:$AO,Análise!$C$6,Consolidado!$AN:$AN,IF(ISBLANK($C$2),"<>",$C$2),Consolidado!$C:$C,IF(ISBLANK($C$3),"<>",$C$3))/COUNTIFS(Consolidado!$R:$R,"<>",Consolidado!$S:$S,"<>",Consolidado!$AO:$AO,Análise!$C$6,Consolidado!$AN:$AN,IF(ISBLANK($C$2),"<>",$C$2),Consolidado!$C:$C,IF(ISBLANK($C$3),"<>",$C$3)),0) -> 0 | S25: 4. Não Captar a pedido da Operadora | T25: =COUNTIFS(Consolidado!$AN:$AN,IF(ISBLANK($C$2),"<>",$C$2),Consolidado!$Q:$Q,Análise!S25,Consolidado!$B:$B,"<="&Análise!$C$9,Consolidado!$B:$B,">="&Análise!$C$8,Consolidado!$C:$C,IF(ISBLANK($C$3),"<>",$C$3),Consolidado!$AW:$AW,"S") -> 0 | U25: =IFERROR(T25/$T$39,0) -> 0
B26: 4. Não Captar a pedido da Operadora | C26: =COUNTIFS(Consolidado!$AP:$AP,Análise!C$14,Consolidado!$AO:$AO,Análise!$C$6,Consolidado!$AN:$AN,IF(ISBLANK($C$2),"<>",$C$2),Consolidado!$Q:$Q,Análise!$B26,Consolidado!$C:$C,IF(ISBLANK($C$3),"<>",$C$3),Consolidado!$AW:$AW,"S") -> 0 | D26: =COUNTIFS(Consolidado!$AP:$AP,Análise!D$14,Consolidado!$AO:$AO,Análise!$C$6,Consolidado!$AN:$AN,IF(ISBLANK($C$2),"<>",$C$2),Consolidado!$Q:$Q,Análise!$B26,Consolidado!$C:$C,IF(ISBLANK($C$3),"<>",$C$3),Consolidado!$AW:$AW,"S") -> 0 | E26: =COUNTIFS(Consolidado!$AP:$AP,Análise!E$14,Consolidado!$AO:$AO,Análise!$C$6,Consolidado!$AN:$AN,IF(ISBLANK($C$2),"<>",$C$2),Consolidado!$Q:$Q,Análise!$B26,Consolidado!$C:$C,IF(ISBLANK($C$3),"<>",$C$3),Consolidado!$AW:$AW,"S") -> 0 | F26: =COUNTIFS(Consolidado!$AP:$AP,Análise!F$14,Consolidado!$AO:$AO,Análise!$C$6,Consolidado!$AN:$AN,IF(ISBLANK($C$2),"<>",$C$2),Consolidado!$Q:$Q,Análise!$B26,Consolidado!$C:$C,IF(ISBLANK($C$3),"<>",$C$3),Consolidado!$AW:$AW,"S") -> 0 | G26: =COUNTIFS(Consolidado!$AP:$AP,Análise!G$14,Consolidado!$AO:$AO,Análise!$C$6,Consolidado!$AN:$AN,IF(ISBLANK($C$2),"<>",$C$2),Consolidado!$Q:$Q,Análise!$B26,Consolidado!$C:$C,IF(ISBLANK($C$3),"<>",$C$3),Consolidado!$AW:$AW,"S") -> 0 | H26: =SUM(C26:G26) -> 0 | I26: =+IFERROR(H26/$H$40,0) -> 0 | S26: 5. Alta por óbito | T26: =COUNTIFS(Consolidado!$AN:$AN,IF(ISBLANK($C$2),"<>",$C$2),Consolidado!$Q:$Q,Análise!S26,Consolidado!$B:$B,"<="&Análise!$C$9,Consolidado!$B:$B,">="&Análise!$C$8,Consolidado!$C:$C,IF(ISBLANK($C$3),"<>",$C$3),Consolidado!$AW:$AW,"S") -> 0 | U26: =IFERROR(T26/$T$39,0) -> 0
B27: 5. Alta por óbito | C27: =COUNTIFS(Consolidado!$AP:$AP,Análise!C$14,Consolidado!$AO:$AO,Análise!$C$6,Consolidado!$AN:$AN,IF(ISBLANK($C$2),"<>",$C$2),Consolidado!$Q:$Q,Análise!$B27,Consolidado!$C:$C,IF(ISBLANK($C$3),"<>",$C$3),Consolidado!$AW:$AW,"S") -> 0 | D27: =COUNTIFS(Consolidado!$AP:$AP,Análise!D$14,Consolidado!$AO:$AO,Análise!$C$6,Consolidado!$AN:$AN,IF(ISBLANK($C$2),"<>",$C$2),Consolidado!$Q:$Q,Análise!$B27,Consolidado!$C:$C,IF(ISBLANK($C$3),"<>",$C$3),Consolidado!$AW:$AW,"S") -> 0 | E27: =COUNTIFS(Consolidado!$AP:$AP,Análise!E$14,Consolidado!$AO:$AO,Análise!$C$6,Consolidado!$AN:$AN,IF(ISBLANK($C$2),"<>",$C$2),Consolidado!$Q:$Q,Análise!$B27,Consolidado!$C:$C,IF(ISBLANK($C$3),"<>",$C$3),Consolidado!$AW:$AW,"S") -> 0 | F27: =COUNTIFS(Consolidado!$AP:$AP,Análise!F$14,Consolidado!$AO:$AO,Análise!$C$6,Consolidado!$AN:$AN,IF(ISBLANK($C$2),"<>",$C$2),Consolidado!$Q:$Q,Análise!$B27,Consolidado!$C:$C,IF(ISBLANK($C$3),"<>",$C$3),Consolidado!$AW:$AW,"S") -> 0 | G27: =COUNTIFS(Consolidado!$AP:$AP,Análise!G$14,Consolidado!$AO:$AO,Análise!$C$6,Consolidado!$AN:$AN,IF(ISBLANK($C$2),"<>",$C$2),Consolidado!$Q:$Q,Análise!$B27,Consolidado!$C:$C,IF(ISBLANK($C$3),"<>",$C$3),Consolidado!$AW:$AW,"S") -> 0 | H27: =SUM(C27:G27) -> 0 | I27: =+IFERROR(H27/$H$40,0) -> 0 | S27: 5. Alta por inelegibilidade | T27: =COUNTIFS(Consolidado!$AN:$AN,IF(ISBLANK($C$2),"<>",$C$2),Consolidado!$Q:$Q,Análise!S27,Consolidado!$B:$B,"<="&Análise!$C$9,Consolidado!$B:$B,">="&Análise!$C$8,Consolidado!$C:$C,IF(ISBLANK($C$3),"<>",$C$3),Consolidado!$AW:$AW,"S") -> 0 | U27: =IFERROR(T27/$T$39,0) -> 0
B28: 5. Alta por inelegibilidade | C28: =COUNTIFS(Consolidado!$AP:$AP,Análise!C$14,Consolidado!$AO:$AO,Análise!$C$6,Consolidado!$AN:$AN,IF(ISBLANK($C$2),"<>",$C$2),Consolidado!$Q:$Q,Análise!$B28,Consolidado!$C:$C,IF(ISBLANK($C$3),"<>",$C$3),Consolidado!$AW:$AW,"S") -> 0 | D28: =COUNTIFS(Consolidado!$AP:$AP,Análise!D$14,Consolidado!$AO:$AO,Análise!$C$6,Consolidado!$AN:$AN,IF(ISBLANK($C$2),"<>",$C$2),Consolidado!$Q:$Q,Análise!$B28,Consolidado!$C:$C,IF(ISBLANK($C$3),"<>",$C$3),Consolidado!$AW:$AW,"S") -> 0 | E28: =COUNTIFS(Consolidado!$AP:$AP,Análise!E$14,Consolidado!$AO:$AO,Análise!$C$6,Consolidado!$AN:$AN,IF(ISBLANK($C$2),"<>",$C$2),Consolidado!$Q:$Q,Análise!$B28,Consolidado!$C:$C,IF(ISBLANK($C$3),"<>",$C$3),Consolidado!$AW:$AW,"S") -> 0 | F28: =COUNTIFS(Consolidado!$AP:$AP,Análise!F$14,Consolidado!$AO:$AO,Análise!$C$6,Consolidado!$AN:$AN,IF(ISBLANK($C$2),"<>",$C$2),Consolidado!$Q:$Q,Análise!$B28,Consolidado!$C:$C,IF(ISBLANK($C$3),"<>",$C$3),Consolidado!$AW:$AW,"S") -> 0 | G28: =COUNTIFS(Consolidado!$AP:$AP,Análise!G$14,Consolidado!$AO:$AO,Análise!$C$6,Consolidado!$AN:$AN,IF(ISBLANK($C$2),"<>",$C$2),Consolidado!$Q:$Q,Análise!$B28,Consolidado!$C:$C,IF(ISBLANK($C$3),"<>",$C$3),Consolidado!$AW:$AW,"S") -> 0 | H28: =SUM(C28:G28) -> 0 | I28: =+IFERROR(H28/$H$40,0) -> 0 | K28: Parâmetros | L28: Semana | S28: 5. Alta por múltiplas tentativas | T28: =COUNTIFS(Consolidado!$AN:$AN,IF(ISBLANK($C$2),"<>",$C$2),Consolidado!$Q:$Q,Análise!S28,Consolidado!$B:$B,"<="&Análise!$C$9,Consolidado!$B:$B,">="&Análise!$C$8,Consolidado!$C:$C,IF(ISBLANK($C$3),"<>",$C$3),Consolidado!$AW:$AW,"S") -> 0 | U28: =IFERROR(T28/$T$39,0) -> 0
B29: 5. Alta por múltiplas tentativas | C29: =COUNTIFS(Consolidado!$AP:$AP,Análise!C$14,Consolidado!$AO:$AO,Análise!$C$6,Consolidado!$AN:$AN,IF(ISBLANK($C$2),"<>",$C$2),Consolidado!$Q:$Q,Análise!$B29,Consolidado!$C:$C,IF(ISBLANK($C$3),"<>",$C$3),Consolidado!$AW:$AW,"S") -> 0 | D29: =COUNTIFS(Consolidado!$AP:$AP,Análise!D$14,Consolidado!$AO:$AO,Análise!$C$6,Consolidado!$AN:$AN,IF(ISBLANK($C$2),"<>",$C$2),Consolidado!$Q:$Q,Análise!$B29,Consolidado!$C:$C,IF(ISBLANK($C$3),"<>",$C$3),Consolidado!$AW:$AW,"S") -> 0 | E29: =COUNTIFS(Consolidado!$AP:$AP,Análise!E$14,Consolidado!$AO:$AO,Análise!$C$6,Consolidado!$AN:$AN,IF(ISBLANK($C$2),"<>",$C$2),Consolidado!$Q:$Q,Análise!$B29,Consolidado!$C:$C,IF(ISBLANK($C$3),"<>",$C$3),Consolidado!$AW:$AW,"S") -> 0 | F29: =COUNTIFS(Consolidado!$AP:$AP,Análise!F$14,Consolidado!$AO:$AO,Análise!$C$6,Consolidado!$AN:$AN,IF(ISBLANK($C$2),"<>",$C$2),Consolidado!$Q:$Q,Análise!$B29,Consolidado!$C:$C,IF(ISBLANK($C$3),"<>",$C$3),Consolidado!$AW:$AW,"S") -> 0 | G29: =COUNTIFS(Consolidado!$AP:$AP,Análise!G$14,Consolidado!$AO:$AO,Análise!$C$6,Consolidado!$AN:$AN,IF(ISBLANK($C$2),"<>",$C$2),Consolidado!$Q:$Q,Análise!$B29,Consolidado!$C:$C,IF(ISBLANK($C$3),"<>",$C$3),Consolidado!$AW:$AW,"S") -> 0 | H29: =SUM(C29:G29) -> 0 | I29: =+IFERROR(H29/$H$40,0) -> 0 | L29: 1 | M29: 2 | N29: 3 | O29: 4 | P29: 5 | Q29: Mês | S29: 5. Alta a pedido - recusa em assinar o termo | T29: =COUNTIFS(Consolidado!$AN:$AN,IF(ISBLANK($C$2),"<>",$C$2),Consolidado!$Q:$Q,Análise!S29,Consolidado!$B:$B,"<="&Análise!$C$9,Consolidado!$B:$B,">="&Análise!$C$8,Consolidado!$C:$C,IF(ISBLANK($C$3),"<>",$C$3),Consolidado!$AW:$AW,"S") -> 0 | U29: =IFERROR(T29/$T$39,0) -> 0
B30: 5. Alta a pedido - recusa em assinar o termo | C30: =COUNTIFS(Consolidado!$AP:$AP,Análise!C$14,Consolidado!$AO:$AO,Análise!$C$6,Consolidado!$AN:$AN,IF(ISBLANK($C$2),"<>",$C$2),Consolidado!$Q:$Q,Análise!$B30,Consolidado!$C:$C,IF(ISBLANK($C$3),"<>",$C$3),Consolidado!$AW:$AW,"S") -> 0 | D30: =COUNTIFS(Consolidado!$AP:$AP,Análise!D$14,Consolidado!$AO:$AO,Análise!$C$6,Consolidado!$AN:$AN,IF(ISBLANK($C$2),"<>",$C$2),Consolidado!$Q:$Q,Análise!$B30,Consolidado!$C:$C,IF(ISBLANK($C$3),"<>",$C$3),Consolidado!$AW:$AW,"S") -> 0 | E30: =COUNTIFS(Consolidado!$AP:$AP,Análise!E$14,Consolidado!$AO:$AO,Análise!$C$6,Consolidado!$AN:$AN,IF(ISBLANK($C$2),"<>",$C$2),Consolidado!$Q:$Q,Análise!$B30,Consolidado!$C:$C,IF(ISBLANK($C$3),"<>",$C$3),Consolidado!$AW:$AW,"S") -> 0 | F30: =COUNTIFS(Consolidado!$AP:$AP,Análise!F$14,Consolidado!$AO:$AO,Análise!$C$6,Consolidado!$AN:$AN,IF(ISBLANK($C$2),"<>",$C$2),Consolidado!$Q:$Q,Análise!$B30,Consolidado!$C:$C,IF(ISBLANK($C$3),"<>",$C$3),Consolidado!$AW:$AW,"S") -> 0 | G30: =COUNTIFS(Consolidado!$AP:$AP,Análise!G$14,Consolidado!$AO:$AO,Análise!$C$6,Consolidado!$AN:$AN,IF(ISBLANK($C$2),"<>",$C$2),Consolidado!$Q:$Q,Análise!$B30,Consolidado!$C:$C,IF(ISBLANK($C$3),"<>",$C$3),Consolidado!$AW:$AW,"S") -> 0 | H30: =SUM(C30:G30) -> 0 | I30: =+IFERROR(H30/$H$40,0) -> 0 | K30: Potencial de Conversão | L30: =IFERROR((C15+C37)/C40,"") | M30: =IFERROR((D15+D37)/D40,"") -> 1 | N30: =IFERROR((E15+E37)/E40,"") | O30: =IFERROR((F15+F37)/F40,"") -> 0.33333333 | P30: =IFERROR((G15+G37)/G40,"") -> 1 | Q30: =IFERROR((H15+H37)/H40,"") -> 0.6 | S30: 5. Alta a pedido - perda de interesse | T30: =COUNTIFS(Consolidado!$AN:$AN,IF(ISBLANK($C$2),"<>",$C$2),Consolidado!$Q:$Q,Análise!S30,Consolidado!$B:$B,"<="&Análise!$C$9,Consolidado!$B:$B,">="&Análise!$C$8,Consolidado!$C:$C,IF(ISBLANK($C$3),"<>",$C$3),Consolidado!$AW:$AW,"S") -> 0 | U30: =IFERROR(T30/$T$39,0) -> 0
B31: 5. Alta a pedido - perda de interesse | C31: =COUNTIFS(Consolidado!$AP:$AP,Análise!C$14,Consolidado!$AO:$AO,Análise!$C$6,Consolidado!$AN:$AN,IF(ISBLANK($C$2),"<>",$C$2),Consolidado!$Q:$Q,Análise!$B31,Consolidado!$C:$C,IF(ISBLANK($C$3),"<>",$C$3),Consolidado!$AW:$AW,"S") -> 0 | D31: =COUNTIFS(Consolidado!$AP:$AP,Análise!D$14,Consolidado!$AO:$AO,Análise!$C$6,Consolidado!$AN:$AN,IF(ISBLANK($C$2),"<>",$C$2),Consolidado!$Q:$Q,Análise!$B31,Consolidado!$C:$C,IF(ISBLANK($C$3),"<>",$C$3),Consolidado!$AW:$AW,"S") -> 0 | E31: =COUNTIFS(Consolidado!$AP:$AP,Análise!E$14,Consolidado!$AO:$AO,Análise!$C$6,Consolidado!$AN:$AN,IF(ISBLANK($C$2),"<>",$C$2),Consolidado!$Q:$Q,Análise!$B31,Consolidado!$C:$C,IF(ISBLANK($C$3),"<>",$C$3),Consolidado!$AW:$AW,"S") -> 0 | F31: =COUNTIFS(Consolidado!$AP:$AP,Análise!F$14,Consolidado!$AO:$AO,Análise!$C$6,Consolidado!$AN:$AN,IF(ISBLANK($C$2),"<>",$C$2),Consolidado!$Q:$Q,Análise!$B31,Consolidado!$C:$C,IF(ISBLANK($C$3),"<>",$C$3),Consolidado!$AW:$AW,"S") -> 0 | G31: =COUNTIFS(Consolidado!$AP:$AP,Análise!G$14,Consolidado!$AO:$AO,Análise!$C$6,Consolidado!$AN:$AN,IF(ISBLANK($C$2),"<>",$C$2),Consolidado!$Q:$Q,Análise!$B31,Consolidado!$C:$C,IF(ISBLANK($C$3),"<>",$C$3),Consolidado!$AW:$AW,"S") -> 0 | H31: =SUM(C31:G31) -> 0 | I31: =+IFERROR(H31/$H$40,0) -> 0 | S31: 5. Alta a pedido - mudança de região | T31: =COUNTIFS(Consolidado!$AN:$AN,IF(ISBLANK($C$2),"<>",$C$2),Consolidado!$Q:$Q,Análise!S31,Consolidado!$B:$B,"<="&Análise!$C$9,Consolidado!$B:$B,">="&Análise!$C$8,Consolidado!$C:$C,IF(ISBLANK($C$3),"<>",$C$3),Consolidado!$AW:$AW,"S") -> 0 | U31: =IFERROR(T31/$T$39,0) -> 0
B32: 5. Alta a pedido - mudança de região | C32: =COUNTIFS(Consolidado!$AP:$AP,Análise!C$14,Consolidado!$AO:$AO,Análise!$C$6,Consolidado!$AN:$AN,IF(ISBLANK($C$2),"<>",$C$2),Consolidado!$Q:$Q,Análise!$B32,Consolidado!$C:$C,IF(ISBLANK($C$3),"<>",$C$3),Consolidado!$AW:$AW,"S") -> 0 | D32: =COUNTIFS(Consolidado!$AP:$AP,Análise!D$14,Consolidado!$AO:$AO,Análise!$C$6,Consolidado!$AN:$AN,IF(ISBLANK($C$2),"<>",$C$2),Consolidado!$Q:$Q,Análise!$B32,Consolidado!$C:$C,IF(ISBLANK($C$3),"<>",$C$3),Consolidado!$AW:$AW,"S") -> 0 | E32: =COUNTIFS(Consolidado!$AP:$AP,Análise!E$14,Consolidado!$AO:$AO,Análise!$C$6,Consolidado!$AN:$AN,IF(ISBLANK($C$2),"<>",$C$2),Consolidado!$Q:$Q,Análise!$B32,Consolidado!$C:$C,IF(ISBLANK($C$3),"<>",$C$3),Consolidado!$AW:$AW,"S") -> 0 | F32: =COUNTIFS(Consolidado!$AP:$AP,Análise!F$14,Consolidado!$AO:$AO,Análise!$C$6,Consolidado!$AN:$AN,IF(ISBLANK($C$2),"<>",$C$2),Consolidado!$Q:$Q,Análise!$B32,Consolidado!$C:$C,IF(ISBLANK($C$3),"<>",$C$3),Consolidado!$AW:$AW,"S") -> 0 | G32: =COUNTIFS(Consolidado!$AP:$AP,Análise!G$14,Consolidado!$AO:$AO,Análise!$C$6,Consolidado!$AN:$AN,IF(ISBLANK($C$2),"<>",$C$2),Consolidado!$Q:$Q,Análise!$B32,Consolidado!$C:$C,IF(ISBLANK($C$3),"<>",$C$3),Consolidado!$AW:$AW,"S") -> 0 | H32: =SUM(C32:G32) -> 0 | I32: =+IFERROR(H32/$H$40,0) -> 0 | S32: 5. Alta por exclusão do plano | T32: =COUNTIFS(Consolidado!$AN:$AN,IF(ISBLANK($C$2),"<>",$C$2),Consolidado!$Q:$Q,Análise!S32,Consolidado!$B:$B,"<="&Análise!$C$9,Consolidado!$B:$B,">="&Análise!$C$8,Consolidado!$C:$C,IF(ISBLANK($C$3),"<>",$C$3),Consolidado!$AW:$AW,"S") -> 0 | U32: =IFERROR(T32/$T$39,0) -> 0
B33: 5. Alta por exclusão do plano | C33: =COUNTIFS(Consolidado!$AP:$AP,Análise!C$14,Consolidado!$AO:$AO,Análise!$C$6,Consolidado!$AN:$AN,IF(ISBLANK($C$2),"<>",$C$2),Consolidado!$Q:$Q,Análise!$B33,Consolidado!$C:$C,IF(ISBLANK($C$3),"<>",$C$3),Consolidado!$AW:$AW,"S") -> 0 | D33: =COUNTIFS(Consolidado!$AP:$AP,Análise!D$14,Consolidado!$AO:$AO,Análise!$C$6,Consolidado!$AN:$AN,IF(ISBLANK($C$2),"<>",$C$2),Consolidado!$Q:$Q,Análise!$B33,Consolidado!$C:$C,IF(ISBLANK($C$3),"<>",$C$3),Consolidado!$AW:$AW,"S") -> 0 | E33: =COUNTIFS(Consolidado!$AP:$AP,Análise!E$14,Consolidado!$AO:$AO,Análise!$C$6,Consolidado!$AN:$AN,IF(ISBLANK($C$2),"<>",$C$2),Consolidado!$Q:$Q,Análise!$B33,Consolidado!$C:$C,IF(ISBLANK($C$3),"<>",$C$3),Consolidado!$AW:$AW,"S") -> 0 | F33: =COUNTIFS(Consolidado!$AP:$AP,Análise!F$14,Consolidado!$AO:$AO,Análise!$C$6,Consolidado!$AN:$AN,IF(ISBLANK($C$2),"<>",$C$2),Consolidado!$Q:$Q,Análise!$B33,Consolidado!$C:$C,IF(ISBLANK($C$3),"<>",$C$3),Consolidado!$AW:$AW,"S") -> 0 | G33: =COUNTIFS(Consolidado!$AP:$AP,Análise!G$14,Consolidado!$AO:$AO,Análise!$C$6,Consolidado!$AN:$AN,IF(ISBLANK($C$2),"<>",$C$2),Consolidado!$Q:$Q,Análise!$B33,Consolidado!$C:$C,IF(ISBLANK($C$3),"<>",$C$3),Consolidado!$AW:$AW,"S") -> 0 | H33: =SUM(C33:G33) -> 0 | I33: =+IFERROR(H33/$H$40,0) -> 0 | K33: Por Gênero | L33: Absoluto | M33: Percentual | S33: 5. Alta por outros motivos | T33: =COUNTIFS(Consolidado!$AN:$AN,IF(ISBLANK($C$2),"<>",$C$2),Consolidado!$Q:$Q,Análise!S33,Consolidado!$B:$B,"<="&Análise!$C$9,Consolidado!$B:$B,">="&Análise!$C$8,Consolidado!$C:$C,IF(ISBLANK($C$3),"<>",$C$3),Consolidado!$AW:$AW,"S") -> 0 | U33: =IFERROR(T33/$T$39,0) -> 0
B34: 5. Alta por outros motivos | C34: =COUNTIFS(Consolidado!$AP:$AP,Análise!C$14,Consolidado!$AO:$AO,Análise!$C$6,Consolidado!$AN:$AN,IF(ISBLANK($C$2),"<>",$C$2),Consolidado!$Q:$Q,Análise!$B34,Consolidado!$C:$C,IF(ISBLANK($C$3),"<>",$C$3),Consolidado!$AW:$AW,"S") -> 0 | D34: =COUNTIFS(Consolidado!$AP:$AP,Análise!D$14,Consolidado!$AO:$AO,Análise!$C$6,Consolidado!$AN:$AN,IF(ISBLANK($C$2),"<>",$C$2),Consolidado!$Q:$Q,Análise!$B34,Consolidado!$C:$C,IF(ISBLANK($C$3),"<>",$C$3),Consolidado!$AW:$AW,"S") -> 0 | E34: =COUNTIFS(Consolidado!$AP:$AP,Análise!E$14,Consolidado!$AO:$AO,Análise!$C$6,Consolidado!$AN:$AN,IF(ISBLANK($C$2),"<>",$C$2),Consolidado!$Q:$Q,Análise!$B34,Consolidado!$C:$C,IF(ISBLANK($C$3),"<>",$C$3),Consolidado!$AW:$AW,"S") -> 0 | F34: =COUNTIFS(Consolidado!$AP:$AP,Análise!F$14,Consolidado!$AO:$AO,Análise!$C$6,Consolidado!$AN:$AN,IF(ISBLANK($C$2),"<>",$C$2),Consolidado!$Q:$Q,Análise!$B34,Consolidado!$C:$C,IF(ISBLANK($C$3),"<>",$C$3),Consolidado!$AW:$AW,"S") -> 0 | G34: =COUNTIFS(Consolidado!$AP:$AP,Análise!G$14,Consolidado!$AO:$AO,Análise!$C$6,Consolidado!$AN:$AN,IF(ISBLANK($C$2),"<>",$C$2),Consolidado!$Q:$Q,Análise!$B34,Consolidado!$C:$C,IF(ISBLANK($C$3),"<>",$C$3),Consolidado!$AW:$AW,"S") -> 0 | H34: =SUM(C34:G34) -> 0 | I34: =+IFERROR(H34/$H$40,0) -> 0 | K34: F | L34: =COUNTIFS(Consolidado!$AO:$AO,Análise!$C$6,Consolidado!$AN:$AN,IF(ISBLANK($C$2),"<>",$C$2),Consolidado!$Q:$Q,Análise!$B15,Consolidado!$C:$C,IF(ISBLANK($C$3),"<>",$C$3),Consolidado!$J:$J,K34,Consolidado!$AW:$AW,"S") -> 1 | M34: =IFERROR(L34/SUM($L$34:$L$35),"") -> 1 | S34: 5. Alta a pedido da operadora | T34: =COUNTIFS(Consolidado!$AN:$AN,IF(ISBLANK($C$2),"<>",$C$2),Consolidado!$Q:$Q,Análise!S34,Consolidado!$B:$B,"<="&Análise!$C$9,Consolidado!$B:$B,">="&Análise!$C$8,Consolidado!$C:$C,IF(ISBLANK($C$3),"<>",$C$3),Consolidado!$AW:$AW,"S") -> 0 | U34: =IFERROR(T34/$T$39,0) -> 0
B35: 5. Alta a pedido da operadora | C35: =COUNTIFS(Consolidado!$AP:$AP,Análise!C$14,Consolidado!$AO:$AO,Análise!$C$6,Consolidado!$AN:$AN,IF(ISBLANK($C$2),"<>",$C$2),Consolidado!$Q:$Q,Análise!$B35,Consolidado!$C:$C,IF(ISBLANK($C$3),"<>",$C$3),Consolidado!$AW:$AW,"S") -> 0 | D35: =COUNTIFS(Consolidado!$AP:$AP,Análise!D$14,Consolidado!$AO:$AO,Análise!$C$6,Consolidado!$AN:$AN,IF(ISBLANK($C$2),"<>",$C$2),Consolidado!$Q:$Q,Análise!$B35,Consolidado!$C:$C,IF(ISBLANK($C$3),"<>",$C$3),Consolidado!$AW:$AW,"S") -> 0 | E35: =COUNTIFS(Consolidado!$AP:$AP,Análise!E$14,Consolidado!$AO:$AO,Análise!$C$6,Consolidado!$AN:$AN,IF(ISBLANK($C$2),"<>",$C$2),Consolidado!$Q:$Q,Análise!$B35,Consolidado!$C:$C,IF(ISBLANK($C$3),"<>",$C$3),Consolidado!$AW:$AW,"S") -> 0 | F35: =COUNTIFS(Consolidado!$AP:$AP,Análise!F$14,Consolidado!$AO:$AO,Análise!$C$6,Consolidado!$AN:$AN,IF(ISBLANK($C$2),"<>",$C$2),Consolidado!$Q:$Q,Análise!$B35,Consolidado!$C:$C,IF(ISBLANK($C$3),"<>",$C$3),Consolidado!$AW:$AW,"S") -> 0 | G35: =COUNTIFS(Consolidado!$AP:$AP,Análise!G$14,Consolidado!$AO:$AO,Análise!$C$6,Consolidado!$AN:$AN,IF(ISBLANK($C$2),"<>",$C$2),Consolidado!$Q:$Q,Análise!$B35,Consolidado!$C:$C,IF(ISBLANK($C$3),"<>",$C$3),Consolidado!$AW:$AW,"S") -> 0 | H35: =SUM(C35:G35) -> 0 | I35: =+IFERROR(H35/$H$40,0) -> 0 | K35: M | L35: =COUNTIFS(Consolidado!$AO:$AO,Análise!$C$6,Consolidado!$AN:$AN,IF(ISBLANK($C$2),"<>",$C$2),Consolidado!$Q:$Q,Análise!$B16,Consolidado!$C:$C,IF(ISBLANK($C$3),"<>",$C$3),Consolidado!$J:$J,K35,Consolidado!$AW:$AW,"S") -> 0 | M35: =IFERROR(L35/SUM($L$34:$L$35),"") -> 0 | S35: 6. Contato sem sucesso | T35: =COUNTIFS(Consolidado!$AN:$AN,IF(ISBLANK($C$2),"<>",$C$2),Consolidado!$Q:$Q,Análise!S35,Consolidado!$B:$B,"<="&Análise!$C$9,Consolidado!$B:$B,">="&Análise!$C$8,Consolidado!$C:$C,IF(ISBLANK($C$3),"<>",$C$3),Consolidado!$AW:$AW,"S") -> 0 | U35: =IFERROR(T35/$T$39,0) -> 0
B36: 6. Contato sem sucesso | C36: =COUNTIFS(Consolidado!$AP:$AP,Análise!C$14,Consolidado!$AO:$AO,Análise!$C$6,Consolidado!$AN:$AN,IF(ISBLANK($C$2),"<>",$C$2),Consolidado!$Q:$Q,Análise!$B36,Consolidado!$C:$C,IF(ISBLANK($C$3),"<>",$C$3),Consolidado!$AW:$AW,"S") -> 0 | D36: =COUNTIFS(Consolidado!$AP:$AP,Análise!D$14,Consolidado!$AO:$AO,Análise!$C$6,Consolidado!$AN:$AN,IF(ISBLANK($C$2),"<>",$C$2),Consolidado!$Q:$Q,Análise!$B36,Consolidado!$C:$C,IF(ISBLANK($C$3),"<>",$C$3),Consolidado!$AW:$AW,"S") -> 0 | E36: =COUNTIFS(Consolidado!$AP:$AP,Análise!E$14,Consolidado!$AO:$AO,Análise!$C$6,Consolidado!$AN:$AN,IF(ISBLANK($C$2),"<>",$C$2),Consolidado!$Q:$Q,Análise!$B36,Consolidado!$C:$C,IF(ISBLANK($C$3),"<>",$C$3),Consolidado!$AW:$AW,"S") -> 0 | F36: =COUNTIFS(Consolidado!$AP:$AP,Análise!F$14,Consolidado!$AO:$AO,Análise!$C$6,Consolidado!$AN:$AN,IF(ISBLANK($C$2),"<>",$C$2),Consolidado!$Q:$Q,Análise!$B36,Consolidado!$C:$C,IF(ISBLANK($C$3),"<>",$C$3),Consolidado!$AW:$AW,"S") -> 0 | G36: =COUNTIFS(Consolidado!$AP:$AP,Análise!G$14,Consolidado!$AO:$AO,Análise!$C$6,Consolidado!$AN:$AN,IF(ISBLANK($C$2),"<>",$C$2),Consolidado!$Q:$Q,Análise!$B36,Consolidado!$C:$C,IF(ISBLANK($C$3),"<>",$C$3),Consolidado!$AW:$AW,"S") -> 0 | H36: =SUM(C36:G36) -> 0 | I36: =+IFERROR(H36/$H$40,0) -> 0 | S36: 7. Em fase de captação | T36: =COUNTIFS(Consolidado!$AN:$AN,IF(ISBLANK($C$2),"<>",$C$2),Consolidado!$Q:$Q,Análise!S36,Consolidado!$B:$B,"<="&Análise!$C$9,Consolidado!$B:$B,">="&Análise!$C$8,Consolidado!$C:$C,IF(ISBLANK($C$3),"<>",$C$3),Consolidado!$AW:$AW,"S") -> 0 | U36: =IFERROR(T36/$T$39,0) -> 0
B37: 7. Em fase de captação | C37: =COUNTIFS(Consolidado!$AP:$AP,Análise!C$14,Consolidado!$AO:$AO,Análise!$C$6,Consolidado!$AN:$AN,IF(ISBLANK($C$2),"<>",$C$2),Consolidado!$Q:$Q,Análise!$B37,Consolidado!$C:$C,IF(ISBLANK($C$3),"<>",$C$3),Consolidado!$AW:$AW,"S") -> 0 | D37: =COUNTIFS(Consolidado!$AP:$AP,Análise!D$14,Consolidado!$AO:$AO,Análise!$C$6,Consolidado!$AN:$AN,IF(ISBLANK($C$2),"<>",$C$2),Consolidado!$Q:$Q,Análise!$B37,Consolidado!$C:$C,IF(ISBLANK($C$3),"<>",$C$3),Consolidado!$AW:$AW,"S") -> 0 | E37: =COUNTIFS(Consolidado!$AP:$AP,Análise!E$14,Consolidado!$AO:$AO,Análise!$C$6,Consolidado!$AN:$AN,IF(ISBLANK($C$2),"<>",$C$2),Consolidado!$Q:$Q,Análise!$B37,Consolidado!$C:$C,IF(ISBLANK($C$3),"<>",$C$3),Consolidado!$AW:$AW,"S") -> 0 | F37: =COUNTIFS(Consolidado!$AP:$AP,Análise!F$14,Consolidado!$AO:$AO,Análise!$C$6,Consolidado!$AN:$AN,IF(ISBLANK($C$2),"<>",$C$2),Consolidado!$Q:$Q,Análise!$B37,Consolidado!$C:$C,IF(ISBLANK($C$3),"<>",$C$3),Consolidado!$AW:$AW,"S") -> 0 | G37: =COUNTIFS(Consolidado!$AP:$AP,Análise!G$14,Consolidado!$AO:$AO,Análise!$C$6,Consolidado!$AN:$AN,IF(ISBLANK($C$2),"<>",$C$2),Consolidado!$Q:$Q,Análise!$B37,Consolidado!$C:$C,IF(ISBLANK($C$3),"<>",$C$3),Consolidado!$AW:$AW,"S") -> 0 | H37: =SUM(C37:G37) -> 0 | I37: =+IFERROR(H37/$H$40,0) -> 0 | S37: 8. Não contactado | T37: =COUNTIFS(Consolidado!$AN:$AN,IF(ISBLANK($C$2),"<>",$C$2),Consolidado!$Q:$Q,Análise!S37,Consolidado!$B:$B,"<="&Análise!$C$9,Consolidado!$B:$B,">="&Análise!$C$8,Consolidado!$C:$C,IF(ISBLANK($C$3),"<>",$C$3),Consolidado!$AW:$AW,"S") -> 0 | U37: =IFERROR(T37/$T$39,0) -> 0
B38: 8. Não contactado | C38: =COUNTIFS(Consolidado!$AP:$AP,Análise!C$14,Consolidado!$AO:$AO,Análise!$C$6,Consolidado!$AN:$AN,IF(ISBLANK($C$2),"<>",$C$2),Consolidado!$Q:$Q,Análise!$B38,Consolidado!$C:$C,IF(ISBLANK($C$3),"<>",$C$3),Consolidado!$AW:$AW,"S") -> 0 | D38: =COUNTIFS(Consolidado!$AP:$AP,Análise!D$14,Consolidado!$AO:$AO,Análise!$C$6,Consolidado!$AN:$AN,IF(ISBLANK($C$2),"<>",$C$2),Consolidado!$Q:$Q,Análise!$B38,Consolidado!$C:$C,IF(ISBLANK($C$3),"<>",$C$3),Consolidado!$AW:$AW,"S") -> 0 | E38: =COUNTIFS(Consolidado!$AP:$AP,Análise!E$14,Consolidado!$AO:$AO,Análise!$C$6,Consolidado!$AN:$AN,IF(ISBLANK($C$2),"<>",$C$2),Consolidado!$Q:$Q,Análise!$B38,Consolidado!$C:$C,IF(ISBLANK($C$3),"<>",$C$3),Consolidado!$AW:$AW,"S") -> 0 | F38: =COUNTIFS(Consolidado!$AP:$AP,Análise!F$14,Consolidado!$AO:$AO,Análise!$C$6,Consolidado!$AN:$AN,IF(ISBLANK($C$2),"<>",$C$2),Consolidado!$Q:$Q,Análise!$B38,Consolidado!$C:$C,IF(ISBLANK($C$3),"<>",$C$3),Consolidado!$AW:$AW,"S") -> 0 | G38: =COUNTIFS(Consolidado!$AP:$AP,Análise!G$14,Consolidado!$AO:$AO,Análise!$C$6,Consolidado!$AN:$AN,IF(ISBLANK($C$2),"<>",$C$2),Consolidado!$Q:$Q,Análise!$B38,Consolidado!$C:$C,IF(ISBLANK($C$3),"<>",$C$3),Consolidado!$AW:$AW,"S") -> 0 | H38: =SUM(C38:G38) -> 0 | I38: =+IFERROR(H38/$H$40,0) -> 0 | S38: 9. Não informado | T38: =COUNTIFS(Consolidado!$AN:$AN,IF(ISBLANK($C$2),"<>",$C$2),Consolidado!$Q:$Q,Análise!S38,Consolidado!$B:$B,"<="&Análise!$C$9,Consolidado!$B:$B,">="&Análise!$C$8,Consolidado!$C:$C,IF(ISBLANK($C$3),"<>",$C$3),Consolidado!$AW:$AW,"S") -> 0 | U38: =IFERROR(T38/$T$39,0) -> 0
B39: 9. Não informado | C39: =COUNTIFS(Consolidado!$AP:$AP,Análise!C$14,Consolidado!$AO:$AO,Análise!$C$6,Consolidado!$AN:$AN,IF(ISBLANK($C$2),"<>",$C$2),Consolidado!$Q:$Q,Análise!$B39,Consolidado!$C:$C,IF(ISBLANK($C$3),"<>",$C$3),Consolidado!$AW:$AW,"S") -> 0 | D39: =COUNTIFS(Consolidado!$AP:$AP,Análise!D$14,Consolidado!$AO:$AO,Análise!$C$6,Consolidado!$AN:$AN,IF(ISBLANK($C$2),"<>",$C$2),Consolidado!$Q:$Q,Análise!$B39,Consolidado!$C:$C,IF(ISBLANK($C$3),"<>",$C$3),Consolidado!$AW:$AW,"S") -> 0 | E39: =COUNTIFS(Consolidado!$AP:$AP,Análise!E$14,Consolidado!$AO:$AO,Análise!$C$6,Consolidado!$AN:$AN,IF(ISBLANK($C$2),"<>",$C$2),Consolidado!$Q:$Q,Análise!$B39,Consolidado!$C:$C,IF(ISBLANK($C$3),"<>",$C$3),Consolidado!$AW:$AW,"S") -> 0 | F39: =COUNTIFS(Consolidado!$AP:$AP,Análise!F$14,Consolidado!$AO:$AO,Análise!$C$6,Consolidado!$AN:$AN,IF(ISBLANK($C$2),"<>",$C$2),Consolidado!$Q:$Q,Análise!$B39,Consolidado!$C:$C,IF(ISBLANK($C$3),"<>",$C$3),Consolidado!$AW:$AW,"S") -> 0 | G39: =COUNTIFS(Consolidado!$AP:$AP,Análise!G$14,Consolidado!$AO:$AO,Análise!$C$6,Consolidado!$AN:$AN,IF(ISBLANK($C$2),"<>",$C$2),Consolidado!$Q:$Q,Análise!$B39,Consolidado!$C:$C,IF(ISBLANK($C$3),"<>",$C$3),Consolidado!$AW:$AW,"S") -> 0 | H39: =SUM(C39:G39) -> 0 | I39: =+IFERROR(H39/$H$40,0) -> 0 | S39: Total | T39: =SUM(T14:T38) -> 5 | U39: =IFERROR(T39/$T$39,0) -> 1
B40: Total | C40: =SUM(C15:C39) -> 0 | D40: =SUM(D15:D39) -> 1 | E40: =SUM(E15:E39) -> 0 | F40: =SUM(F15:F39) -> 3 | G40: =SUM(G15:G39) -> 1 | H40: =SUM(H15:H39) -> 5 | I40: =+IFERROR(H40/$H$40,0) -> 1
B42: CONTAGEM DE PACIENTES QUE ACEITARAM O PROGRAMA COM BASE NA DATA DE INCLUSÃO
B44: Status BNF Linha | C44: Semana | H44: Mês
C45: 1 | D45: 2 | E45: 3 | F45: 4 | G45: 5
B46: 1. Aceitou o programa | C46: =COUNTIFS(Consolidado!$AR:$AR,Análise!C$14,Consolidado!$AQ:$AQ,Análise!$C$6,Consolidado!$AN:$AN,IF(ISBLANK($C$2),"<>",$C$2),Consolidado!$Q:$Q,$B46,Consolidado!$C:$C,IF(ISBLANK($C$3),"<>",$C$3),Consolidado!$AW:$AW,"S") -> 0 | D46: =COUNTIFS(Consolidado!$AR:$AR,Análise!D$14,Consolidado!$AQ:$AQ,Análise!$C$6,Consolidado!$AN:$AN,IF(ISBLANK($C$2),"<>",$C$2),Consolidado!$Q:$Q,$B46,Consolidado!$C:$C,IF(ISBLANK($C$3),"<>",$C$3),Consolidado!$AW:$AW,"S") -> 0 | E46: =COUNTIFS(Consolidado!$AR:$AR,Análise!E$14,Consolidado!$AQ:$AQ,Análise!$C$6,Consolidado!$AN:$AN,IF(ISBLANK($C$2),"<>",$C$2),Consolidado!$Q:$Q,$B46,Consolidado!$C:$C,IF(ISBLANK($C$3),"<>",$C$3),Consolidado!$AW:$AW,"S") -> 0 | F46: =COUNTIFS(Consolidado!$AR:$AR,Análise!F$14,Consolidado!$AQ:$AQ,Análise!$C$6,Consolidado!$AN:$AN,IF(ISBLANK($C$2),"<>",$C$2),Consolidado!$Q:$Q,$B46,Consolidado!$C:$C,IF(ISBLANK($C$3),"<>",$C$3),Consolidado!$AW:$AW,"S") -> 2 | G46: =COUNTIFS(Consolidado!$AR:$AR,Análise!G$14,Consolidado!$AQ:$AQ,Análise!$C$6,Consolidado!$AN:$AN,IF(ISBLANK($C$2),"<>",$C$2),Consolidado!$Q:$Q,$B46,Consolidado!$C:$C,IF(ISBLANK($C$3),"<>",$C$3),Consolidado!$AW:$AW,"S") -> 1 | H46: =SUM(C46:G46) -> 3
B48: Status BNF Linha | C48: Período
B49: 1. Aceitou o programa | C49: =COUNTIFS(Consolidado!$AN:$AN,IF(ISBLANK($C$2),"<>",$C$2),Consolidado!$Q:$Q,B49,Consolidado!$R:$R,"<="&Análise!$C$9,Consolidado!$R:$R,">="&Análise!$C$8,Consolidado!$C:$C,IF(ISBLANK($C$3),"<>",$C$3),Consolidado!$AW:$AW,"S") -> 3
B51: LOCAL DE ACOMPANHAMENTO - PACIENTES QUE ACEITARAM O PROGRAMA
B53: Local de Acompanhamento Inicial | C53: Semana | K53: Local de Acompanhamento Inicial | L53: Período
C54: 1 | D54: 2 | E54: 3 | F54: 4 | G54: 5 | H54: Total
B55: Amil Paulistano | C55: =COUNTIFS(Consolidado!$AH:$AH,$B55,Consolidado!$AN:$AN,IF(ISBLANK($C$2),"<>",$C$2),Consolidado!$AO:$AO,$C$6,Consolidado!$AP:$AP,Análise!C$54,Consolidado!$C:$C,IF(ISBLANK($C$3),"<>",$C$3),Consolidado!$Q:$Q,"1. Aceitou o programa",Consolidado!$AW:$AW,"S") -> 0 | D55: =COUNTIFS(Consolidado!$AH:$AH,$B55,Consolidado!$AN:$AN,IF(ISBLANK($C$2),"<>",$C$2),Consolidado!$AO:$AO,$C$6,Consolidado!$AP:$AP,Análise!D$54,Consolidado!$C:$C,IF(ISBLANK($C$3),"<>",$C$3),Consolidado!$Q:$Q,"1. Aceitou o programa",Consolidado!$AW:$AW,"S") -> 0 | E55: =COUNTIFS(Consolidado!$AH:$AH,$B55,Consolidado!$AN:$AN,IF(ISBLANK($C$2),"<>",$C$2),Consolidado!$AO:$AO,$C$6,Consolidado!$AP:$AP,Análise!E$54,Consolidado!$C:$C,IF(ISBLANK($C$3),"<>",$C$3),Consolidado!$Q:$Q,"1. Aceitou o programa",Consolidado!$AW:$AW,"S") -> 0 | F55: =COUNTIFS(Consolidado!$AH:$AH,$B55,Consolidado!$AN:$AN,IF(ISBLANK($C$2),"<>",$C$2),Consolidado!$AO:$AO,$C$6,Consolidado!$AP:$AP,Análise!F$54,Consolidado!$C:$C,IF(ISBLANK($C$3),"<>",$C$3),Consolidado!$Q:$Q,"1. Aceitou o programa",Consolidado!$AW:$AW,"S") -> 0 | G55: =COUNTIFS(Consolidado!$AH:$AH,$B55,Consolidado!$AN:$AN,IF(ISBLANK($C$2),"<>",$C$2),Consolidado!$AO:$AO,$C$6,Consolidado!$AP:$AP,Análise!G$54,Consolidado!$C:$C,IF(ISBLANK($C$3),"<>",$C$3),Consolidado!$Q:$Q,"1. Aceitou o programa",Consolidado!$AW:$AW,"S") -> 0 | H55: =SUM(C55:G55) -> 0 | K55: Amil Paulistano | L55: =COUNTIFS(Consolidado!$AH:$AH,$K55,Consolidado!$AN:$AN,IF(ISBLANK($C$2),"<>",$C$2),Consolidado!$B:$B,"<="&Análise!$C$9,Consolidado!$B:$B,">="&Análise!$C$8,Consolidado!$C:$C,IF(ISBLANK($C$3),"<>",$C$3),Consolidado!$Q:$Q,"1. Aceitou o programa",Consolidado!$AW:$AW,"S") -> 0
B56: Samaritano Higi | C56: =COUNTIFS(Consolidado!$AH:$AH,$B56,Consolidado!$AN:$AN,IF(ISBLANK($C$2),"<>",$C$2),Consolidado!$AO:$AO,$C$6,Consolidado!$AP:$AP,Análise!C$54,Consolidado!$C:$C,IF(ISBLANK($C$3),"<>",$C$3),Consolidado!$Q:$Q,"1. Aceitou o programa",Consolidado!$AW:$AW,"S") -> 0 | D56: =COUNTIFS(Consolidado!$AH:$AH,$B56,Consolidado!$AN:$AN,IF(ISBLANK($C$2),"<>",$C$2),Consolidado!$AO:$AO,$C$6,Consolidado!$AP:$AP,Análise!D$54,Consolidado!$C:$C,IF(ISBLANK($C$3),"<>",$C$3),Consolidado!$Q:$Q,"1. Aceitou o programa",Consolidado!$AW:$AW,"S") -> 0 | E56: =COUNTIFS(Consolidado!$AH:$AH,$B56,Consolidado!$AN:$AN,IF(ISBLANK($C$2),"<>",$C$2),Consolidado!$AO:$AO,$C$6,Consolidado!$AP:$AP,Análise!E$54,Consolidado!$C:$C,IF(ISBLANK($C$3),"<>",$C$3),Consolidado!$Q:$Q,"1. Aceitou o programa",Consolidado!$AW:$AW,"S") -> 0 | F56: =COUNTIFS(Consolidado!$AH:$AH,$B56,Consolidado!$AN:$AN,IF(ISBLANK($C$2),"<>",$C$2),Consolidado!$AO:$AO,$C$6,Consolidado!$AP:$AP,Análise!F$54,Consolidado!$C:$C,IF(ISBLANK($C$3),"<>",$C$3),Consolidado!$Q:$Q,"1. Aceitou o programa",Consolidado!$AW:$AW,"S") -> 0 | G56: =COUNTIFS(Consolidado!$AH:$AH,$B56,Consolidado!$AN:$AN,IF(ISBLANK($C$2),"<>",$C$2),Consolidado!$AO:$AO,$C$6,Consolidado!$AP:$AP,Análise!G$54,Consolidado!$C:$C,IF(ISBLANK($C$3),"<>",$C$3),Consolidado!$Q:$Q,"1. Aceitou o programa",Consolidado!$AW:$AW,"S") -> 0 | H56: =SUM(C56:G56) -> 0 | K56: Samaritano Higi | L56: =COUNTIFS(Consolidado!$AH:$AH,$K56,Consolidado!$AN:$AN,IF(ISBLANK($C$2),"<>",$C$2),Consolidado!$B:$B,"<="&Análise!$C$9,Consolidado!$B:$B,">="&Análise!$C$8,Consolidado!$C:$C,IF(ISBLANK($C$3),"<>",$C$3),Consolidado!$Q:$Q,"1. Aceitou o programa",Consolidado!$AW:$AW,"S") -> 0
B57: COI -RJ | C57: =COUNTIFS(Consolidado!$AH:$AH,$B57,Consolidado!$AN:$AN,IF(ISBLANK($C$2),"<>",$C$2),Consolidado!$AO:$AO,$C$6,Consolidado!$AP:$AP,Análise!C$54,Consolidado!$C:$C,IF(ISBLANK($C$3),"<>",$C$3),Consolidado!$Q:$Q,"1. Aceitou o programa",Consolidado!$AW:$AW,"S") -> 0 | D57: =COUNTIFS(Consolidado!$AH:$AH,$B57,Consolidado!$AN:$AN,IF(ISBLANK($C$2),"<>",$C$2),Consolidado!$AO:$AO,$C$6,Consolidado!$AP:$AP,Análise!D$54,Consolidado!$C:$C,IF(ISBLANK($C$3),"<>",$C$3),Consolidado!$Q:$Q,"1. Aceitou o programa",Consolidado!$AW:$AW,"S") -> 0 | E57: =COUNTIFS(Consolidado!$AH:$AH,$B57,Consolidado!$AN:$AN,IF(ISBLANK($C$2),"<>",$C$2),Consolidado!$AO:$AO,$C$6,Consolidado!$AP:$AP,Análise!E$54,Consolidado!$C:$C,IF(ISBLANK($C$3),"<>",$C$3),Consolidado!$Q:$Q,"1. Aceitou o programa",Consolidado!$AW:$AW,"S") -> 0 | F57: =COUNTIFS(Consolidado!$AH:$AH,$B57,Consolidado!$AN:$AN,IF(ISBLANK($C$2),"<>",$C$2),Consolidado!$AO:$AO,$C$6,Consolidado!$AP:$AP,Análise!F$54,Consolidado!$C:$C,IF(ISBLANK($C$3),"<>",$C$3),Consolidado!$Q:$Q,"1. Aceitou o programa",Consolidado!$AW:$AW,"S") -> 0 | G57: =COUNTIFS(Consolidado!$AH:$AH,$B57,Consolidado!$AN:$AN,IF(ISBLANK($C$2),"<>",$C$2),Consolidado!$AO:$AO,$C$6,Consolidado!$AP:$AP,Análise!G$54,Consolidado!$C:$C,IF(ISBLANK($C$3),"<>",$C$3),Consolidado!$Q:$Q,"1. Aceitou o programa",Consolidado!$AW:$AW,"S") -> 0 | H57: =SUM(C57:G57) -> 0 | K57: COI -RJ | L57: =COUNTIFS(Consolidado!$AH:$AH,$K57,Consolidado!$AN:$AN,IF(ISBLANK($C$2),"<>",$C$2),Consolidado!$B:$B,"<="&Análise!$C$9,Consolidado!$B:$B,">="&Análise!$C$8,Consolidado!$C:$C,IF(ISBLANK($C$3),"<>",$C$3),Consolidado!$Q:$Q,"1. Aceitou o programa",Consolidado!$AW:$AW,"S") -> 0
B58: Interno - Amil Geral | C58: =COUNTIFS(Consolidado!$AH:$AH,$B58,Consolidado!$AN:$AN,IF(ISBLANK($C$2),"<>",$C$2),Consolidado!$AO:$AO,$C$6,Consolidado!$AP:$AP,Análise!C$54,Consolidado!$C:$C,IF(ISBLANK($C$3),"<>",$C$3),Consolidado!$Q:$Q,"1. Aceitou o programa",Consolidado!$AW:$AW,"S") -> 0 | D58: =COUNTIFS(Consolidado!$AH:$AH,$B58,Consolidado!$AN:$AN,IF(ISBLANK($C$2),"<>",$C$2),Consolidado!$AO:$AO,$C$6,Consolidado!$AP:$AP,Análise!D$54,Consolidado!$C:$C,IF(ISBLANK($C$3),"<>",$C$3),Consolidado!$Q:$Q,"1. Aceitou o programa",Consolidado!$AW:$AW,"S") -> 0 | E58: =COUNTIFS(Consolidado!$AH:$AH,$B58,Consolidado!$AN:$AN,IF(ISBLANK($C$2),"<>",$C$2),Consolidado!$AO:$AO,$C$6,Consolidado!$AP:$AP,Análise!E$54,Consolidado!$C:$C,IF(ISBLANK($C$3),"<>",$C$3),Consolidado!$Q:$Q,"1. Aceitou o programa",Consolidado!$AW:$AW,"S") -> 0 | F58: =COUNTIFS(Consolidado!$AH:$AH,$B58,Consolidado!$AN:$AN,IF(ISBLANK($C$2),"<>",$C$2),Consolidado!$AO:$AO,$C$6,Consolidado!$AP:$AP,Análise!F$54,Consolidado!$C:$C,IF(ISBLANK($C$3),"<>",$C$3),Consolidado!$Q:$Q,"1. Aceitou o programa",Consolidado!$AW:$AW,"S") -> 0 | G58: =COUNTIFS(Consolidado!$AH:$AH,$B58,Consolidado!$AN:$AN,IF(ISBLANK($C$2),"<>",$C$2),Consolidado!$AO:$AO,$C$6,Consolidado!$AP:$AP,Análise!G$54,Consolidado!$C:$C,IF(ISBLANK($C$3),"<>",$C$3),Consolidado!$Q:$Q,"1. Aceitou o programa",Consolidado!$AW:$AW,"S") -> 0 | H58: =SUM(C58:G58) -> 0 | K58: Interno - Amil Geral | L58: =COUNTIFS(Consolidado!$AH:$AH,$K58,Consolidado!$AN:$AN,IF(ISBLANK($C$2),"<>",$C$2),Consolidado!$B:$B,"<="&Análise!$C$9,Consolidado!$B:$B,">="&Análise!$C$8,Consolidado!$C:$C,IF(ISBLANK($C$3),"<>",$C$3),Consolidado!$Q:$Q,"1. Aceitou o programa",Consolidado!$AW:$AW,"S") -> 0
B59: Externo - Geral | C59: =COUNTIFS(Consolidado!$AH:$AH,$B59,Consolidado!$AN:$AN,IF(ISBLANK($C$2),"<>",$C$2),Consolidado!$AO:$AO,$C$6,Consolidado!$AP:$AP,Análise!C$54,Consolidado!$C:$C,IF(ISBLANK($C$3),"<>",$C$3),Consolidado!$Q:$Q,"1. Aceitou o programa",Consolidado!$AW:$AW,"S") -> 0 | D59: =COUNTIFS(Consolidado!$AH:$AH,$B59,Consolidado!$AN:$AN,IF(ISBLANK($C$2),"<>",$C$2),Consolidado!$AO:$AO,$C$6,Consolidado!$AP:$AP,Análise!D$54,Consolidado!$C:$C,IF(ISBLANK($C$3),"<>",$C$3),Consolidado!$Q:$Q,"1. Aceitou o programa",Consolidado!$AW:$AW,"S") -> 0 | E59: =COUNTIFS(Consolidado!$AH:$AH,$B59,Consolidado!$AN:$AN,IF(ISBLANK($C$2),"<>",$C$2),Consolidado!$AO:$AO,$C$6,Consolidado!$AP:$AP,Análise!E$54,Consolidado!$C:$C,IF(ISBLANK($C$3),"<>",$C$3),Consolidado!$Q:$Q,"1. Aceitou o programa",Consolidado!$AW:$AW,"S") -> 0 | F59: =COUNTIFS(Consolidado!$AH:$AH,$B59,Consolidado!$AN:$AN,IF(ISBLANK($C$2),"<>",$C$2),Consolidado!$AO:$AO,$C$6,Consolidado!$AP:$AP,Análise!F$54,Consolidado!$C:$C,IF(ISBLANK($C$3),"<>",$C$3),Consolidado!$Q:$Q,"1. Aceitou o programa",Consolidado!$AW:$AW,"S") -> 0 | G59: =COUNTIFS(Consolidado!$AH:$AH,$B59,Consolidado!$AN:$AN,IF(ISBLANK($C$2),"<>",$C$2),Consolidado!$AO:$AO,$C$6,Consolidado!$AP:$AP,Análise!G$54,Consolidado!$C:$C,IF(ISBLANK($C$3),"<>",$C$3),Consolidado!$Q:$Q,"1. Aceitou o programa",Consolidado!$AW:$AW,"S") -> 0 | H59: =SUM(C59:G59) -> 0 | K59: Externo - Geral | L59: =COUNTIFS(Consolidado!$AH:$AH,$K59,Consolidado!$AN:$AN,IF(ISBLANK($C$2),"<>",$C$2),Consolidado!$B:$B,"<="&Análise!$C$9,Consolidado!$B:$B,">="&Análise!$C$8,Consolidado!$C:$C,IF(ISBLANK($C$3),"<>",$C$3),Consolidado!$Q:$Q,"1. Aceitou o programa",Consolidado!$AW:$AW,"S") -> 0
B60: Não Informou | C60: =COUNTIFS(Consolidado!$AH:$AH,$B60,Consolidado!$AN:$AN,IF(ISBLANK($C$2),"<>",$C$2),Consolidado!$AO:$AO,$C$6,Consolidado!$AP:$AP,Análise!C$54,Consolidado!$C:$C,IF(ISBLANK($C$3),"<>",$C$3),Consolidado!$Q:$Q,"1. Aceitou o programa",Consolidado!$AW:$AW,"S") -> 0 | D60: =COUNTIFS(Consolidado!$AH:$AH,$B60,Consolidado!$AN:$AN,IF(ISBLANK($C$2),"<>",$C$2),Consolidado!$AO:$AO,$C$6,Consolidado!$AP:$AP,Análise!D$54,Consolidado!$C:$C,IF(ISBLANK($C$3),"<>",$C$3),Consolidado!$Q:$Q,"1. Aceitou o programa",Consolidado!$AW:$AW,"S") -> 0 | E60: =COUNTIFS(Consolidado!$AH:$AH,$B60,Consolidado!$AN:$AN,IF(ISBLANK($C$2),"<>",$C$2),Consolidado!$AO:$AO,$C$6,Consolidado!$AP:$AP,Análise!E$54,Consolidado!$C:$C,IF(ISBLANK($C$3),"<>",$C$3),Consolidado!$Q:$Q,"1. Aceitou o programa",Consolidado!$AW:$AW,"S") -> 0 | F60: =COUNTIFS(Consolidado!$AH:$AH,$B60,Consolidado!$AN:$AN,IF(ISBLANK($C$2),"<>",$C$2),Consolidado!$AO:$AO,$C$6,Consolidado!$AP:$AP,Análise!F$54,Consolidado!$C:$C,IF(ISBLANK($C$3),"<>",$C$3),Consolidado!$Q:$Q,"1. Aceitou o programa",Consolidado!$AW:$AW,"S") -> 0 | G60: =COUNTIFS(Consolidado!$AH:$AH,$B60,Consolidado!$AN:$AN,IF(ISBLANK($C$2),"<>",$C$2),Consolidado!$AO:$AO,$C$6,Consolidado!$AP:$AP,Análise!G$54,Consolidado!$C:$C,IF(ISBLANK($C$3),"<>",$C$3),Consolidado!$Q:$Q,"1. Aceitou o programa",Consolidado!$AW:$AW,"S") -> 0 | H60: =SUM(C60:G60) -> 0 | K60: Não Informou | L60: =COUNTIFS(Consolidado!$AH:$AH,$K60,Consolidado!$AN:$AN,IF(ISBLANK($C$2),"<>",$C$2),Consolidado!$B:$B,"<="&Análise!$C$9,Consolidado!$B:$B,">="&Análise!$C$8,Consolidado!$C:$C,IF(ISBLANK($C$3),"<>",$C$3),Consolidado!$Q:$Q,"1. Aceitou o programa",Consolidado!$AW:$AW,"S") -> 0
B61: Total | C61: =SUM(C55:C60) -> 0 | D61: =SUM(D55:D60) -> 0 | E61: =SUM(E55:E60) -> 0 | F61: =SUM(F55:F60) -> 0 | G61: =SUM(G55:G60) -> 0 | H61: =SUM(C61:G61) -> 0 | K61: Total | L61: =SUM(L55:L60) -> 0
B63: Taxa de Conversão - Hub Linha | C63: Semana | K63: Taxa de Conversão - Hub Linha | L63: Período
C64: 1 | D64: 2 | E64: 3 | F64: 4 | G64: 5 | H64: Total
B65: Amil Paulistano | C65: =IFERROR(COUNTIFS(Consolidado!$AI:$AI,$B65,Consolidado!$AN:$AN,IF(ISBLANK($C$2),"<>",$C$2),Consolidado!$AO:$AO,$C$6,Consolidado!$AP:$AP,Análise!C$64,Consolidado!$C:$C,IF(ISBLANK($C$3),"<>",$C$3),Consolidado!$Q:$Q,"1. Aceitou o programa",Consolidado!$AH:$AH,"<>",Consolidado!$AH:$AH,"<>"&$B65,Consolidado!$AW:$AW,"S")/(C$58+C$59+C$60),"") | D65: =IFERROR(COUNTIFS(Consolidado!$AI:$AI,$B65,Consolidado!$AN:$AN,IF(ISBLANK($C$2),"<>",$C$2),Consolidado!$AO:$AO,$C$6,Consolidado!$AP:$AP,Análise!D$64,Consolidado!$C:$C,IF(ISBLANK($C$3),"<>",$C$3),Consolidado!$Q:$Q,"1. Aceitou o programa",Consolidado!$AH:$AH,"<>",Consolidado!$AH:$AH,"<>"&$B65,Consolidado!$AW:$AW,"S")/(D$58+D$59+D$60),"") | E65: =IFERROR(COUNTIFS(Consolidado!$AI:$AI,$B65,Consolidado!$AN:$AN,IF(ISBLANK($C$2),"<>",$C$2),Consolidado!$AO:$AO,$C$6,Consolidado!$AP:$AP,Análise!E$64,Consolidado!$C:$C,IF(ISBLANK($C$3),"<>",$C$3),Consolidado!$Q:$Q,"1. Aceitou o programa",Consolidado!$AH:$AH,"<>",Consolidado!$AH:$AH,"<>"&$B65,Consolidado!$AW:$AW,"S")/(E$58+E$59+E$60),"") | F65: =IFERROR(COUNTIFS(Consolidado!$AI:$AI,$B65,Consolidado!$AN:$AN,IF(ISBLANK($C$2),"<>",$C$2),Consolidado!$AO:$AO,$C$6,Consolidado!$AP:$AP,Análise!F$64,Consolidado!$C:$C,IF(ISBLANK($C$3),"<>",$C$3),Consolidado!$Q:$Q,"1. Aceitou o programa",Consolidado!$AH:$AH,"<>",Consolidado!$AH:$AH,"<>"&$B65,Consolidado!$AW:$AW,"S")/(F$58+F$59+F$60),"") | G65: =IFERROR(COUNTIFS(Consolidado!$AI:$AI,$B65,Consolidado!$AN:$AN,IF(ISBLANK($C$2),"<>",$C$2),Consolidado!$AO:$AO,$C$6,Consolidado!$AP:$AP,Análise!G$64,Consolidado!$C:$C,IF(ISBLANK($C$3),"<>",$C$3),Consolidado!$Q:$Q,"1. Aceitou o programa",Consolidado!$AH:$AH,"<>",Consolidado!$AH:$AH,"<>"&$B65,Consolidado!$AW:$AW,"S")/(G$58+G$59+G$60),"") | H65: =IFERROR(COUNTIFS(Consolidado!$AI:$AI,$B65,Consolidado!$AN:$AN,IF(ISBLANK($C$2),"<>",$C$2),Consolidado!$AO:$AO,$C$6,Consolidado!$C:$C,IF(ISBLANK($C$3),"<>",$C$3),Consolidado!$Q:$Q,"1. Aceitou o programa",Consolidado!$AH:$AH,"<>",Consolidado!$AH:$AH,"<>"&$B65)/(H$58+H$59+H$60),"") | K65: Amil Paulistano | L65: =IFERROR(COUNTIFS(Consolidado!$AI:$AI,$K65,Consolidado!$AN:$AN,IF(ISBLANK($C$2),"<>",$C$2),Consolidado!$B:$B,"<="&Análise!$C$9,Consolidado!$B:$B,">="&Análise!$C$8,Consolidado!$C:$C,IF(ISBLANK($C$3),"<>",$C$3),Consolidado!$Q:$Q,"1. Aceitou o programa",Consolidado!$AH:$AH,"<>",Consolidado!$AH:$AH,"<>"&$K65,Consolidado!$AW:$AW,"S")/(L$58+L$59+L$60),"")
B66: Samaritano Higi | C66: =IFERROR(COUNTIFS(Consolidado!$AI:$AI,$B66,Consolidado!$AN:$AN,IF(ISBLANK($C$2),"<>",$C$2),Consolidado!$AO:$AO,$C$6,Consolidado!$AP:$AP,Análise!C$64,Consolidado!$C:$C,IF(ISBLANK($C$3),"<>",$C$3),Consolidado!$Q:$Q,"1. Aceitou o programa",Consolidado!$AH:$AH,"<>",Consolidado!$AH:$AH,"<>"&$B66,Consolidado!$AW:$AW,"S")/(C$58+C$59+C$60),"") | D66: =IFERROR(COUNTIFS(Consolidado!$AI:$AI,$B66,Consolidado!$AN:$AN,IF(ISBLANK($C$2),"<>",$C$2),Consolidado!$AO:$AO,$C$6,Consolidado!$AP:$AP,Análise!D$64,Consolidado!$C:$C,IF(ISBLANK($C$3),"<>",$C$3),Consolidado!$Q:$Q,"1. Aceitou o programa",Consolidado!$AH:$AH,"<>",Consolidado!$AH:$AH,"<>"&$B66,Consolidado!$AW:$AW,"S")/(D$58+D$59+D$60),"") | E66: =IFERROR(COUNTIFS(Consolidado!$AI:$AI,$B66,Consolidado!$AN:$AN,IF(ISBLANK($C$2),"<>",$C$2),Consolidado!$AO:$AO,$C$6,Consolidado!$AP:$AP,Análise!E$64,Consolidado!$C:$C,IF(ISBLANK($C$3),"<>",$C$3),Consolidado!$Q:$Q,"1. Aceitou o programa",Consolidado!$AH:$AH,"<>",Consolidado!$AH:$AH,"<>"&$B66,Consolidado!$AW:$AW,"S")/(E$58+E$59+E$60),"") | F66: =IFERROR(COUNTIFS(Consolidado!$AI:$AI,$B66,Consolidado!$AN:$AN,IF(ISBLANK($C$2),"<>",$C$2),Consolidado!$AO:$AO,$C$6,Consolidado!$AP:$AP,Análise!F$64,Consolidado!$C:$C,IF(ISBLANK($C$3),"<>",$C$3),Consolidado!$Q:$Q,"1. Aceitou o programa",Consolidado!$AH:$AH,"<>",Consolidado!$AH:$AH,"<>"&$B66,Consolidado!$AW:$AW,"S")/(F$58+F$59+F$60),"") | G66: =IFERROR(COUNTIFS(Consolidado!$AI:$AI,$B66,Consolidado!$AN:$AN,IF(ISBLANK($C$2),"<>",$C$2),Consolidado!$AO:$AO,$C$6,Consolidado!$AP:$AP,Análise!G$64,Consolidado!$C:$C,IF(ISBLANK($C$3),"<>",$C$3),Consolidado!$Q:$Q,"1. Aceitou o programa",Consolidado!$AH:$AH,"<>",Consolidado!$AH:$AH,"<>"&$B66,Consolidado!$AW:$AW,"S")/(G$58+G$59+G$60),"") | H66: =IFERROR(COUNTIFS(Consolidado!$AI:$AI,$B66,Consolidado!$AN:$AN,IF(ISBLANK($C$2),"<>",$C$2),Consolidado!$AO:$AO,$C$6,Consolidado!$C:$C,IF(ISBLANK($C$3),"<>",$C$3),Consolidado!$Q:$Q,"1. Aceitou o programa",Consolidado!$AH:$AH,"<>",Consolidado!$AH:$AH,"<>"&$B66)/(H$58+H$59+H$60),"") | K66: Samaritano Higi | L66: =IFERROR(COUNTIFS(Consolidado!$AI:$AI,$K66,Consolidado!$AN:$AN,IF(ISBLANK($C$2),"<>",$C$2),Consolidado!$B:$B,"<="&Análise!$C$9,Consolidado!$B:$B,">="&Análise!$C$8,Consolidado!$C:$C,IF(ISBLANK($C$3),"<>",$C$3),Consolidado!$Q:$Q,"1. Aceitou o programa",Consolidado!$AH:$AH,"<>",Consolidado!$AH:$AH,"<>"&$K66,Consolidado!$AW:$AW,"S")/(L$58+L$59+L$60),"")
B67: COI RJ | C67: =IFERROR(COUNTIFS(Consolidado!$AI:$AI,$B67,Consolidado!$AN:$AN,IF(ISBLANK($C$2),"<>",$C$2),Consolidado!$AO:$AO,$C$6,Consolidado!$AP:$AP,Análise!C$64,Consolidado!$C:$C,IF(ISBLANK($C$3),"<>",$C$3),Consolidado!$Q:$Q,"1. Aceitou o programa",Consolidado!$AH:$AH,"<>",Consolidado!$AH:$AH,"<>"&$B67,Consolidado!$AW:$AW,"S")/(C$58+C$59+C$60),"") | D67: =IFERROR(COUNTIFS(Consolidado!$AI:$AI,$B67,Consolidado!$AN:$AN,IF(ISBLANK($C$2),"<>",$C$2),Consolidado!$AO:$AO,$C$6,Consolidado!$AP:$AP,Análise!D$64,Consolidado!$C:$C,IF(ISBLANK($C$3),"<>",$C$3),Consolidado!$Q:$Q,"1. Aceitou o programa",Consolidado!$AH:$AH,"<>",Consolidado!$AH:$AH,"<>"&$B67,Consolidado!$AW:$AW,"S")/(D$58+D$59+D$60),"") | E67: =IFERROR(COUNTIFS(Consolidado!$AI:$AI,$B67,Consolidado!$AN:$AN,IF(ISBLANK($C$2),"<>",$C$2),Consolidado!$AO:$AO,$C$6,Consolidado!$AP:$AP,Análise!E$64,Consolidado!$C:$C,IF(ISBLANK($C$3),"<>",$C$3),Consolidado!$Q:$Q,"1. Aceitou o programa",Consolidado!$AH:$AH,"<>",Consolidado!$AH:$AH,"<>"&$B67,Consolidado!$AW:$AW,"S")/(E$58+E$59+E$60),"") | F67: =IFERROR(COUNTIFS(Consolidado!$AI:$AI,$B67,Consolidado!$AN:$AN,IF(ISBLANK($C$2),"<>",$C$2),Consolidado!$AO:$AO,$C$6,Consolidado!$AP:$AP,Análise!F$64,Consolidado!$C:$C,IF(ISBLANK($C$3),"<>",$C$3),Consolidado!$Q:$Q,"1. Aceitou o programa",Consolidado!$AH:$AH,"<>",Consolidado!$AH:$AH,"<>"&$B67,Consolidado!$AW:$AW,"S")/(F$58+F$59+F$60),"") | G67: =IFERROR(COUNTIFS(Consolidado!$AI:$AI,$B67,Consolidado!$AN:$AN,IF(ISBLANK($C$2),"<>",$C$2),Consolidado!$AO:$AO,$C$6,Consolidado!$AP:$AP,Análise!G$64,Consolidado!$C:$C,IF(ISBLANK($C$3),"<>",$C$3),Consolidado!$Q:$Q,"1. Aceitou o programa",Consolidado!$AH:$AH,"<>",Consolidado!$AH:$AH,"<>"&$B67,Consolidado!$AW:$AW,"S")/(G$58+G$59+G$60),"") | H67: =IFERROR(COUNTIFS(Consolidado!$AI:$AI,$B67,Consolidado!$AN:$AN,IF(ISBLANK($C$2),"<>",$C$2),Consolidado!$AO:$AO,$C$6,Consolidado!$C:$C,IF(ISBLANK($C$3),"<>",$C$3),Consolidado!$Q:$Q,"1. Aceitou o programa",Consolidado!$AH:$AH,"<>",Consolidado!$AH:$AH,"<>"&$B67)/(H$58+H$59+H$60),"") | K67: COI RJ | L67: =IFERROR(COUNTIFS(Consolidado!$AI:$AI,$K67,Consolidado!$AN:$AN,IF(ISBLANK($C$2),"<>",$C$2),Consolidado!$B:$B,"<="&Análise!$C$9,Consolidado!$B:$B,">="&Análise!$C$8,Consolidado!$C:$C,IF(ISBLANK($C$3),"<>",$C$3),Consolidado!$Q:$Q,"1. Aceitou o programa",Consolidado!$AH:$AH,"<>",Consolidado!$AH:$AH,"<>"&$K67,Consolidado!$AW:$AW,"S")/(L$58+L$59+L$60),"")
B69: DIAGNÓSTICO CONFIRMADO? - PACIENTES QUE ACEITARAM O PROGRAMA
B71: Dx Confirmado / Semana | C71: 1 | D71: 2 | E71: 3 | F71: 4 | G71: 5 | H71: Mês | K71: Dx Confirmado / Semana | L71: Período
