Workbook

Sheet Consolidado
A1: Prioridade no Contato? | B1: Data Envio Paciente | C1: Motivo Envio | D1: Origem | E1: MO | F1: Nome do paciente | G1: CPF | H1: Data de Nascimento | I1: Idade | J1: Genero | K1: Estado | L1: Município | M1: Bairro | N1: Nível de Rede | O1: Telefone atualizado | P1: Profissional | Q1: Status BNF Linha | R1: Data de Inclusão | S1: Data da Alta, Inatividade ou Recusa | T1: Status Do Contato | U1: Situação Atual Do Paciente | V1: Tentativa de Contato 1 | W1: Tentativa de Contato 2 | X1: Tentativa de Contato 3 | Y1: Observações Importantes | Z1: Status Pré Consulta Enfermagem | AA1: Data 1ª Consulta de Enfermagem | AB1: Status da 1ª Consulta Enfermagem | AC1: Se reagendado, sinalizar datas | AD1: Complexidade | AE1: Resultado da Escala | AF1: Local de Acomapanhamento inicial | AG1: Local de Acomapanhamento atual | AH1: Diagnostico Confirmado? | AI1: Direcionado ao Hub? | AJ1: Flag | AK1: Encaminhado p/ Consolidado? | AL1: Linha | AM1: Mês/Ano | AN1: Semana | AO1: Mês/Ano Inclusão | AP1: Semana Inclusão | AQ1: SLA Captação | AR1: SLA Exclusão | AS1: SLA Tent. Contatos | AT1: SLA Consulta | AU1: Ativo/Inativo
A2: Não | B2: 46104 | C2: Transbordo/Navegação | D2: Captado pela Amil/Call Center | E2: 474383024 | F2: CAROLINE ONORATO DA SILVA | G2: 36161775883 | H2: 31697 | J2: F | K2: SP | L2: GUARULHOS | M2: JARDIM ALVORADA | N2: NÍVEL 200 | O2: 11-997373120 | P2: Equiipe CMDP | Q2: 1. Aceitou o programa | R2: 46167 | T2: Contato Com Sucesso | U2: Ativo | V2: 46112 | W2: 46160 | X2: 46167 | Y2: contato com sucesso em 18/05 | Z2: Agendada | AA2: 09/06/2026 09:20 | AB2: agendada | AC2: pendente | AD2: pendente | AE2: pendente | AF2: pendente | AG2: Guarulhos | AH2: pendente | AJ2: Sim | AK2: Sim | AL2: Coluna | AM2: =MONTH(B2)&"/"&YEAR(B2) -> 3/2026 | AN2: =WEEKNUM(B2)-WEEKNUM(EOMONTH(B2,-1)+1)+1 -> 4 | AO2: =MONTH(R2)&"/"&YEAR(R2) -> 5/2026 | AP2: =WEEKNUM(R2)-WEEKNUM(EOMONTH(R2,-1)+1)+1 -> 5 | AQ2: =IF(AU2="S",IF(Q2="1. Aceitou o programa",R2-B2,0),0) -> 63 | AR2: =IF(AU2="S",IF(AND(S2<>"",R2<>""),S2-R2,0),0) -> 0 | AS2: =IF(AU2="S",IF(Q2="1. Aceitou o programa",IF(OR(X2="Não se Aplica",X2=""),IF(OR(W2="Não se Aplica",W2=""),0,W2-V2),AVERAGE(X2-W2,W2-V2)),0),0) -> 27.5 | AT2: =IF(AU2="S",IF(AND(Q2="1. Aceitou o programa",AB2="Realizada"),IFERROR(IF(AA2="",0,AA2-R2),0),0),0) -> 0 | AU2: =_xlfn.XLOOKUP(U2,'Lista Suspensa'!$AA$20:$AA$23,'Lista Suspensa'!$AB$20:$AB$23,"N/A") -> S
A3: Não | B3: 46104 | C3: Transbordo/Navegação | D3: Captado pela Amil/Call Center | E3: 449697347 | F3: ELIANE BACOS | G3: 76060730825 | H3: 19460 | J3: F | K3: SP | L3: MOGI DAS CRUZES | M3: VILA NATAL | N3: NÍVEL 300 | O3: 11-998275110 | P3: Equiipe CMDP | Q3: 1. Aceitou o programa | R3: 46167 | T3: Contato Com Sucesso | U3: Ativo | V3: 46112 | W3: 46160 | X3: 46167 | Y3: contato com sucesso em 19/05 | Z3: Agendada | AA3: 09/06/2026 09:40 | AB3: agendada | AC3: pendente | AD3: pendente | AE3: pendente | AF3: pendente | AG3: Mogi | AH3: pendente | AJ3: Sim | AK3: Sim | AL3: Coluna | AM3: =MONTH(B3)&"/"&YEAR(B3) -> 3/2026 | AN3: =WEEKNUM(B3)-WEEKNUM(EOMONTH(B3,-1)+1)+1 -> 4 | AO3: =MONTH(R3)&"/"&YEAR(R3) -> 5/2026 | AP3: =WEEKNUM(R3)-WEEKNUM(EOMONTH(R3,-1)+1)+1 -> 5 | AQ3: =IF(AU3="S",IF(Q3="1. Aceitou o programa",R3-B3,0),0) -> 63 | AR3: =IF(AU3="S",IF(AND(S3<>"",R3<>""),S3-R3,0),0) -> 0 | AS3: =IF(AU3="S",IF(Q3="1. Aceitou o programa",IF(OR(X3="Não se Aplica",X3=""),IF(OR(W3="Não se Aplica",W3=""),0,W3-V3),AVERAGE(X3-W3,W3-V3)),0),0) -> 27.5 | AT3: =IF(AU3="S",IF(AND(Q3="1. Aceitou o programa",AB3="Realizada"),IFERROR(IF(AA3="",0,AA3-R3),0),0),0) -> 0 | AU3: =_xlfn.XLOOKUP(U3,'Lista Suspensa'!$AA$20:$AA$23,'Lista Suspensa'!$AB$20:$AB$23,"N/A") -> S
A4: Não | B4: 46104 | C4: Transbordo/Navegação | D4: Captado pela Amil/Call Center | E4: 419633588 | F4: ELIZABETH SAMPAIO DO AMARAL | G4: 77316819715 | H4: 20856 | J4: F | K4: RJ | L4: MARICA | M4: CHACARAS DE INOA (INOA) | N4: NÍVEL 400 | O4: 21-982470329 | P4: Equiipe CMDP | Q4: 1. Aceitou o programa | R4: 46167 | T4: Contato Com Sucesso | U4: Ativo | V4: 46112 | W4: 46160 | X4: 46167 | Y4: contato com sucesso em 25/05 | Z4: Agendada | AA4: 09/06/2026 10:00 | AB4: agendada | AC4: pendente | AD4: pendente | AE4: pendente | AF4: pendente | AG4: Niteroi | AH4: pendente | AJ4: Sim | AK4: Sim | AL4: Coluna | AM4: =MONTH(B4)&"/"&YEAR(B4) -> 3/2026 | AN4: =WEEKNUM(B4)-WEEKNUM(EOMONTH(B4,-1)+1)+1 -> 4 | AO4: =MONTH(R4)&"/"&YEAR(R4) -> 5/2026 | AP4: =WEEKNUM(R4)-WEEKNUM(EOMONTH(R4,-1)+1)+1 -> 5 | AQ4: =IF(AU4="S",IF(Q4="1. Aceitou o programa",R4-B4,0),0) -> 63 | AR4: =IF(AU4="S",IF(AND(S4<>"",R4<>""),S4-R4,0),0) -> 0 | AS4: =IF(AU4="S",IF(Q4="1. Aceitou o programa",IF(OR(X4="Não se Aplica",X4=""),IF(OR(W4="Não se Aplica",W4=""),0,W4-V4),AVERAGE(X4-W4,W4-V4)),0),0) -> 27.5 | AT4: =IF(AU4="S",IF(AND(Q4="1. Aceitou o programa",AB4="Realizada"),IFERROR(IF(AA4="",0,AA4-R4),0),0),0) -> 0 | AU4: =_xlfn.XLOOKUP(U4,'Lista Suspensa'!$AA$20:$AA$23,'Lista Suspensa'!$AB$20:$AB$23,"N/A") -> S
A5: Não | B5: 46104 | C5: Transbordo/Navegação | D5: Captado pela Amil/Call Center | E5: 82943313 | F5: GERSON RODRIGUES CORDEIRO | G5: 36961965849 | H5: 17542 | J5: M | K5: SP | L5: SAO PAULO | M5: SANTANA | N5: NÍVEL 600 | O5: 11-984311301 | P5: Equiipe CMDP | Q5: 1. Aceitou o programa | R5: 46167 | T5: Contato Com Sucesso | U5: Ativo | V5: 46112 | W5: 46160 | X5: 46167 | Y5: contato com sucesso em 25/05 | Z5: Agendada | AA5: 09/06/2026 10:20 | AB5: agendada | AC5: pendente | AD5: pendente | AE5: pendente | AF5: pendente | AG5: luz | AH5: pendente | AJ5: Sim | AK5: Sim | AL5: Coluna | AM5: =MONTH(B5)&"/"&YEAR(B5) -> 3/2026 | AN5: =WEEKNUM(B5)-WEEKNUM(EOMONTH(B5,-1)+1)+1 -> 4 | AO5: =MONTH(R5)&"/"&YEAR(R5) -> 5/2026 | AP5: =WEEKNUM(R5)-WEEKNUM(EOMONTH(R5,-1)+1)+1 -> 5 | AQ5: =IF(AU5="S",IF(Q5="1. Aceitou o programa",R5-B5,0),0) -> 63 | AR5: =IF(AU5="S",IF(AND(S5<>"",R5<>""),S5-R5,0),0) -> 0 | AS5: =IF(AU5="S",IF(Q5="1. Aceitou o programa",IF(OR(X5="Não se Aplica",X5=""),IF(OR(W5="Não se Aplica",W5=""),0,W5-V5),AVERAGE(X5-W5,W5-V5)),0),0) -> 27.5 | AT5: =IF(AU5="S",IF(AND(Q5="1. Aceitou o programa",AB5="Realizada"),IFERROR(IF(AA5="",0,AA5-R5),0),0),0) -> 0 | AU5: =_xlfn.XLOOKUP(U5,'Lista Suspensa'!$AA$20:$AA$23,'Lista Suspensa'!$AB$20:$AB$23,"N/A") -> S
A6: Não | B6: 46104 | C6: Transbordo/Navegação | D6: Captado pela Amil/Call Center | E6: 200172425 | F6: IEDA YATIYO KUNITAKE UMINO | G6: 7277510852 | H6: 24513 | J6: F | K6: SP | L6: SAO PAULO | M6: PLANALTO PAULISTA | N6: NÍVEL 600 | O6: 11-995612853 | P6: Equiipe CMDP | Q6: 1. Aceitou o programa | R6: 46167 | T6: Contato Com Sucesso | U6: Ativo | V6: 46112 | W6: 46160 | X6: 46167 | Y6: contato com sucesso em 18/05 | Z6: Agendada | AA6: 09/06/2026 10:40 | AB6: agendada | AC6: pendente | AD6: pendente | AE6: pendente | AF6: pendente | AG6: Consultório particular | AH6: pendente | AJ6: Sim | AK6: Sim | AL6: Coluna | AM6: =MONTH(B6)&"/"&YEAR(B6) -> 3/2026 | AN6: =WEEKNUM(B6)-WEEKNUM(EOMONTH(B6,-1)+1)+1 -> 4 | AO6: =MONTH(R6)&"/"&YEAR(R6) -> 5/2026 | AP6: =WEEKNUM(R6)-WEEKNUM(EOMONTH(R6,-1)+1)+1 -> 5 | AQ6: =IF(AU6="S",IF(Q6="1. Aceitou o programa",R6-B6,0),0) -> 63 | AR6: =IF(AU6="S",IF(AND(S6<>"",R6<>""),S6-R6,0),0) -> 0 | AS6: =IF(AU6="S",IF(Q6="1. Aceitou o programa",IF(OR(X6="Não se Aplica",X6=""),IF(OR(W6="Não se Aplica",W6=""),0,W6-V6),AVERAGE(X6-W6,W6-V6)),0),0) -> 27.5 | AT6: =IF(AU6="S",IF(AND(Q6="1. Aceitou o programa",AB6="Realizada"),IFERROR(IF(AA6="",0,AA6-R6),0),0),0) -> 0 | AU6: =_xlfn.XLOOKUP(U6,'Lista Suspensa'!$AA$20:$AA$23,'Lista Suspensa'!$AB$20:$AB$23,"N/A") -> S
A7: Não | B7: 46104 | C7: Transbordo/Navegação | D7: Captado pela Amil/Call Center | E7: 754514749 | F7: LAURA MARIA DE ARAUJO | G7: 59842903753 | H7: 14676 | J7: F | K7: RJ | L7: RIO DE JANEIRO | M7: TIJUCA | N7: NÍVEL 100 | O7: 21-969967203 | P7: Equiipe CMDP | Q7: 1. Aceitou o programa | R7: 46167 | T7: Contato Com Sucesso | U7: Ativo | V7: 46113 | W7: 46160 | X7: 46167 | Y7: contato com sucesso em 25/05 | Z7: Agendada | AA7: 09/06/2026 11:00 | AB7: agendada | AC7: pendente | AD7: pendente | AE7: pendente | AF7: pendente | AG7: AMIL ESPAÇO SAÚDE - TIJUCA | AH7: pendente | AJ7: Sim | AK7: Sim | AL7: Coluna | AM7: =MONTH(B7)&"/"&YEAR(B7) -> 3/2026 | AN7: =WEEKNUM(B7)-WEEKNUM(EOMONTH(B7,-1)+1)+1 -> 4 | AO7: =MONTH(R7)&"/"&YEAR(R7) -> 5/2026 | AP7: =WEEKNUM(R7)-WEEKNUM(EOMONTH(R7,-1)+1)+1 -> 5 | AQ7: =IF(AU7="S",IF(Q7="1. Aceitou o programa",R7-B7,0),0) -> 63 | AR7: =IF(AU7="S",IF(AND(S7<>"",R7<>""),S7-R7,0),0) -> 0 | AS7: =IF(AU7="S",IF(Q7="1. Aceitou o programa",IF(OR(X7="Não se Aplica",X7=""),IF(OR(W7="Não se Aplica",W7=""),0,W7-V7),AVERAGE(X7-W7,W7-V7)),0),0) -> 27 | AT7: =IF(AU7="S",IF(AND(Q7="1. Aceitou o programa",AB7="Realizada"),IFERROR(IF(AA7="",0,AA7-R7),0),0),0) -> 0 | AU7: =_xlfn.XLOOKUP(U7,'Lista Suspensa'!$AA$20:$AA$23,'Lista Suspensa'!$AB$20:$AB$23,"N/A") -> S
A8: Não | B8: 46104 | C8: Transbordo/Navegação | D8: Captado pela Amil/Call Center | E8: 752969978 | F8: LILIA MARCIA BARBOSA FELIX | G8: 87305879720 | H8: 23271 | J8: F | K8: RJ | L8: SAO GONÇALO | M8: NEVES (NEVES) | N8: NÍVEL 100 | O8: 21-989298015 | P8: Equiipe CMDP | Q8: 1. Aceitou o programa | R8: 46167 | T8: Contato Com Sucesso | U8: Ativo | V8: 46113 | W8: 46160 | X8: 46167 | Y8: contato com sucesso em 18/05 | Z8: Agendada | AA8: 09/06/2026 11:20 | AB8: agendada | AC8: pendente | AD8: pendente | AE8: pendente | AF8: pendente | AG8: AMIL ESPAÇO SAÚDE - NITERÓI | AH8: pendente | AJ8: Sim | AK8: Sim | AL8: Coluna | AM8: =MONTH(B8)&"/"&YEAR(B8) -> 3/2026 | AN8: =WEEKNUM(B8)-WEEKNUM(EOMONTH(B8,-1)+1)+1 -> 4 | AO8: =MONTH(R8)&"/"&YEAR(R8) -> 5/2026 | AP8: =WEEKNUM(R8)-WEEKNUM(EOMONTH(R8,-1)+1)+1 -> 5 | AQ8: =IF(AU8="S",IF(Q8="1. Aceitou o programa",R8-B8,0),0) -> 63 | AR8: =IF(AU8="S",IF(AND(S8<>"",R8<>""),S8-R8,0),0) -> 0 | AS8: =IF(AU8="S",IF(Q8="1. Aceitou o programa",IF(OR(X8="Não se Aplica",X8=""),IF(OR(W8="Não se Aplica",W8=""),0,W8-V8),AVERAGE(X8-W8,W8-V8)),0),0) -> 27 | AT8: =IF(AU8="S",IF(AND(Q8="1. Aceitou o programa",AB8="Realizada"),IFERROR(IF(AA8="",0,AA8-R8),0),0),0) -> 0 | AU8: =_xlfn.XLOOKUP(U8,'Lista Suspensa'!$AA$20:$AA$23,'Lista Suspensa'!$AB$20:$AB$23,"N/A") -> S
A9: Não | B9: 46104 | C9: Transbordo/Navegação | D9: Captado pela Amil/Call Center | E9: 13051288 | F9: LILIAN CASTILHO GUIMARAES | G9: 312740727 | H9: 16495 | J9: F | K9: RJ | L9: RIO DE JANEIRO | M9: VILA ISABEL | N9: NÍVEL 400 | O9: 21-995195867 | P9: Equiipe CMDP | Q9: 1. Aceitou o programa | R9: 46167 | T9: Contato Com Sucesso | U9: Ativo | V9: 46113 | W9: 46160 | X9: 46167 | Y9: contato com sucesso em 25/05 | Z9: Agendada | AA9: 09/06/2026 11:40 | AB9: agendada | AC9: pendente | AD9: pendente | AE9: pendente | AF9: pendente | AG9: Tijuca | AH9: pendente | AJ9: Sim | AK9: Sim | AL9: Coluna | AM9: =MONTH(B9)&"/"&YEAR(B9) -> 3/2026 | AN9: =WEEKNUM(B9)-WEEKNUM(EOMONTH(B9,-1)+1)+1 -> 4 | AO9: =MONTH(R9)&"/"&YEAR(R9) -> 5/2026 | AP9: =WEEKNUM(R9)-WEEKNUM(EOMONTH(R9,-1)+1)+1 -> 5 | AQ9: =IF(AU9="S",IF(Q9="1. Aceitou o programa",R9-B9,0),0) -> 63 | AR9: =IF(AU9="S",IF(AND(S9<>"",R9<>""),S9-R9,0),0) -> 0 | AS9: =IF(AU9="S",IF(Q9="1. Aceitou o programa",IF(OR(X9="Não se Aplica",X9=""),IF(OR(W9="Não se Aplica",W9=""),0,W9-V9),AVERAGE(X9-W9,W9-V9)),0),0) -> 27 | AT9: =IF(AU9="S",IF(AND(Q9="1. Aceitou o programa",AB9="Realizada"),IFERROR(IF(AA9="",0,AA9-R9),0),0),0) -> 0 | AU9: =_xlfn.XLOOKUP(U9,'Lista Suspensa'!$AA$20:$AA$23,'Lista Suspensa'!$AB$20:$AB$23,"N/A") -> S
A10: Não | B10: 46104 | C10: Transbordo/Navegação | D10: Captado pela Amil/Call Center | E10: 753842173 | F10: LUCI BITTENCOURT DE SOUZA CHAVES | G10: 60592680720 | H10: 22151 | J10: F | K10: RJ | L10: RIO DE JANEIRO | M10: VILA VALQUEIRE | N10: NÍVEL 100 | O10: 21-988288714 | P10: Equiipe CMDP | Q10: 1. Aceitou o programa | R10: 46167 | T10: Contato Com Sucesso | U10: Ativo | V10: 46113 | W10: 46160 | X10: 46167 | Y10: contato com sucesso em 18/05 | Z10: Agendada | AA10: 09/06/2026 13:00 | AB10: agendada | AC10: pendente | AD10: pendente | AE10: pendente | AF10: pendente | AG10: CMDP | AH10: pendente | AJ10: Sim | AK10: Sim | AL10: Coluna | AM10: =MONTH(B10)&"/"&YEAR(B10) -> 3/2026 | AN10: =WEEKNUM(B10)-WEEKNUM(EOMONTH(B10,-1)+1)+1 -> 4 | AO10: =MONTH(R10)&"/"&YEAR(R10) -> 5/2026 | AP10: =WEEKNUM(R10)-WEEKNUM(EOMONTH(R10,-1)+1)+1 -> 5 | AQ10: =IF(AU10="S",IF(Q10="1. Aceitou o programa",R10-B10,0),0) -> 63 | AR10: =IF(AU10="S",IF(AND(S10<>"",R10<>""),S10-R10,0),0) -> 0 | AS10: =IF(AU10="S",IF(Q10="1. Aceitou o programa",IF(OR(X10="Não se Aplica",X10=""),IF(OR(W10="Não se Aplica",W10=""),0,W10-V10),AVERAGE(X10-W10,W10-V10)),0),0) -> 27 | AT10: =IF(AU10="S",IF(AND(Q10="1. Aceitou o programa",AB10="Realizada"),IFERROR(IF(AA10="",0,AA10-R10),0),0),0) -> 0 | AU10: =_xlfn.XLOOKUP(U10,'Lista Suspensa'!$AA$20:$AA$23,'Lista Suspensa'!$AB$20:$AB$23,"N/A") -> S
A11: Não | B11: 46104 | C11: Transbordo/Navegação | D11: Captado pela Amil/Call Center | E11: 758099894 | F11: MARCIA SILVA ALVARENGA DOS SANTOS | G11: 1156104726 | H11: 25789 | J11: F | K11: RJ | L11: RIO DE JANEIRO | M11: CASCADURA | N11: NÍVEL 100 | O11: 21-986930477 | P11: Equiipe CMDP | Q11: 1. Aceitou o programa | R11: 46167 | T11: Contato Com Sucesso | U11: Ativo | V11: 46113 | W11: 46160 | X11: 46167 | Y11: contato com sucesso em 25/05 | Z11: Agendada | AA11: 09/06/2026 13:20 | AB11: agendada | AC11: pendente | AD11: pendente | AE11: pendente | AF11: pendente | AG11: Amil Tijuca | AH11: pendente | AJ11: Sim | AK11: Sim | AL11: Coluna | AM11: =MONTH(B11)&"/"&YEAR(B11) -> 3/2026 | AN11: =WEEKNUM(B11)-WEEKNUM(EOMONTH(B11,-1)+1)+1 -> 4 | AO11: =MONTH(R11)&"/"&YEAR(R11) -> 5/2026 | AP11: =WEEKNUM(R11)-WEEKNUM(EOMONTH(R11,-1)+1)+1 -> 5 | AQ11: =IF(AU11="S",IF(Q11="1. Aceitou o programa",R11-B11,0),0) -> 63 | AR11: =IF(AU11="S",IF(AND(S11<>"",R11<>""),S11-R11,0),0) -> 0 | AS11: =IF(AU11="S",IF(Q11="1. Aceitou o programa",IF(OR(X11="Não se Aplica",X11=""),IF(OR(W11="Não se Aplica",W11=""),0,W11-V11),AVERAGE(X11-W11,W11-V11)),0),0) -> 27 | AT11: =IF(AU11="S",IF(AND(Q11="1. Aceitou o programa",AB11="Realizada"),IFERROR(IF(AA11="",0,AA11-R11),0),0),0) -> 0 | AU11: =_xlfn.XLOOKUP(U11,'Lista Suspensa'!$AA$20:$AA$23,'Lista Suspensa'!$AB$20:$AB$23,"N/A") -> S
A12: Não | B12: 46104 | C12: Transbordo/Navegação | D12: Captado pela Amil/Call Center | E12: 631115633 | F12: MARILDA AFONSO COSTA SANTOS | G12: 15251399839 | H12: 25939 | J12: F | K12: SP | L12: SAO PAULO | M12: JARDIM DO CAMPO | N12: NÍVEL 200 | O12: 11-979508070 | P12: Equiipe CMDP | Q12: 1. Aceitou o programa | R12: 46167 | T12: Contato Com Sucesso | U12: Ativo | V12: 46113 | W12: 46160 | X12: 46167 | Y12: contato com sucesso em 25/05 | Z12: Agendada | AA12: 10/06/2026 09:20 | AB12: agendada | AC12: pendente | AD12: pendente | AE12: pendente | AF12: pendente | AG12: Unidade avançada Vitória Tatuapé | AH12: pendente | AJ12: Sim | AK12: Sim | AL12: Coluna | AM12: =MONTH(B12)&"/"&YEAR(B12) -> 3/2026 | AN12: =WEEKNUM(B12)-WEEKNUM(EOMONTH(B12,-1)+1)+1 -> 4 | AO12: =MONTH(R12)&"/"&YEAR(R12) -> 5/2026 | AP12: =WEEKNUM(R12)-WEEKNUM(EOMONTH(R12,-1)+1)+1 -> 5 | AQ12: =IF(AU12="S",IF(Q12="1. Aceitou o programa",R12-B12,0),0) -> 63 | AR12: =IF(AU12="S",IF(AND(S12<>"",R12<>""),S12-R12,0),0) -> 0 | AS12: =IF(AU12="S",IF(Q12="1. Aceitou o programa",IF(OR(X12="Não se Aplica",X12=""),IF(OR(W12="Não se Aplica",W12=""),0,W12-V12),AVERAGE(X12-W12,W12-V12)),0),0) -> 27 | AT12: =IF(AU12="S",IF(AND(Q12="1. Aceitou o programa",AB12="Realizada"),IFERROR(IF(AA12="",0,AA12-R12),0),0),0) -> 0 | AU12: =_xlfn.XLOOKUP(U12,'Lista Suspensa'!$AA$20:$AA$23,'Lista Suspensa'!$AB$20:$AB$23,"N/A") -> S
A13: Não | B13: 46104 | C13: Transbordo/Navegação | D13: Captado pela Amil/Call Center | E13: 807239682 | F13: MARLUCIA VIEIRA MAGESTE SANTOS | G13: 337092621 | H13: 24634 | J13: F | K13: SP | L13: SAO PAULO | M13: JARDIM BELAURA | N13: NÍVEL 100 | O13: 11-967509643 | P13: Equiipe CMDP | Q13: 1. Aceitou o programa | R13: 46167 | T13: Contato Com Sucesso | U13: Ativo | V13: 46113 | W13: 46160 | X13: 46167 | Y13: contato com sucesso em 25/05 | Z13: Agendada | AA13: 10/06/2026 09:40 | AB13: agendada | AC13: pendente | AD13: pendente | AE13: pendente | AF13: pendente | AG13: Tijuca | AH13: pendente | AJ13: Sim | AK13: Sim | AL13: Coluna | AM13: =MONTH(B13)&"/"&YEAR(B13) -> 3/2026 | AN13: =WEEKNUM(B13)-WEEKNUM(EOMONTH(B13,-1)+1)+1 -> 4 | AO13: =MONTH(R13)&"/"&YEAR(R13) -> 5/2026 | AP13: =WEEKNUM(R13)-WEEKNUM(EOMONTH(R13,-1)+1)+1 -> 5 | AQ13: =IF(AU13="S",IF(Q13="1. Aceitou o programa",R13-B13,0),0) -> 63 | AR13: =IF(AU13="S",IF(AND(S13<>"",R13<>""),S13-R13,0),0) -> 0 | AS13: =IF(AU13="S",IF(Q13="1. Aceitou o programa",IF(OR(X13="Não se Aplica",X13=""),IF(OR(W13="Não se Aplica",W13=""),0,W13-V13),AVERAGE(X13-W13,W13-V13)),0),0) -> 27 | AT13: =IF(AU13="S",IF(AND(Q13="1. Aceitou o programa",AB13="Realizada"),IFERROR(IF(AA13="",0,AA13-R13),0),0),0) -> 0 | AU13: =_xlfn.XLOOKUP(U13,'Lista Suspensa'!$AA$20:$AA$23,'Lista Suspensa'!$AB$20:$AB$23,"N/A") -> S
... A18: Não | B18: 46104 | C18: Transbordo/Navegação | D18: Captado pela Amil/Call Center | E18: 94993405 | F18: KETTY BASAGLIA CARVALHO | G18: 31142297861 | H18: 29364 | J18: F | K18: SP | L18: SAO PAULO | M18: TATUAPE | N18: NÍVEL 60 | O18: 11-961613550 | P18: Equiipe CMDP | Q18: 1. Aceitou o programa | R18: 46167 | T18: Contato Com Sucesso | U18: Ativo | V18: 46114 | W18: 46160 | X18: 46167 | Y18: contato com sucesso em 25/05 | Z18: Agendada | AA18: 10/06/2026 11:20 | AB18: agendada | AC18: pendente | AD18: pendente | AE18: pendente | AF18: pendente | AG18: AMIL - UNIDADE AVANÇADA VITÓRIA | AH18: pendente | AJ18: Sim | AK18: Sim | AL18: Coluna | AM18: =MONTH(B18)&"/"&YEAR(B18) -> 3/2026 | AN18: =WEEKNUM(B18)-WEEKNUM(EOMONTH(B18,-1)+1)+1 -> 4 | AO18: =MONTH(R18)&"/"&YEAR(R18) -> 5/2026 | AP18: =WEEKNUM(R18)-WEEKNUM(EOMONTH(R18,-1)+1)+1 -> 5 | AQ18: =IF(AU18="S",IF(Q18="1. Aceitou o programa",R18-B18,0),0) -> 63 | AR18: =IF(AU18="S",IF(AND(S18<>"",R18<>""),S18-R18,0),0) -> 0 | AS18: =IF(AU18="S",IF(Q18="1. Aceitou o programa",IF(OR(X18="Não se Aplica",X18=""),IF(OR(W18="Não se Aplica",W18=""),0,W18-V18),AVERAGE(X18-W18,W18-V18)),0),0) -> 26.5 | AT18: =IF(AU18="S",IF(AND(Q18="1. Aceitou o programa",AB18="Realizada"),IFERROR(IF(AA18="",0,AA18-R18),0),0),0) -> 0 | AU18: =_xlfn.XLOOKUP(U18,'Lista Suspensa'!$AA$20:$AA$23,'Lista Suspensa'!$AB$20:$AB$23,"N/A") -> S
A19: Não | B19: 46104 | C19: Transbordo/Navegação | D19: Captado pela Amil/Call Center | E19: 87162980 | F19: ELAINE CRISTINA DA SILVA IWANCZUK | G19: 28459162800 | H19: 29323 | J19: F | K19: SP | L19: SAO PAULO | M19: PARQUE SEVILHA | N19: NÍVEL 200 | O19: 11-999345716 | P19: Equiipe CMDP | Q19: 1. Aceitou o programa | R19: 46167 | T19: Contato Com Sucesso | U19: Ativo | V19: 46114 | W19: 46160 | X19: 46167 | Z19: Agendada | AA19: 10/06/2026 11:40 | AB19: agendada | AC19: pendente | AD19: pendente | AE19: pendente | AF19: pendente | AG19: ASM - HOSPITAL SAMARITANO PAULISTA - AMBULATORIO | AH19: pendente | AJ19: Sim | AK19: Sim | AL19: Coluna | AM19: =MONTH(B19)&"/"&YEAR(B19) -> 3/2026 | AN19: =WEEKNUM(B19)-WEEKNUM(EOMONTH(B19,-1)+1)+1 -> 4 | AO19: =MONTH(R19)&"/"&YEAR(R19) -> 5/2026 | AP19: =WEEKNUM(R19)-WEEKNUM(EOMONTH(R19,-1)+1)+1 -> 5 | AQ19: =IF(AU19="S",IF(Q19="1. Aceitou o programa",R19-B19,0),0) -> 63 | AR19: =IF(AU19="S",IF(AND(S19<>"",R19<>""),S19-R19,0),0) -> 0 | AS19: =IF(AU19="S",IF(Q19="1. Aceitou o programa",IF(OR(X19="Não se Aplica",X19=""),IF(OR(W19="Não se Aplica",W19=""),0,W19-V19),AVERAGE(X19-W19,W19-V19)),0),0) -> 26.5 | AT19: =IF(AU19="S",IF(AND(Q19="1. Aceitou o programa",AB19="Realizada"),IFERROR(IF(AA19="",0,AA19-R19),0),0),0) -> 0 | AU19: =_xlfn.XLOOKUP(U19,'Lista Suspensa'!$AA$20:$AA$23,'Lista Suspensa'!$AB$20:$AB$23,"N/A") -> S
A20: Não | B20: 46104 | C20: Transbordo/Navegação | D20: Captado pela Amil/Call Center | E20: 92905616 | F20: VILMA LUCIA SOUZA ARES | G20: 7782174856 | H20: 23770 | J20: F | K20: SP | L20: SAO PAULO | M20: VILA CRUZEIRO | N20: NÍVEL 110 | O20: 11-952111281 | P20: Equiipe CMDP | Q20: 1. Aceitou o programa | R20: 46167 | T20: Contato Com Sucesso | U20: Ativo | V20: 46114 | W20: 46160 | X20: 46167 | Y20: contato com sucesso em 25/05 | Z20: Agendada | AA20: 10/06/2026 13:00 | AB20: agendada | AC20: pendente | AD20: pendente | AE20: pendente | AF20: pendente | AG20: Hospital da luz | AH20: pendente | AJ20: Sim | AK20: Sim | AL20: Coluna | AM20: =MONTH(B20)&"/"&YEAR(B20) -> 3/2026 | AN20: =WEEKNUM(B20)-WEEKNUM(EOMONTH(B20,-1)+1)+1 -> 4 | AO20: =MONTH(R20)&"/"&YEAR(R20) -> 5/2026 | AP20: =WEEKNUM(R20)-WEEKNUM(EOMONTH(R20,-1)+1)+1 -> 5 | AQ20: =IF(AU20="S",IF(Q20="1. Aceitou o programa",R20-B20,0),0) -> 63 | AR20: =IF(AU20="S",IF(AND(S20<>"",R20<>""),S20-R20,0),0) -> 0 | AS20: =IF(AU20="S",IF(Q20="1. Aceitou o programa",IF(OR(X20="Não se Aplica",X20=""),IF(OR(W20="Não se Aplica",W20=""),0,W20-V20),AVERAGE(X20-W20,W20-V20)),0),0) -> 26.5 | AT20: =IF(AU20="S",IF(AND(Q20="1. Aceitou o programa",AB20="Realizada"),IFERROR(IF(AA20="",0,AA20-R20),0),0),0) -> 0 | AU20: =_xlfn.XLOOKUP(U20,'Lista Suspensa'!$AA$20:$AA$23,'Lista Suspensa'!$AB$20:$AB$23,"N/A") -> S
A21: Não | B21: 46104 | C21: Transbordo/Navegação | D21: Captado pela Amil/Call Center | E21: 87878616 | F21: HENRIQUE SOUSA NERY | G21: 48010543829 | H21: 36252 | J21: M | K21: SP | L21: SAO PAULO | M21: RECANTO CAMPO BELO | N21: NÍVEL 60 | O21: 11-932733202 | P21: Equiipe CMDP | Q21: 1. Aceitou o programa | R21: 46167 | T21: Contato Com Sucesso | U21: Ativo | V21: 46114 | W21: 46160 | X21: 46167 | Y21: contato com sucesso em 25/05 | Z21: Agendada | AA21: 10/06/2026 13:20 | AB21: agendada | AC21: pendente | AD21: pendente | AE21: pendente | AF21: pendente | AG21: cubatão | AH21: pendente | AJ21: Sim | AK21: Sim | AL21: Coluna | AM21: =MONTH(B21)&"/"&YEAR(B21) -> 3/2026 | AN21: =WEEKNUM(B21)-WEEKNUM(EOMONTH(B21,-1)+1)+1 -> 4 | AO21: =MONTH(R21)&"/"&YEAR(R21) -> 5/2026 | AP21: =WEEKNUM(R21)-WEEKNUM(EOMONTH(R21,-1)+1)+1 -> 5 | AQ21: =IF(AU21="S",IF(Q21="1. Aceitou o programa",R21-B21,0),0) -> 63 | AR21: =IF(AU21="S",IF(AND(S21<>"",R21<>""),S21-R21,0),0) -> 0 | AS21: =IF(AU21="S",IF(Q21="1. Aceitou o programa",IF(OR(X21="Não se Aplica",X21=""),IF(OR(W21="Não se Aplica",W21=""),0,W21-V21),AVERAGE(X21-W21,W21-V21)),0),0) -> 26.5 | AT21: =IF(AU21="S",IF(AND(Q21="1. Aceitou o programa",AB21="Realizada"),IFERROR(IF(AA21="",0,AA21-R21),0),0),0) -> 0 | AU21: =_xlfn.XLOOKUP(U21,'Lista Suspensa'!$AA$20:$AA$23,'Lista Suspensa'!$AB$20:$AB$23,"N/A") -> S
A22: Não | B22: 46104 | C22: Transbordo/Navegação | D22: Captado pela Amil/Call Center | E22: 73769304 | F22: MARIVANI MENEGATT | G22: 84862220959 | H22: 27423 | J22: F | K22: SP | L22: SAO PAULO | M22: BELENZINHO | N22: NÍVEL 50 | O22: 11-995907274 | P22: Equiipe CMDP | Q22: 1. Aceitou o programa | R22: 46167 | T22: Contato Com Sucesso | U22: Ativo | V22: 46114 | W22: 46160 | X22: 46167 | Y22: contato com sucesso em 18/05 | Z22: Agendada | AA22: 11/06/2026 09:20 | AB22: agendada | AC22: pendente | AD22: pendente | AE22: pendente | AF22: pendente | AG22: unidade avançada vitoria | AH22: pendente | AJ22: Sim | AK22: Sim | AL22: Coluna | AM22: =MONTH(B22)&"/"&YEAR(B22) -> 3/2026 | AN22: =WEEKNUM(B22)-WEEKNUM(EOMONTH(B22,-1)+1)+1 -> 4 | AO22: =MONTH(R22)&"/"&YEAR(R22) -> 5/2026 | AP22: =WEEKNUM(R22)-WEEKNUM(EOMONTH(R22,-1)+1)+1 -> 5 | AQ22: =IF(AU22="S",IF(Q22="1. Aceitou o programa",R22-B22,0),0) -> 63 | AR22: =IF(AU22="S",IF(AND(S22<>"",R22<>""),S22-R22,0),0) -> 0 | AS22: =IF(AU22="S",IF(Q22="1. Aceitou o programa",IF(OR(X22="Não se Aplica",X22=""),IF(OR(W22="Não se Aplica",W22=""),0,W22-V22),AVERAGE(X22-W22,W22-V22)),0),0) -> 26.5 | AT22: =IF(AU22="S",IF(AND(Q22="1. Aceitou o programa",AB22="Realizada"),IFERROR(IF(AA22="",0,AA22-R22),0),0),0) -> 0 | AU22: =_xlfn.XLOOKUP(U22,'Lista Suspensa'!$AA$20:$AA$23,'Lista Suspensa'!$AB$20:$AB$23,"N/A") -> S
A23: Não | B23: 46104 | C23: Transbordo/Navegação | D23: Captado pela Amil/Call Center | E23: 73828294 | F23: ANDERSON ANDRE GARCIA ALVES | G23: 6957100790 | H23: 27395 | J23: M | K23: RJ | L23: RIO DE JANEIRO | M23: SANTA CRUZ | N23: NÍVEL 50 | O23: 21-985638916 | P23: Equiipe CMDP | Q23: 1. Aceitou o programa | R23: 46167 | T23: Contato Com Sucesso | U23: Ativo | V23: 46114 | W23: 46160 | X23: 46167 | Y23: contato com sucesso em 25/05 | Z23: Agendada | AA23: 11/06/2026 09:40 | AB23: agendada | AC23: pendente | AD23: pendente | AE23: pendente | AF23: pendente | AG23: AMIL ESPAÇO SAÚDE - CAMPO GRANDE | AH23: pendente | AJ23: Sim | AK23: Sim | AL23: Coluna | AM23: =MONTH(B23)&"/"&YEAR(B23) -> 3/2026 | AN23: =WEEKNUM(B23)-WEEKNUM(EOMONTH(B23,-1)+1)+1 -> 4 | AO23: =MONTH(R23)&"/"&YEAR(R23) -> 5/2026 | AP23: =WEEKNUM(R23)-WEEKNUM(EOMONTH(R23,-1)+1)+1 -> 5 | AQ23: =IF(AU23="S",IF(Q23="1. Aceitou o programa",R23-B23,0),0) -> 63 | AR23: =IF(AU23="S",IF(AND(S23<>"",R23<>""),S23-R23,0),0) -> 0 | AS23: =IF(AU23="S",IF(Q23="1. Aceitou o programa",IF(OR(X23="Não se Aplica",X23=""),IF(OR(W23="Não se Aplica",W23=""),0,W23-V23),AVERAGE(X23-W23,W23-V23)),0),0) -> 26.5 | AT23: =IF(AU23="S",IF(AND(Q23="1. Aceitou o programa",AB23="Realizada"),IFERROR(IF(AA23="",0,AA23-R23),0),0),0) -> 0 | AU23: =_xlfn.XLOOKUP(U23,'Lista Suspensa'!$AA$20:$AA$23,'Lista Suspensa'!$AB$20:$AB$23,"N/A") -> S
A24: Não | B24: 46104 | C24: Transbordo/Navegação | D24: Captado pela Amil/Call Center | E24: 84450691 | F24: AGNEZ PEREIRA DA CUNHA | G24: 15377219848 | H24: 26277 | J24: F | K24: SP | L24: GUARULHOS | M24: PARQUE CONTINENTAL I | N24: NÍVEL 60 | O24: 11-997589557 | P24: Equiipe CMDP | Q24: 1. Aceitou o programa | R24: 46167 | T24: Contato Com Sucesso | U24: Ativo | V24: 46114 | W24: 46160 | X24: 46167 | Y24: contato com sucesso em 25/05 | Z24: Agendada | AA24: 11/06/2026 10:00 | AB24: agendada | AC24: pendente | AD24: pendente | AE24: pendente | AF24: pendente | AG24: AMIL ESPAÇO SAÚDE - GUARULHOS | AH24: pendente | AJ24: Sim | AK24: Sim | AL24: Coluna | AM24: =MONTH(B24)&"/"&YEAR(B24) -> 3/2026 | AN24: =WEEKNUM(B24)-WEEKNUM(EOMONTH(B24,-1)+1)+1 -> 4 | AO24: =MONTH(R24)&"/"&YEAR(R24) -> 5/2026 | AP24: =WEEKNUM(R24)-WEEKNUM(EOMONTH(R24,-1)+1)+1 -> 5 | AQ24: =IF(AU24="S",IF(Q24="1. Aceitou o programa",R24-B24,0),0) -> 63 | AR24: =IF(AU24="S",IF(AND(S24<>"",R24<>""),S24-R24,0),0) -> 0 | AS24: =IF(AU24="S",IF(Q24="1. Aceitou o programa",IF(OR(X24="Não se Aplica",X24=""),IF(OR(W24="Não se Aplica",W24=""),0,W24-V24),AVERAGE(X24-W24,W24-V24)),0),0) -> 26.5 | AT24: =IF(AU24="S",IF(AND(Q24="1. Aceitou o programa",AB24="Realizada"),IFERROR(IF(AA24="",0,AA24-R24),0),0),0) -> 0 | AU24: =_xlfn.XLOOKUP(U24,'Lista Suspensa'!$AA$20:$AA$23,'Lista Suspensa'!$AB$20:$AB$23,"N/A") -> S
A25: Não | B25: 46104 | C25: Transbordo/Navegação | D25: Captado pela Amil/Call Center | E25: 76590612 | F25: ELSONEY SILVA SANTOS | G25: 70715483587 | H25: 27122 | J25: M | K25: SP | L25: SAO PAULO | M25: PARQUE BOA ESPERANÇA | N25: NÍVEL 50 | O25: 11-982863032 | P25: Equiipe CMDP | Q25: 1. Aceitou o programa | R25: 46167 | T25: Contato Com Sucesso | U25: Ativo | V25: 46114 | W25: 46160 | X25: 46167 | Y25: contato com sucesso em 25/05 | Z25: Agendada | AA25: 11/06/2026 10:20 | AB25: agendada | AC25: pendente | AD25: pendente | AE25: pendente | AF25: pendente | AG25: AMIL - UD CUBATAO SP - HOSPITAL DA LUZ | AH25: pendente | AJ25: Sim | AK25: Sim | AL25: Coluna | AM25: =MONTH(B25)&"/"&YEAR(B25) -> 3/2026 | AN25: =WEEKNUM(B25)-WEEKNUM(EOMONTH(B25,-1)+1)+1 -> 4 | AO25: =MONTH(R25)&"/"&YEAR(R25) -> 5/2026 | AP25: =WEEKNUM(R25)-WEEKNUM(EOMONTH(R25,-1)+1)+1 -> 5 | AQ25: =IF(AU25="S",IF(Q25="1. Aceitou o programa",R25-B25,0),0) -> 63 | AR25: =IF(AU25="S",IF(AND(S25<>"",R25<>""),S25-R25,0),0) -> 0 | AS25: =IF(AU25="S",IF(Q25="1. Aceitou o programa",IF(OR(X25="Não se Aplica",X25=""),IF(OR(W25="Não se Aplica",W25=""),0,W25-V25),AVERAGE(X25-W25,W25-V25)),0),0) -> 26.5 | AT25: =IF(AU25="S",IF(AND(Q25="1. Aceitou o programa",AB25="Realizada"),IFERROR(IF(AA25="",0,AA25-R25),0),0),0) -> 0 | AU25: =_xlfn.XLOOKUP(U25,'Lista Suspensa'!$AA$20:$AA$23,'Lista Suspensa'!$AB$20:$AB$23,"N/A") -> S
A26: Não | B26: 46104 | C26: Transbordo/Navegação | D26: Captado pela Amil/Call Center | E26: 83813404 | F26: IBERE RODRIGUES DE OLIVEIRA | G26: 483184187 | H26: 16373 | J26: M | K26: SP | L26: SAO PAULO | M26: CAMPO BELO | N26: NÍVEL 750 | O26: 11-999411770 | P26: Equiipe CMDP | Q26: 1. Aceitou o programa | R26: 46167 | T26: Contato Com Sucesso | U26: Ativo | V26: 46114 | W26: 46160 | X26: 46167 | Y26: contato com sucesso em 18/05 | Z26: Agendada | AA26: 11/06/2026 10:40 | AB26: agendada | AC26: pendente | AD26: pendente | AE26: pendente | AF26: pendente | AG26: Unidade Samaritano Paulista-SP | AH26: pendente | AJ26: Sim | AK26: Sim | AL26: Coluna | AM26: =MONTH(B26)&"/"&YEAR(B26) -> 3/2026 | AN26: =WEEKNUM(B26)-WEEKNUM(EOMONTH(B26,-1)+1)+1 -> 4 | AO26: =MONTH(R26)&"/"&YEAR(R26) -> 5/2026 | AP26: =WEEKNUM(R26)-WEEKNUM(EOMONTH(R26,-1)+1)+1 -> 5 | AQ26: =IF(AU26="S",IF(Q26="1. Aceitou o programa",R26-B26,0),0) -> 63 | AR26: =IF(AU26="S",IF(AND(S26<>"",R26<>""),S26-R26,0),0) -> 0 | AS26: =IF(AU26="S",IF(Q26="1. Aceitou o programa",IF(OR(X26="Não se Aplica",X26=""),IF(OR(W26="Não se Aplica",W26=""),0,W26-V26),AVERAGE(X26-W26,W26-V26)),0),0) -> 26.5 | AT26: =IF(AU26="S",IF(AND(Q26="1. Aceitou o programa",AB26="Realizada"),IFERROR(IF(AA26="",0,AA26-R26),0),0),0) -> 0 | AU26: =_xlfn.XLOOKUP(U26,'Lista Suspensa'!$AA$20:$AA$23,'Lista Suspensa'!$AB$20:$AB$23,"N/A") -> S
A27: Não | B27: 46104 | C27: Transbordo/Navegação | D27: Captado pela Amil/Call Center | E27: 76921125 | F27: VANIA DA COSTA CORREIA | G27: 1816367788 | H27: 26183 | J27: F | K27: RJ | L27: RIO DE JANEIRO | M27: SAO CRISTOVAO | N27: NÍVEL 50 | O27: 21-964168200 | P27: Equiipe CMDP | Q27: 1. Aceitou o programa | R27: 46167 | T27: Contato Com Sucesso | U27: Ativo | V27: 46118 | W27: 46160 | X27: 46167 | Y27: contato com sucesso em 25/05 | Z27: Agendada | AA27: 11/06/2026 11:00 | AB27: agendada | AC27: pendente | AD27: pendente | AE27: pendente | AF27: pendente | AG27: amil tijuca | AH27: pendente | AJ27: Sim | AK27: Sim | AL27: Coluna | AM27: =MONTH(B27)&"/"&YEAR(B27) -> 3/2026 | AN27: =WEEKNUM(B27)-WEEKNUM(EOMONTH(B27,-1)+1)+1 -> 4 | AO27: =MONTH(R27)&"/"&YEAR(R27) -> 5/2026 | AP27: =WEEKNUM(R27)-WEEKNUM(EOMONTH(R27,-1)+1)+1 -> 5 | AQ27: =IF(AU27="S",IF(Q27="1. Aceitou o programa",R27-B27,0),0) -> 63 | AR27: =IF(AU27="S",IF(AND(S27<>"",R27<>""),S27-R27,0),0) -> 0 | AS27: =IF(AU27="S",IF(Q27="1. Aceitou o programa",IF(OR(X27="Não se Aplica",X27=""),IF(OR(W27="Não se Aplica",W27=""),0,W27-V27),AVERAGE(X27-W27,W27-V27)),0),0) -> 24.5 | AT27: =IF(AU27="S",IF(AND(Q27="1. Aceitou o programa",AB27="Realizada"),IFERROR(IF(AA27="",0,AA27-R27),0),0),0) -> 0 | AU27: =_xlfn.XLOOKUP(U27,'Lista Suspensa'!$AA$20:$AA$23,'Lista Suspensa'!$AB$20:$AB$23,"N/A") -> S
A28: Não | B28: 46104 | C28: Transbordo/Navegação | D28: Captado pela Amil/Call Center | E28: 77219792 | F28: MARIA MARTA DA SILVA | G28: 1687066361 | H28: 29818 | J28: F | K28: SP | L28: SAO PAULO | M28: PARQUE ARTUR ALVIM | N28: NÍVEL 50 | O28: 11-986424794 | P28: Equiipe CMDP | Q28: 1. Aceitou o programa | R28: 46167 | T28: Contato Com Sucesso | U28: Ativo | V28: 46118 | W28: 46160 | X28: 46167 | Y28: contato com sucesso em 25/05 | Z28: Agendada | AA28: 11/06/2026 11:20 | AB28: agendada | AC28: pendente | AD28: pendente | AE28: pendente | AF28: pendente | AG28: unidade vitoria | AH28: pendente | AJ28: Sim | AK28: Sim | AL28: Coluna | AM28: =MONTH(B28)&"/"&YEAR(B28) -> 3/2026 | AN28: =WEEKNUM(B28)-WEEKNUM(EOMONTH(B28,-1)+1)+1 -> 4 | AO28: =MONTH(R28)&"/"&YEAR(R28) -> 5/2026 | AP28: =WEEKNUM(R28)-WEEKNUM(EOMONTH(R28,-1)+1)+1 -> 5 | AQ28: =IF(AU28="S",IF(Q28="1. Aceitou o programa",R28-B28,0),0) -> 63 | AR28: =IF(AU28="S",IF(AND(S28<>"",R28<>""),S28-R28,0),0) -> 0 | AS28: =IF(AU28="S",IF(Q28="1. Aceitou o programa",IF(OR(X28="Não se Aplica",X28=""),IF(OR(W28="Não se Aplica",W28=""),0,W28-V28),AVERAGE(X28-W28,W28-V28)),0),0) -> 24.5 | AT28: =IF(AU28="S",IF(AND(Q28="1. Aceitou o programa",AB28="Realizada"),IFERROR(IF(AA28="",0,AA28-R28),0),0),0) -> 0 | AU28: =_xlfn.XLOOKUP(U28,'Lista Suspensa'!$AA$20:$AA$23,'Lista Suspensa'!$AB$20:$AB$23,"N/A") -> S
A29: Não | B29: 46104 | C29: Transbordo/Navegação | D29: Captado pela Amil/Call Center | E29: 77408887 | F29: LETICIA DE JESUS DA SILVA | G29: 22651731854 | H29: 30683 | J29: F | K29: SP | L29: SAO PAULO | M29: JARDIM CENTENARIO | N29: NÍVEL 50 | O29: 11-982624680 | P29: Equiipe CMDP | Q29: 1. Aceitou o programa | R29: 46167 | T29: Contato Com Sucesso | U29: Ativo | V29: 46118 | W29: 46161 | X29: 46167 | Z29: Agendada | AA29: 11/06/2026 11:40 | AB29: agendada | AC29: pendente | AD29: pendente | AE29: pendente | AF29: pendente | AG29: AMIL - UD CUBATAO SP - HOSPITAL DA LUZ | AH29: pendente | AJ29: Sim | AK29: Sim | AL29: Coluna | AM29: =MONTH(B29)&"/"&YEAR(B29) -> 3/2026 | AN29: =WEEKNUM(B29)-WEEKNUM(EOMONTH(B29,-1)+1)+1 -> 4 | AO29: =MONTH(R29)&"/"&YEAR(R29) -> 5/2026 | AP29: =WEEKNUM(R29)-WEEKNUM(EOMONTH(R29,-1)+1)+1 -> 5 | AQ29: =IF(AU29="S",IF(Q29="1. Aceitou o programa",R29-B29,0),0) -> 63 | AR29: =IF(AU29="S",IF(AND(S29<>"",R29<>""),S29-R29,0),0) -> 0 | AS29: =IF(AU29="S",IF(Q29="1. Aceitou o programa",IF(OR(X29="Não se Aplica",X29=""),IF(OR(W29="Não se Aplica",W29=""),0,W29-V29),AVERAGE(X29-W29,W29-V29)),0),0) -> 24.5 | AT29: =IF(AU29="S",IF(AND(Q29="1. Aceitou o programa",AB29="Realizada"),IFERROR(IF(AA29="",0,AA29-R29),0),0),0) -> 0 | AU29: =_xlfn.XLOOKUP(U29,'Lista Suspensa'!$AA$20:$AA$23,'Lista Suspensa'!$AB$20:$AB$23,"N/A") -> S
A30: Não | B30: 46104 | C30: Transbordo/Navegação | D30: Captado pela Amil/Call Center | E30: 85721645 | F30: FRANCISCO DAS CHAGAS MEDEIROS | G30: 28695690768 | H30: 18857 | J30: M | K30: RJ | L30: DUQUE DE CAXIAS | M30: CAMPOS ELISEOS | N30: NÍVEL 60 | O30: 21-980800808 | P30: Equiipe CMDP | Q30: 1. Aceitou o programa | R30: 46167 | T30: Contato Com Sucesso | U30: Ativo | V30: 46118 | W30: 46161 | X30: 46167 | Y30: contato com sucesso em 25/05 | Z30: Agendada | AA30: 11/06/2026 13:00 | AB30: agendada | AC30: pendente | AD30: pendente | AE30: pendente | AF30: pendente | AG30: tijuca | AH30: pendente | AJ30: Sim | AK30: Sim | AL30: Coluna | AM30: =MONTH(B30)&"/"&YEAR(B30) -> 3/2026 | AN30: =WEEKNUM(B30)-WEEKNUM(EOMONTH(B30,-1)+1)+1 -> 4 | AO30: =MONTH(R30)&"/"&YEAR(R30) -> 5/2026 | AP30: =WEEKNUM(R30)-WEEKNUM(EOMONTH(R30,-1)+1)+1 -> 5 | AQ30: =IF(AU30="S",IF(Q30="1. Aceitou o programa",R30-B30,0),0) -> 63 | AR30: =IF(AU30="S",IF(AND(S30<>"",R30<>""),S30-R30,0),0) -> 0 | AS30: =IF(AU30="S",IF(Q30="1. Aceitou o programa",IF(OR(X30="Não se Aplica",X30=""),IF(OR(W30="Não se Aplica",W30=""),0,W30-V30),AVERAGE(X30-W30,W30-V30)),0),0) -> 24.5 | AT30: =IF(AU30="S",IF(AND(Q30="1. Aceitou o programa",AB30="Realizada"),IFERROR(IF(AA30="",0,AA30-R30),0),0),0) -> 0 | AU30: =_xlfn.XLOOKUP(U30,'Lista Suspensa'!$AA$20:$AA$23,'Lista Suspensa'!$AB$20:$AB$23,"N/A") -> S
A31: Não | B31: 46104 | C31: Transbordo/Navegação | D31: Captado pela Amil/Call Center | E31: 78356382 | F31: ANA CAROLINE MARQUES DE SOUSA | G31: 14206898782 | H31: 33778 | J31: F | K31: RJ | L31: RIO DE JANEIRO | M31: MANGUINHOS | N31: NÍVEL 380 | O31: 21-982541349 | P31: Equiipe CMDP | Q31: 1. Aceitou o programa | R31: 46167 | T31: Contato Com Sucesso | U31: Ativo | V31: 46118 | W31: 46161 | X31: 46167 | Y31: contato com sucesso em 25/05 | Z31: Agendada | AA31: 11/06/2026 13:20 | AB31: agendada | AC31: pendente | AD31: pendente | AE31: pendente | AF31: pendente | AG31: Tijuca | AH31: pendente | AJ31: Sim | AK31: Sim | AL31: Coluna | AM31: =MONTH(B31)&"/"&YEAR(B31) -> 3/2026 | AN31: =WEEKNUM(B31)-WEEKNUM(EOMONTH(B31,-1)+1)+1 -> 4 | AO31: =MONTH(R31)&"/"&YEAR(R31) -> 5/2026 | AP31: =WEEKNUM(R31)-WEEKNUM(EOMONTH(R31,-1)+1)+1 -> 5 | AQ31: =IF(AU31="S",IF(Q31="1. Aceitou o programa",R31-B31,0),0) -> 63 | AR31: =IF(AU31="S",IF(AND(S31<>"",R31<>""),S31-R31,0),0) -> 0 | AS31: =IF(AU31="S",IF(Q31="1. Aceitou o programa",IF(OR(X31="Não se Aplica",X31=""),IF(OR(W31="Não se Aplica",W31=""),0,W31-V31),AVERAGE(X31-W31,W31-V31)),0),0) -> 24.5 | AT31: =IF(AU31="S",IF(AND(Q31="1. Aceitou o programa",AB31="Realizada"),IFERROR(IF(AA31="",0,AA31-R31),0),0),0) -> 0 | AU31: =_xlfn.XLOOKUP(U31,'Lista Suspensa'!$AA$20:$AA$23,'Lista Suspensa'!$AB$20:$AB$23,"N/A") -> S
A32: Não | B32: 46104 | C32: Transbordo/Navegação | D32: Captado pela Amil/Call Center | E32: 78391206 | F32: GLAUCE ENILDA NASCIMENTO DE OLIVEIRA BATISTA | G32: 2201095752 | H32: 26366 | J32: F | K32: RJ | L32: RIO DE JANEIRO | M32: INHOAIBA | N32: NÍVEL 600 | O32: 21-988267999 | P32: Equiipe CMDP | Q32: 1. Aceitou o programa | R32: 46167 | T32: Contato Com Sucesso | U32: Ativo | V32: 46118 | W32: 46161 | X32: 46167 | Y32: contato com sucesso em 25/05 | Z32: Agendada | AA32: 12/06/2026 09:20 | AB32: agendada | AC32: pendente | AD32: pendente | AE32: pendente | AF32: pendente | AG32: AMIL ESPAÇO SAÚDE - CAMPO GRANDE | AH32: pendente | AJ32: Sim | AK32: Sim | AL32: Coluna | AM32: =MONTH(B32)&"/"&YEAR(B32) -> 3/2026 | AN32: =WEEKNUM(B32)-WEEKNUM(EOMONTH(B32,-1)+1)+1 -> 4 | AO32: =MONTH(R32)&"/"&YEAR(R32) -> 5/2026 | AP32: =WEEKNUM(R32)-WEEKNUM(EOMONTH(R32,-1)+1)+1 -> 5 | AQ32: =IF(AU32="S",IF(Q32="1. Aceitou o programa",R32-B32,0),0) -> 63 | AR32: =IF(AU32="S",IF(AND(S32<>"",R32<>""),S32-R32,0),0) -> 0 | AS32: =IF(AU32="S",IF(Q32="1. Aceitou o programa",IF(OR(X32="Não se Aplica",X32=""),IF(OR(W32="Não se Aplica",W32=""),0,W32-V32),AVERAGE(X32-W32,W32-V32)),0),0) -> 24.5 | AT32: =IF(AU32="S",IF(AND(Q32="1. Aceitou o programa",AB32="Realizada"),IFERROR(IF(AA32="",0,AA32-R32),0),0),0) -> 0 | AU32: =_xlfn.XLOOKUP(U32,'Lista Suspensa'!$AA$20:$AA$23,'Lista Suspensa'!$AB$20:$AB$23,"N/A") -> S
A33: Não | B33: 46104 | C33: Transbordo/Navegação | D33: Captado pela Amil/Call Center | E33: 93734652 | F33: KARINE BORGES MARGELA | G33: 14075418707 | H33: 33456 | J33: F | K33: RJ | L33: RIO DE JANEIRO | M33: FREGUESIA (JACAREPAGUA) | N33: NÍVEL 750 | O33: 21-970449012 | P33: Equiipe CMDP | Q33: 1. Aceitou o programa | R33: 46167 | T33: Contato Com Sucesso | U33: Ativo | V33: 46118 | W33: 46161 | X33: 46167 | Z33: Agendada | AA33: 12/06/2026 09:40 | AB33: agendada | AC33: pendente | AD33: pendente | AE33: pendente | AF33: pendente | AG33: Tijuca | AH33: pendente | AJ33: Sim | AK33: Sim | AL33: Coluna | AM33: =MONTH(B33)&"/"&YEAR(B33) -> 3/2026 | AN33: =WEEKNUM(B33)-WEEKNUM(EOMONTH(B33,-1)+1)+1 -> 4 | AO33: =MONTH(R33)&"/"&YEAR(R33) -> 5/2026 | AP33: =WEEKNUM(R33)-WEEKNUM(EOMONTH(R33,-1)+1)+1 -> 5 | AQ33: =IF(AU33="S",IF(Q33="1. Aceitou o programa",R33-B33,0),0) -> 63 | AR33: =IF(AU33="S",IF(AND(S33<>"",R33<>""),S33-R33,0),0) -> 0 | AS33: =IF(AU33="S",IF(Q33="1. Aceitou o programa",IF(OR(X33="Não se Aplica",X33=""),IF(OR(W33="Não se Aplica",W33=""),0,W33-V33),AVERAGE(X33-W33,W33-V33)),0),0) -> 24.5 | AT33: =IF(AU33="S",IF(AND(Q33="1. Aceitou o programa",AB33="Realizada"),IFERROR(IF(AA33="",0,AA33-R33),0),0),0) -> 0 | AU33: =_xlfn.XLOOKUP(U33,'Lista Suspensa'!$AA$20:$AA$23,'Lista Suspensa'!$AB$20:$AB$23,"N/A") -> S
A34: Não | B34: 46104 | C34: Transbordo/Navegação | D34: Captado pela Amil/Call Center | E34: 78354533 | F34: MARY HELEN DE OLIVEIRA RIBEIRO | G34: 16061386770 | H34: 34801 | J34: F | K34: RJ | L34: RIO DE JANEIRO | M34: COSTA BARROS | N34: NÍVEL 380 | O34: 21-971123551 | P34: Equiipe CMDP | Q34: 1. Aceitou o programa | R34: 46167 | T34: Contato Com Sucesso | U34: Ativo | V34: 46118 | W34: 46161 | X34: 46167 | Y34: contato com sucesso em 25/05 | Z34: Agendada | AA34: 12/06/2026 10:00 | AB34: agendada | AC34: pendente | AD34: pendente | AE34: pendente | AF34: pendente | AG34: AMIL Espaço Saúde – Tijuca/RJ | AH34: pendente | AJ34: Sim | AK34: Sim | AL34: Coluna | AM34: =MONTH(B34)&"/"&YEAR(B34) -> 3/2026 | AN34: =WEEKNUM(B34)-WEEKNUM(EOMONTH(B34,-1)+1)+1 -> 4 | AO34: =MONTH(R34)&"/"&YEAR(R34) -> 5/2026 | AP34: =WEEKNUM(R34)-WEEKNUM(EOMONTH(R34,-1)+1)+1 -> 5 | AQ34: =IF(AU34="S",IF(Q34="1. Aceitou o programa",R34-B34,0),0) -> 63 | AR34: =IF(AU34="S",IF(AND(S34<>"",R34<>""),S34-R34,0),0) -> 0 | AS34: =IF(AU34="S",IF(Q34="1. Aceitou o programa",IF(OR(X34="Não se Aplica",X34=""),IF(OR(W34="Não se Aplica",W34=""),0,W34-V34),AVERAGE(X34-W34,W34-V34)),0),0) -> 24.5 | AT34: =IF(AU34="S",IF(AND(Q34="1. Aceitou o programa",AB34="Realizada"),IFERROR(IF(AA34="",0,AA34-R34),0),0),0) -> 0 | AU34: =_xlfn.XLOOKUP(U34,'Lista Suspensa'!$AA$20:$AA$23,'Lista Suspensa'!$AB$20:$AB$23,"N/A") -> S
A35: Não | B35: 46104 | C35: Transbordo/Navegação | D35: Captado pela Amil/Call Center | E35: 84378288 | F35: THIAGO FERREIRA DA SILVA | G35: 5853628747 | H35: 31865 | J35: M | K35: RJ | L35: RIO DE JANEIRO | M35: PILARES | N35: NÍVEL 380 | O35: 21-985691153 | P35: Equiipe CMDP | Q35: 1. Aceitou o programa | R35: 46167 | T35: Contato Com Sucesso | U35: Ativo | V35: 46118 | W35: 46161 | X35: 46167 | Y35: contato com sucesso em 25/05 | Z35: Agendada | AA35: 12/06/2026 10:20 | AB35: agendada | AC35: pendente | AD35: pendente | AE35: pendente | AF35: pendente | AG35: AMIL ESPAÇO SAÚDE - TIJUCA | AH35: pendente | AJ35: Sim | AK35: Sim | AL35: Coluna | AM35: =MONTH(B35)&"/"&YEAR(B35) -> 3/2026 | AN35: =WEEKNUM(B35)-WEEKNUM(EOMONTH(B35,-1)+1)+1 -> 4 | AO35: =MONTH(R35)&"/"&YEAR(R35) -> 5/2026 | AP35: =WEEKNUM(R35)-WEEKNUM(EOMONTH(R35,-1)+1)+1 -> 5 | AQ35: =IF(AU35="S",IF(Q35="1. Aceitou o programa",R35-B35,0),0) -> 63 | AR35: =IF(AU35="S",IF(AND(S35<>"",R35<>""),S35-R35,0),0) -> 0 | AS35: =IF(AU35="S",IF(Q35="1. Aceitou o programa",IF(OR(X35="Não se Aplica",X35=""),IF(OR(W35="Não se Aplica",W35=""),0,W35-V35),AVERAGE(X35-W35,W35-V35)),0),0) -> 24.5 | AT35: =IF(AU35="S",IF(AND(Q35="1. Aceitou o programa",AB35="Realizada"),IFERROR(IF(AA35="",0,AA35-R35),0),0),0) -> 0 | AU35: =_xlfn.XLOOKUP(U35,'Lista Suspensa'!$AA$20:$AA$23,'Lista Suspensa'!$AB$20:$AB$23,"N/A") -> S
A36: Não | B36: 46104 | C36: Transbordo/Navegação | D36: Captado pela Amil/Call Center | E36: 78260828 | F36: SIMONE TAVARES VELOSO | G36: 88387100749 | H36: 24519 | J36: F | K36: RJ | L36: RIO DE JANEIRO | M36: BARRA DA TIJUCA | N36: NÍVEL 750 | O36: 21-996402928 | P36: Equiipe CMDP | Q36: 1. Aceitou o programa | R36: 46167 | T36: Contato Com Sucesso | U36: Ativo | V36: 46118 | W36: 46161 | X36: 46167 | Y36: contato com sucesso em 19/05 | Z36: Agendada | AA36: 12/06/2026 10:40 | AB36: agendada | AC36: pendente | AD36: pendente | AE36: pendente | AF36: pendente | AG36: Ja faz acompanhamento com dr. Dirceu Belize | AH36: pendente | AJ36: Sim | AK36: Sim | AL36: Coluna | AM36: =MONTH(B36)&"/"&YEAR(B36) -> 3/2026 | AN36: =WEEKNUM(B36)-WEEKNUM(EOMONTH(B36,-1)+1)+1 -> 4 | AO36: =MONTH(R36)&"/"&YEAR(R36) -> 5/2026 | AP36: =WEEKNUM(R36)-WEEKNUM(EOMONTH(R36,-1)+1)+1 -> 5 | AQ36: =IF(AU36="S",IF(Q36="1. Aceitou o programa",R36-B36,0),0) -> 63 | AR36: =IF(AU36="S",IF(AND(S36<>"",R36<>""),S36-R36,0),0) -> 0 | AS36: =IF(AU36="S",IF(Q36="1. Aceitou o programa",IF(OR(X36="Não se Aplica",X36=""),IF(OR(W36="Não se Aplica",W36=""),0,W36-V36),AVERAGE(X36-W36,W36-V36)),0),0) -> 24.5 | AT36: =IF(AU36="S",IF(AND(Q36="1. Aceitou o programa",AB36="Realizada"),IFERROR(IF(AA36="",0,AA36-R36),0),0),0) -> 0 | AU36: =_xlfn.XLOOKUP(U36,'Lista Suspensa'!$AA$20:$AA$23,'Lista Suspensa'!$AB$20:$AB$23,"N/A") -> S
A37: Não | B37: 46104 | C37: Transbordo/Navegação | D37: Captado pela Amil/Call Center | E37: 82617897 | F37: PATRICIA RUFINO LOPES | G37: 31657013855 | H37: 29934 | J37: F | K37: SP | L37: SAO PAULO | M37: VILA MARIANA | N37: NÍVEL 750 | O37: 11-983125014 | P37: Equiipe CMDP | Q37: 1. Aceitou o programa | R37: 46167 | T37: Contato Com Sucesso | U37: Ativo | V37: 46118 | W37: 46161 | X37: 46167 | Y37: contato com sucesso em 25/05 | Z37: Agendada | AA37: 12/06/2026 11:00 | AB37: agendada | AC37: pendente | AD37: pendente | AE37: pendente | AF37: pendente | AG37: Hospital da Luz – Cubatão/SP | AH37: pendente | AJ37: Sim | AK37: Sim | AL37: Coluna | AM37: =MONTH(B37)&"/"&YEAR(B37) -> 3/2026 | AN37: =WEEKNUM(B37)-WEEKNUM(EOMONTH(B37,-1)+1)+1 -> 4 | AO37: =MONTH(R37)&"/"&YEAR(R37) -> 5/2026 | AP37: =WEEKNUM(R37)-WEEKNUM(EOMONTH(R37,-1)+1)+1 -> 5 | AQ37: =IF(AU37="S",IF(Q37="1. Aceitou o programa",R37-B37,0),0) -> 63 | AR37: =IF(AU37="S",IF(AND(S37<>"",R37<>""),S37-R37,0),0) -> 0 | AS37: =IF(AU37="S",IF(Q37="1. Aceitou o programa",IF(OR(X37="Não se Aplica",X37=""),IF(OR(W37="Não se Aplica",W37=""),0,W37-V37),AVERAGE(X37-W37,W37-V37)),0),0) -> 24.5 | AT37: =IF(AU37="S",IF(AND(Q37="1. Aceitou o programa",AB37="Realizada"),IFERROR(IF(AA37="",0,AA37-R37),0),0),0) -> 0 | AU37: =_xlfn.XLOOKUP(U37,'Lista Suspensa'!$AA$20:$AA$23,'Lista Suspensa'!$AB$20:$AB$23,"N/A") -> S
A38: Não | B38: 46104 | C38: Transbordo/Navegação | D38: Captado pela Amil/Call Center | E38: 78667967 | F38: ANTONIO FERNANDO LEITE DE SOUZA | G38: 79677568787 | H38: 23175 | J38: M | K38: RJ | L38: RIO DE JANEIRO | M38: CAMPO GRANDE | N38: NÍVEL 380 | O38: 21-997592268 | P38: Equiipe CMDP | Q38: 1. Aceitou o programa | R38: 46167 | T38: Contato Com Sucesso | U38: Ativo | V38: 46118 | W38: 46161 | X38: 46167 | Y38: contato com sucesso em 25/05 | Z38: Agendada | AA38: 12/06/2026 11:20 | AB38: agendada | AC38: pendente | AD38: pendente | AE38: pendente | AF38: pendente | AG38: Amil campo grande | AH38: pendente | AJ38: Sim | AK38: Sim | AL38: Coluna | AM38: =MONTH(B38)&"/"&YEAR(B38) -> 3/2026 | AN38: =WEEKNUM(B38)-WEEKNUM(EOMONTH(B38,-1)+1)+1 -> 4 | AO38: =MONTH(R38)&"/"&YEAR(R38) -> 5/2026 | AP38: =WEEKNUM(R38)-WEEKNUM(EOMONTH(R38,-1)+1)+1 -> 5 | AQ38: =IF(AU38="S",IF(Q38="1. Aceitou o programa",R38-B38,0),0) -> 63 | AR38: =IF(AU38="S",IF(AND(S38<>"",R38<>""),S38-R38,0),0) -> 0 | AS38: =IF(AU38="S",IF(Q38="1. Aceitou o programa",IF(OR(X38="Não se Aplica",X38=""),IF(OR(W38="Não se Aplica",W38=""),0,W38-V38),AVERAGE(X38-W38,W38-V38)),0),0) -> 24.5 | AT38: =IF(AU38="S",IF(AND(Q38="1. Aceitou o programa",AB38="Realizada"),IFERROR(IF(AA38="",0,AA38-R38),0),0),0) -> 0 | AU38: =_xlfn.XLOOKUP(U38,'Lista Suspensa'!$AA$20:$AA$23,'Lista Suspensa'!$AB$20:$AB$23,"N/A") -> S
A39: Não | B39: 46104 | C39: Transbordo/Navegação | D39: Captado pela Amil/Call Center | E39: 79300226 | F39: ELIANE NETTO DO CARMO | G39: 10289192714 | H39: 32269 | J39: F | K39: RJ | L39: RIO DE JANEIRO | M39: CAMPO GRANDE | N39: NÍVEL 60 | O39: 21-987004988 | P39: Equiipe CMDP | Q39: 1. Aceitou o programa | R39: 46167 | T39: Contato Com Sucesso | U39: Ativo | V39: 46118 | W39: 46161 | X39: 46167 | Y39: contato com sucesso em 25/05 | Z39: Agendada | AA39: 12/06/2026 11:40 | AB39: agendada | AC39: pendente | AD39: pendente | AE39: pendente | AF39: pendente | AG39: AMIL Espaço Saúde – Campo Grande/RJ | AH39: pendente | AJ39: Sim | AK39: Sim | AL39: Coluna | AM39: =MONTH(B39)&"/"&YEAR(B39) -> 3/2026 | AN39: =WEEKNUM(B39)-WEEKNUM(EOMONTH(B39,-1)+1)+1 -> 4 | AO39: =MONTH(R39)&"/"&YEAR(R39) -> 5/2026 | AP39: =WEEKNUM(R39)-WEEKNUM(EOMONTH(R39,-1)+1)+1 -> 5 | AQ39: =IF(AU39="S",IF(Q39="1. Aceitou o programa",R39-B39,0),0) -> 63 | AR39: =IF(AU39="S",IF(AND(S39<>"",R39<>""),S39-R39,0),0) -> 0 | AS39: =IF(AU39="S",IF(Q39="1. Aceitou o programa",IF(OR(X39="Não se Aplica",X39=""),IF(OR(W39="Não se Aplica",W39=""),0,W39-V39),AVERAGE(X39-W39,W39-V39)),0),0) -> 24.5 | AT39: =IF(AU39="S",IF(AND(Q39="1. Aceitou o programa",AB39="Realizada"),IFERROR(IF(AA39="",0,AA39-R39),0),0),0) -> 0 | AU39: =_xlfn.XLOOKUP(U39,'Lista Suspensa'!$AA$20:$AA$23,'Lista Suspensa'!$AB$20:$AB$23,"N/A") -> S
A40: Não | B40: 46104 | C40: Transbordo/Navegação | D40: Captado pela Amil/Call Center | E40: 79584258 | F40: MATILDE SANTANA SOARES | G40: 3366481706 | H40: 27413 | J40: F | K40: RJ | L40: RIO DE JANEIRO | M40: CAMPO GRANDE | N40: NÍVEL 40 | O40: 21-964187094 | P40: Equiipe CMDP | Q40: 1. Aceitou o programa | R40: 46167 | T40: Contato Com Sucesso | U40: Ativo | V40: 46118 | W40: 46161 | X40: 46167 | Y40: contato com sucesso em 19/05 | Z40: Agendada | AA40: 12/06/2026 13:00 | AB40: agendada | AC40: pendente | AD40: pendente | AE40: pendente | AF40: pendente | AG40: Campo grande | AH40: pendente | AJ40: Sim | AK40: Sim | AL40: Coluna | AM40: =MONTH(B40)&"/"&YEAR(B40) -> 3/2026 | AN40: =WEEKNUM(B40)-WEEKNUM(EOMONTH(B40,-1)+1)+1 -> 4 | AO40: =MONTH(R40)&"/"&YEAR(R40) -> 5/2026 | AP40: =WEEKNUM(R40)-WEEKNUM(EOMONTH(R40,-1)+1)+1 -> 5 | AQ40: =IF(AU40="S",IF(Q40="1. Aceitou o programa",R40-B40,0),0) -> 63 | AR40: =IF(AU40="S",IF(AND(S40<>"",R40<>""),S40-R40,0),0) -> 0 | AS40: =IF(AU40="S",IF(Q40="1. Aceitou o programa",IF(OR(X40="Não se Aplica",X40=""),IF(OR(W40="Não se Aplica",W40=""),0,W40-V40),AVERAGE(X40-W40,W40-V40)),0),0) -> 24.5 | AT40: =IF(AU40="S",IF(AND(Q40="1. Aceitou o programa",AB40="Realizada"),IFERROR(IF(AA40="",0,AA40-R40),0),0),0) -> 0 | AU40: =_xlfn.XLOOKUP(U40,'Lista Suspensa'!$AA$20:$AA$23,'Lista Suspensa'!$AB$20:$AB$23,"N/A") -> S
A41: Não | B41: 46104 | C41: Transbordo/Navegação | D41: Captado pela Amil/Call Center | E41: 79972122 | F41: SAMARAH FARIA DA SILVA | G41: 21505725755 | H41: 39861 | J41: F | K41: RJ | L41: SAO JOAO DE MERITI | M41: NAO INFORMADO | N41: NÍVEL 60 | O41: 21-974053355 | P41: Equiipe CMDP | Q41: 1. Aceitou o programa | R41: 46167 | T41: Contato Com Sucesso | U41: Ativo | V41: 46118 | W41: 46161 | X41: 46167 | Y41: contato com sucesso em 25/05 | Z41: Agendada | AA41: 12/06/2026 13:20 | AB41: agendada | AC41: pendente | AD41: pendente | AE41: pendente | AF41: pendente | AG41: Amil – Unidade nova Iguaçu | AH41: pendente | AJ41: Sim | AK41: Sim | AL41: Coluna | AM41: =MONTH(B41)&"/"&YEAR(B41) -> 3/2026 | AN41: =WEEKNUM(B41)-WEEKNUM(EOMONTH(B41,-1)+1)+1 -> 4 | AO41: =MONTH(R41)&"/"&YEAR(R41) -> 5/2026 | AP41: =WEEKNUM(R41)-WEEKNUM(EOMONTH(R41,-1)+1)+1 -> 5 | AQ41: =IF(AU41="S",IF(Q41="1. Aceitou o programa",R41-B41,0),0) -> 63 | AR41: =IF(AU41="S",IF(AND(S41<>"",R41<>""),S41-R41,0),0) -> 0 | AS41: =IF(AU41="S",IF(Q41="1. Aceitou o programa",IF(OR(X41="Não se Aplica",X41=""),IF(OR(W41="Não se Aplica",W41=""),0,W41-V41),AVERAGE(X41-W41,W41-V41)),0),0) -> 24.5 | AT41: =IF(AU41="S",IF(AND(Q41="1. Aceitou o programa",AB41="Realizada"),IFERROR(IF(AA41="",0,AA41-R41),0),0),0) -> 0 | AU41: =_xlfn.XLOOKUP(U41,'Lista Suspensa'!$AA$20:$AA$23,'Lista Suspensa'!$AB$20:$AB$23,"N/A") -> S
A42: Não | B42: 46104 | C42: Transbordo/Navegação | D42: Captado pela Amil/Call Center | E42: 80922617 | F42: RECIMEA CELES LOPES | G42: 4469387851 | H42: 20742 | J42: F | K42: SP | L42: GUARULHOS | M42: JARDIM PRESIDENTE DUTRA | N42: NÍVEL 60 | O42: 11-985339112 | P42: Equiipe CMDP | Q42: 1. Aceitou o programa | R42: 46167 | T42: Contato Com Sucesso | U42: Ativo | V42: 46118 | W42: 46161 | X42: 46167 | Y42: contato com sucesso em 19/05 | Z42: Agendada | AA42: 15/06/2026 09:20 | AB42: agendada | AC42: pendente | AD42: pendente | AE42: pendente | AF42: pendente | AG42: amil guarulhos | AH42: pendente | AJ42: Sim | AK42: Sim | AL42: Coluna | AM42: =MONTH(B42)&"/"&YEAR(B42) -> 3/2026 | AN42: =WEEKNUM(B42)-WEEKNUM(EOMONTH(B42,-1)+1)+1 -> 4 | AO42: =MONTH(R42)&"/"&YEAR(R42) -> 5/2026 | AP42: =WEEKNUM(R42)-WEEKNUM(EOMONTH(R42,-1)+1)+1 -> 5 | AQ42: =IF(AU42="S",IF(Q42="1. Aceitou o programa",R42-B42,0),0) -> 63 | AR42: =IF(AU42="S",IF(AND(S42<>"",R42<>""),S42-R42,0),0) -> 0 | AS42: =IF(AU42="S",IF(Q42="1. Aceitou o programa",IF(OR(X42="Não se Aplica",X42=""),IF(OR(W42="Não se Aplica",W42=""),0,W42-V42),AVERAGE(X42-W42,W42-V42)),0),0) -> 24.5 | AT42: =IF(AU42="S",IF(AND(Q42="1. Aceitou o programa",AB42="Realizada"),IFERROR(IF(AA42="",0,AA42-R42),0),0),0) -> 0 | AU42: =_xlfn.XLOOKUP(U42,'Lista Suspensa'!$AA$20:$AA$23,'Lista Suspensa'!$AB$20:$AB$23,"N/A") -> S
A43: Não | B43: 46104 | C43: Transbordo/Navegação | D43: Captado pela Amil/Call Center | E43: 89156553 | F43: DAVID ROCHA JUSTINO | G43: 79028551468 | H43: 26214 | J43: M | K43: SP | L43: TABOAO DA SERRA | M43: PARQUE JACARANDA | N43: NÍVEL 60 | O43: 11-962718125 | P43: Equiipe CMDP | Q43: 1. Aceitou o programa | R43: 46167 | T43: Contato Com Sucesso | U43: Ativo | V43: 46118 | W43: 46161 | X43: 46167 | Y43: contato com sucesso em 25/05 | Z43: Agendada | AA43: 15/06/2026 09:40 | AB43: agendada | AC43: pendente | AD43: pendente | AE43: pendente | AF43: pendente | AG43: informa já ter cosnulta com o seu médico especialista dia 02/06, informa estar fazendo fisioterapia e já ter realizado cirurgia na coluna porem não da detalhes | AH43: pendente | AJ43: Sim | AK43: Sim | AL43: Coluna | AM43: =MONTH(B43)&"/"&YEAR(B43) -> 3/2026 | AN43: =WEEKNUM(B43)-WEEKNUM(EOMONTH(B43,-1)+1)+1 -> 4 | AO43: =MONTH(R43)&"/"&YEAR(R43) -> 5/2026 | AP43: =WEEKNUM(R43)-WEEKNUM(EOMONTH(R43,-1)+1)+1 -> 5 | AQ43: =IF(AU43="S",IF(Q43="1. Aceitou o programa",R43-B43,0),0) -> 63 | AR43: =IF(AU43="S",IF(AND(S43<>"",R43<>""),S43-R43,0),0) -> 0 | AS43: =IF(AU43="S",IF(Q43="1. Aceitou o programa",IF(OR(X43="Não se Aplica",X43=""),IF(OR(W43="Não se Aplica",W43=""),0,W43-V43),AVERAGE(X43-W43,W43-V43)),0),0) -> 24.5 | AT43: =IF(AU43="S",IF(AND(Q43="1. Aceitou o programa",AB43="Realizada"),IFERROR(IF(AA43="",0,AA43-R43),0),0),0) -> 0 | AU43: =_xlfn.XLOOKUP(U43,'Lista Suspensa'!$AA$20:$AA$23,'Lista Suspensa'!$AB$20:$AB$23,"N/A") -> S
A44: Não | B44: 46104 | C44: Transbordo/Navegação | D44: Captado pela Amil/Call Center | E44: 81056433 | F44: ROSELI DIAS FIRMINO SILVA | G44: 18167546845 | H44: 27451 | J44: F | K44: SP | L44: SAO PAULO | M44: ALTO DA MOOCA | N44: NÍVEL 380 | O44: 11-991724347 | P44: Equiipe CMDP | Q44: 1. Aceitou o programa | R44: 46167 | T44: Contato Com Sucesso | U44: Ativo | V44: 46118 | W44: 46161 | X44: 46167 | Y44: contato com sucesso em 19/05 | Z44: Agendada | AA44: 15/06/2026 10:00 | AB44: agendada | AC44: pendente | AD44: pendente | AE44: pendente | AF44: pendente | AG44: Hospital Vitória | AH44: pendente | AJ44: Sim | AK44: Sim | AL44: Coluna | AM44: =MONTH(B44)&"/"&YEAR(B44) -> 3/2026 | AN44: =WEEKNUM(B44)-WEEKNUM(EOMONTH(B44,-1)+1)+1 -> 4 | AO44: =MONTH(R44)&"/"&YEAR(R44) -> 5/2026 | AP44: =WEEKNUM(R44)-WEEKNUM(EOMONTH(R44,-1)+1)+1 -> 5 | AQ44: =IF(AU44="S",IF(Q44="1. Aceitou o programa",R44-B44,0),0) -> 63 | AR44: =IF(AU44="S",IF(AND(S44<>"",R44<>""),S44-R44,0),0) -> 0 | AS44: =IF(AU44="S",IF(Q44="1. Aceitou o programa",IF(OR(X44="Não se Aplica",X44=""),IF(OR(W44="Não se Aplica",W44=""),0,W44-V44),AVERAGE(X44-W44,W44-V44)),0),0) -> 24.5 | AT44: =IF(AU44="S",IF(AND(Q44="1. Aceitou o programa",AB44="Realizada"),IFERROR(IF(AA44="",0,AA44-R44),0),0),0) -> 0 | AU44: =_xlfn.XLOOKUP(U44,'Lista Suspensa'!$AA$20:$AA$23,'Lista Suspensa'!$AB$20:$AB$23,"N/A") -> S
A45: Não | B45: 46104 | C45: Transbordo/Navegação | D45: Captado pela Amil/Call Center | E45: 81158321 | F45: CARLA CRISTINA DOS SANTOS | G45: 10037412744 | H45: 29349 | J45: F | K45: RJ | L45: RIO DE JANEIRO | M45: CAMPO GRANDE | N45: NÍVEL 60 | O45: 21-989247406 | P45: Equiipe CMDP | Q45: 1. Aceitou o programa | R45: 46167 | T45: Contato Com Sucesso | U45: Ativo | V45: 46118 | W45: 46161 | X45: 46167 | Y45: contato com sucesso em 19/05 | Z45: Agendada | AA45: 15/06/2026 10:20 | AB45: agendada | AC45: pendente | AD45: pendente | AE45: pendente | AF45: pendente | AG45: AMIL Espaço Saúde – Campo Grande/RJ | AH45: pendente | AJ45: Sim | AK45: Sim | AL45: Coluna | AM45: =MONTH(B45)&"/"&YEAR(B45) -> 3/2026 | AN45: =WEEKNUM(B45)-WEEKNUM(EOMONTH(B45,-1)+1)+1 -> 4 | AO45: =MONTH(R45)&"/"&YEAR(R45) -> 5/2026 | AP45: =WEEKNUM(R45)-WEEKNUM(EOMONTH(R45,-1)+1)+1 -> 5 | AQ45: =IF(AU45="S",IF(Q45="1. Aceitou o programa",R45-B45,0),0) -> 63 | AR45: =IF(AU45="S",IF(AND(S45<>"",R45<>""),S45-R45,0),0) -> 0 | AS45: =IF(AU45="S",IF(Q45="1. Aceitou o programa",IF(OR(X45="Não se Aplica",X45=""),IF(OR(W45="Não se Aplica",W45=""),0,W45-V45),AVERAGE(X45-W45,W45-V45)),0),0) -> 24.5 | AT45: =IF(AU45="S",IF(AND(Q45="1. Aceitou o programa",AB45="Realizada"),IFERROR(IF(AA45="",0,AA45-R45),0),0),0) -> 0 | AU45: =_xlfn.XLOOKUP(U45,'Lista Suspensa'!$AA$20:$AA$23,'Lista Suspensa'!$AB$20:$AB$23,"N/A") -> S
... A52: Não | B52: 46104 | C52: Transbordo/Navegação | D52: Captado pela Amil/Call Center | E52: 84390161 | F52: CAROLINA BEZERRA ARRAIS | G52: 33246131830 | H52: 30867 | J52: F | K52: SP | L52: GUARULHOS | M52: VILA CARMELA II | N52: NÍVEL 60 | O52: 11-982778285 | P52: Equiipe CMDP | Q52: 1. Aceitou o programa | R52: 46167 | T52: Contato Com Sucesso | U52: Ativo | V52: 46118 | W52: 46161 | X52: 46168 | Y52: contato com sucesso em 19/05 | Z52: Agendada | AA52: 16/06/2026 09:20 | AB52: agendada | AC52: pendente | AD52: pendente | AE52: pendente | AF52: pendente | AG52: guarulhos | AH52: pendente | AJ52: Sim | AK52: Sim | AL52: Coluna | AM52: =MONTH(B52)&"/"&YEAR(B52) -> 3/2026 | AN52: =WEEKNUM(B52)-WEEKNUM(EOMONTH(B52,-1)+1)+1 -> 4 | AO52: =MONTH(R52)&"/"&YEAR(R52) -> 5/2026 | AP52: =WEEKNUM(R52)-WEEKNUM(EOMONTH(R52,-1)+1)+1 -> 5 | AQ52: =IF(AU52="S",IF(Q52="1. Aceitou o programa",R52-B52,0),0) -> 63 | AR52: =IF(AU52="S",IF(AND(S52<>"",R52<>""),S52-R52,0),0) -> 0 | AS52: =IF(AU52="S",IF(Q52="1. Aceitou o programa",IF(OR(X52="Não se Aplica",X52=""),IF(OR(W52="Não se Aplica",W52=""),0,W52-V52),AVERAGE(X52-W52,W52-V52)),0),0) -> 25 | AT52: =IF(AU52="S",IF(AND(Q52="1. Aceitou o programa",AB52="Realizada"),IFERROR(IF(AA52="",0,AA52-R52),0),0),0) -> 0 | AU52: =_xlfn.XLOOKUP(U52,'Lista Suspensa'!$AA$20:$AA$23,'Lista Suspensa'!$AB$20:$AB$23,"N/A") -> S
A53: Não | B53: 46104 | C53: Transbordo/Navegação | D53: Captado pela Amil/Call Center | E53: 82252279 | F53: ARLETE MASSAFERRO GIUSTI | G53: 11130472833 | H53: 21815 | J53: F | K53: SP | L53: SAO PAULO | M53: CAMBUCI | N53: NÍVEL 60 | O53: 11-999043580 | P53: Equiipe CMDP | Q53: 1. Aceitou o programa | R53: 46168 | T53: Contato Com Sucesso | U53: Ativo | V53: 46146 | W53: 46161 | X53: 46168 | Z53: Agendada | AA53: 16/06/2026 09:40 | AB53: agendada | AC53: pendente | AD53: pendente | AE53: pendente | AF53: pendente | AG53: AMIL ESPAÇO SAÚDE - ANA ROSA | AH53: pendente | AJ53: Sim | AK53: Sim | AL53: Coluna | AM53: =MONTH(B53)&"/"&YEAR(B53) -> 3/2026 | AN53: =WEEKNUM(B53)-WEEKNUM(EOMONTH(B53,-1)+1)+1 -> 4 | AO53: =MONTH(R53)&"/"&YEAR(R53) -> 5/2026 | AP53: =WEEKNUM(R53)-WEEKNUM(EOMONTH(R53,-1)+1)+1 -> 5 | AQ53: =IF(AU53="S",IF(Q53="1. Aceitou o programa",R53-B53,0),0) -> 64 | AR53: =IF(AU53="S",IF(AND(S53<>"",R53<>""),S53-R53,0),0) -> 0 | AS53: =IF(AU53="S",IF(Q53="1. Aceitou o programa",IF(OR(X53="Não se Aplica",X53=""),IF(OR(W53="Não se Aplica",W53=""),0,W53-V53),AVERAGE(X53-W53,W53-V53)),0),0) -> 11 | AT53: =IF(AU53="S",IF(AND(Q53="1. Aceitou o programa",AB53="Realizada"),IFERROR(IF(AA53="",0,AA53-R53),0),0),0) -> 0 | AU53: =_xlfn.XLOOKUP(U53,'Lista Suspensa'!$AA$20:$AA$23,'Lista Suspensa'!$AB$20:$AB$23,"N/A") -> S
A54: Não | B54: 46104 | C54: Transbordo/Navegação | D54: Captado pela Amil/Call Center | E54: 82272013 | F54: LUCIO HENRIQUE MAGALHAES DA CUNHA | G54: 69903069715 | H54: 22617 | J54: M | K54: RJ | L54: NITEROI | M54: PIRATININGA | N54: NÍVEL 60 | O54: 24-999058983 | P54: Equiipe CMDP | Q54: 1. Aceitou o programa | R54: 46168 | T54: Contato Com Sucesso | U54: Ativo | V54: 46146 | W54: 46161 | X54: 46168 | Z54: Agendada | AA54: 16/06/2026 10:00 | AB54: agendada | AC54: pendente | AD54: pendente | AE54: pendente | AF54: pendente | AG54: SARE | AH54: pendente | AJ54: Sim | AK54: Sim | AL54: Coluna | AM54: =MONTH(B54)&"/"&YEAR(B54) -> 3/2026 | AN54: =WEEKNUM(B54)-WEEKNUM(EOMONTH(B54,-1)+1)+1 -> 4 | AO54: =MONTH(R54)&"/"&YEAR(R54) -> 5/2026 | AP54: =WEEKNUM(R54)-WEEKNUM(EOMONTH(R54,-1)+1)+1 -> 5 | AQ54: =IF(AU54="S",IF(Q54="1. Aceitou o programa",R54-B54,0),0) -> 64 | AR54: =IF(AU54="S",IF(AND(S54<>"",R54<>""),S54-R54,0),0) -> 0 | AS54: =IF(AU54="S",IF(Q54="1. Aceitou o programa",IF(OR(X54="Não se Aplica",X54=""),IF(OR(W54="Não se Aplica",W54=""),0,W54-V54),AVERAGE(X54-W54,W54-V54)),0),0) -> 11 | AT54: =IF(AU54="S",IF(AND(Q54="1. Aceitou o programa",AB54="Realizada"),IFERROR(IF(AA54="",0,AA54-R54),0),0),0) -> 0 | AU54: =_xlfn.XLOOKUP(U54,'Lista Suspensa'!$AA$20:$AA$23,'Lista Suspensa'!$AB$20:$AB$23,"N/A") -> S
A55: Não | B55: 46104 | C55: Transbordo/Navegação | D55: Captado pela Amil/Call Center | E55: 82458801 | F55: SIMONE CRISTINA SERRAO | G55: 32919989871 | H55: 30819 | J55: F | K55: SP | L55: SAO PAULO | M55: AMERICANOPOLIS | N55: NÍVEL 380 | O55: 11-952322794 | P55: Equiipe CMDP | Q55: 1. Aceitou o programa | R55: 46167 | T55: Contato Com Sucesso | U55: Ativo | V55: 46146 | W55: 46161 | X55: 46168 | Y55: contato com sucesso em 19/05 | Z55: Agendada | AA55: 16/06/2026 10:20 | AB55: agendada | AC55: pendente | AD55: pendente | AE55: pendente | AF55: pendente | AG55: luz cubatão | AH55: pendente | AJ55: Sim | AK55: Sim | AL55: Coluna | AM55: =MONTH(B55)&"/"&YEAR(B55) -> 3/2026 | AN55: =WEEKNUM(B55)-WEEKNUM(EOMONTH(B55,-1)+1)+1 -> 4 | AO55: =MONTH(R55)&"/"&YEAR(R55) -> 5/2026 | AP55: =WEEKNUM(R55)-WEEKNUM(EOMONTH(R55,-1)+1)+1 -> 5 | AQ55: =IF(AU55="S",IF(Q55="1. Aceitou o programa",R55-B55,0),0) -> 63 | AR55: =IF(AU55="S",IF(AND(S55<>"",R55<>""),S55-R55,0),0) -> 0 | AS55: =IF(AU55="S",IF(Q55="1. Aceitou o programa",IF(OR(X55="Não se Aplica",X55=""),IF(OR(W55="Não se Aplica",W55=""),0,W55-V55),AVERAGE(X55-W55,W55-V55)),0),0) -> 11 | AT55: =IF(AU55="S",IF(AND(Q55="1. Aceitou o programa",AB55="Realizada"),IFERROR(IF(AA55="",0,AA55-R55),0),0),0) -> 0 | AU55: =_xlfn.XLOOKUP(U55,'Lista Suspensa'!$AA$20:$AA$23,'Lista Suspensa'!$AB$20:$AB$23,"N/A") -> S
A56: Não | B56: 46104 | C56: Transbordo/Navegação | D56: Captado pela Amil/Call Center | E56: 82597247 | F56: ANA AURINETE MARACAJA RODRIGUES GOES | G56: 31763652840 | H56: 28565 | J56: F | K56: RJ | L56: RIO DE JANEIRO | M56: SANTA CRUZ | N56: NÍVEL 450 | O56: 21-985120159 | P56: Equiipe CMDP | Q56: 1. Aceitou o programa | R56: 46168 | T56: Contato Com Sucesso | U56: Ativo | V56: 46146 | W56: 46161 | X56: 46168 | Z56: Agendada | AA56: 16/06/2026 10:40 | AB56: agendada | AC56: pendente | AD56: pendente | AE56: pendente | AF56: pendente | AG56: AMIL Espaço Saúde – Campo Grande/RJ | AH56: pendente | AJ56: Sim | AK56: Sim | AL56: Coluna | AM56: =MONTH(B56)&"/"&YEAR(B56) -> 3/2026 | AN56: =WEEKNUM(B56)-WEEKNUM(EOMONTH(B56,-1)+1)+1 -> 4 | AO56: =MONTH(R56)&"/"&YEAR(R56) -> 5/2026 | AP56: =WEEKNUM(R56)-WEEKNUM(EOMONTH(R56,-1)+1)+1 -> 5 | AQ56: =IF(AU56="S",IF(Q56="1. Aceitou o programa",R56-B56,0),0) -> 64 | AR56: =IF(AU56="S",IF(AND(S56<>"",R56<>""),S56-R56,0),0) -> 0 | AS56: =IF(AU56="S",IF(Q56="1. Aceitou o programa",IF(OR(X56="Não se Aplica",X56=""),IF(OR(W56="Não se Aplica",W56=""),0,W56-V56),AVERAGE(X56-W56,W56-V56)),0),0) -> 11 | AT56: =IF(AU56="S",IF(AND(Q56="1. Aceitou o programa",AB56="Realizada"),IFERROR(IF(AA56="",0,AA56-R56),0),0),0) -> 0 | AU56: =_xlfn.XLOOKUP(U56,'Lista Suspensa'!$AA$20:$AA$23,'Lista Suspensa'!$AB$20:$AB$23,"N/A") -> S
A57: Não | B57: 46104 | C57: Transbordo/Navegação | D57: Captado pela Amil/Call Center | E57: 85699684 | F57: CRISTIANE FARIAS DA SILVA DA ROSA | G57: 10497520745 | H57: 30470 | J57: F | K57: RJ | L57: RIO DE JANEIRO | M57: SANTA CRUZ | N57: NÍVEL 380 | O57: 21-973364410 | P57: Equiipe CMDP | Q57: 1. Aceitou o programa | R57: 46167 | T57: Contato Com Sucesso | U57: Ativo | V57: 46146 | W57: 46161 | X57: 46168 | Z57: Agendada | AA57: 16/06/2026 11:00 | AB57: agendada | AC57: pendente | AD57: pendente | AE57: pendente | AF57: pendente | AG57: Campo grande | AH57: pendente | AJ57: Sim | AK57: Sim | AL57: Coluna | AM57: =MONTH(B57)&"/"&YEAR(B57) -> 3/2026 | AN57: =WEEKNUM(B57)-WEEKNUM(EOMONTH(B57,-1)+1)+1 -> 4 | AO57: =MONTH(R57)&"/"&YEAR(R57) -> 5/2026 | AP57: =WEEKNUM(R57)-WEEKNUM(EOMONTH(R57,-1)+1)+1 -> 5 | AQ57: =IF(AU57="S",IF(Q57="1. Aceitou o programa",R57-B57,0),0) -> 63 | AR57: =IF(AU57="S",IF(AND(S57<>"",R57<>""),S57-R57,0),0) -> 0 | AS57: =IF(AU57="S",IF(Q57="1. Aceitou o programa",IF(OR(X57="Não se Aplica",X57=""),IF(OR(W57="Não se Aplica",W57=""),0,W57-V57),AVERAGE(X57-W57,W57-V57)),0),0) -> 11 | AT57: =IF(AU57="S",IF(AND(Q57="1. Aceitou o programa",AB57="Realizada"),IFERROR(IF(AA57="",0,AA57-R57),0),0),0) -> 0 | AU57: =_xlfn.XLOOKUP(U57,'Lista Suspensa'!$AA$20:$AA$23,'Lista Suspensa'!$AB$20:$AB$23,"N/A") -> S
A58: Não | B58: 46104 | C58: Transbordo/Navegação | D58: Captado pela Amil/Call Center | E58: 89809022 | F58: ELOISA HELENA BORGES DA MATTA | G58: 5527886780 | H58: 29642 | J58: F | K58: RJ | L58: RIO DE JANEIRO | M58: SENADOR CAMARA | N58: NÍVEL 380 | O58: 21-976901711 | P58: Equiipe CMDP | Q58: 1. Aceitou o programa | R58: 46167 | T58: Contato Com Sucesso | U58: Ativo | V58: 46146 | W58: 46161 | X58: 46168 | Z58: Agendada | AA58: 16/06/2026 11:20 | AB58: agendada | AC58: pendente | AD58: pendente | AE58: pendente | AF58: pendente | AG58: Campo grande | AH58: pendente | AJ58: Sim | AK58: Sim | AL58: Coluna | AM58: =MONTH(B58)&"/"&YEAR(B58) -> 3/2026 | AN58: =WEEKNUM(B58)-WEEKNUM(EOMONTH(B58,-1)+1)+1 -> 4 | AO58: =MONTH(R58)&"/"&YEAR(R58) -> 5/2026 | AP58: =WEEKNUM(R58)-WEEKNUM(EOMONTH(R58,-1)+1)+1 -> 5 | AQ58: =IF(AU58="S",IF(Q58="1. Aceitou o programa",R58-B58,0),0) -> 63 | AR58: =IF(AU58="S",IF(AND(S58<>"",R58<>""),S58-R58,0),0) -> 0 | AS58: =IF(AU58="S",IF(Q58="1. Aceitou o programa",IF(OR(X58="Não se Aplica",X58=""),IF(OR(W58="Não se Aplica",W58=""),0,W58-V58),AVERAGE(X58-W58,W58-V58)),0),0) -> 11 | AT58: =IF(AU58="S",IF(AND(Q58="1. Aceitou o programa",AB58="Realizada"),IFERROR(IF(AA58="",0,AA58-R58),0),0),0) -> 0 | AU58: =_xlfn.XLOOKUP(U58,'Lista Suspensa'!$AA$20:$AA$23,'Lista Suspensa'!$AB$20:$AB$23,"N/A") -> S
A59: Não | B59: 46104 | C59: Transbordo/Navegação | D59: Captado pela Amil/Call Center | E59: 82600598 | F59: VIVIAN SOARES ESTEVES BERNARDO | G59: 3798734780 | H59: 28123 | J59: F | K59: RJ | L59: RIO DE JANEIRO | M59: SANTO CRISTO | N59: NÍVEL 380 | O59: 21-994850282 | P59: Equiipe CMDP | Q59: 1. Aceitou o programa | R59: 46167 | T59: Contato Com Sucesso | U59: Ativo | V59: 46146 | W59: 46161 | X59: 46168 | Z59: Agendada | AA59: 16/06/2026 11:40 | AB59: agendada | AC59: pendente | AD59: pendente | AE59: pendente | AF59: pendente | AG59: Campo grande | AH59: pendente | AJ59: Sim | AK59: Sim | AL59: Coluna | AM59: =MONTH(B59)&"/"&YEAR(B59) -> 3/2026 | AN59: =WEEKNUM(B59)-WEEKNUM(EOMONTH(B59,-1)+1)+1 -> 4 | AO59: =MONTH(R59)&"/"&YEAR(R59) -> 5/2026 | AP59: =WEEKNUM(R59)-WEEKNUM(EOMONTH(R59,-1)+1)+1 -> 5 | AQ59: =IF(AU59="S",IF(Q59="1. Aceitou o programa",R59-B59,0),0) -> 63 | AR59: =IF(AU59="S",IF(AND(S59<>"",R59<>""),S59-R59,0),0) -> 0 | AS59: =IF(AU59="S",IF(Q59="1. Aceitou o programa",IF(OR(X59="Não se Aplica",X59=""),IF(OR(W59="Não se Aplica",W59=""),0,W59-V59),AVERAGE(X59-W59,W59-V59)),0),0) -> 11 | AT59: =IF(AU59="S",IF(AND(Q59="1. Aceitou o programa",AB59="Realizada"),IFERROR(IF(AA59="",0,AA59-R59),0),0),0) -> 0 | AU59: =_xlfn.XLOOKUP(U59,'Lista Suspensa'!$AA$20:$AA$23,'Lista Suspensa'!$AB$20:$AB$23,"N/A") -> S
A60: Não | B60: 46104 | C60: Transbordo/Navegação | D60: Captado pela Amil/Call Center | E60: 82756638 | F60: DALVA GALVAO REIS | G60: 68629826720 | H60: 20247 | J60: F | K60: RJ | L60: NOVA IGUAÇU | M60: RODILANDIA | N60: NÍVEL 40 | O60: 21-971450021 | P60: Equiipe CMDP | Q60: 1. Aceitou o programa | R60: 46168 | T60: Contato Com Sucesso | U60: Ativo | V60: 46146 | W60: 46161 | X60: 46168 | Z60: Agendada | AA60: 16/06/2026 13:00 | AB60: agendada | AC60: pendente | AD60: pendente | AE60: pendente | AF60: pendente | AG60: Centro Medico Dom Pedro | AH60: pendente | AJ60: Sim | AK60: Sim | AL60: Coluna | AM60: =MONTH(B60)&"/"&YEAR(B60) -> 3/2026 | AN60: =WEEKNUM(B60)-WEEKNUM(EOMONTH(B60,-1)+1)+1 -> 4 | AO60: =MONTH(R60)&"/"&YEAR(R60) -> 5/2026 | AP60: =WEEKNUM(R60)-WEEKNUM(EOMONTH(R60,-1)+1)+1 -> 5 | AQ60: =IF(AU60="S",IF(Q60="1. Aceitou o programa",R60-B60,0),0) -> 64 | AR60: =IF(AU60="S",IF(AND(S60<>"",R60<>""),S60-R60,0),0) -> 0 | AS60: =IF(AU60="S",IF(Q60="1. Aceitou o programa",IF(OR(X60="Não se Aplica",X60=""),IF(OR(W60="Não se Aplica",W60=""),0,W60-V60),AVERAGE(X60-W60,W60-V60)),0),0) -> 11 | AT60: =IF(AU60="S",IF(AND(Q60="1. Aceitou o programa",AB60="Realizada"),IFERROR(IF(AA60="",0,AA60-R60),0),0),0) -> 0 | AU60: =_xlfn.XLOOKUP(U60,'Lista Suspensa'!$AA$20:$AA$23,'Lista Suspensa'!$AB$20:$AB$23,"N/A") -> S
A61: Não | B61: 46104 | C61: Transbordo/Navegação | D61: Captado pela Amil/Call Center | E61: 82822808 | F61: EDIJANEIDE CAVALCANTE DE MELO | G61: 28090320848 | H61: 28151 | J61: F | K61: SP | L61: SAO PAULO | M61: JARDIM NOVO TABOAO | N61: NÍVEL 60 | O61: 11-986809725 | P61: Equiipe CMDP | Q61: 1. Aceitou o programa | R61: 46168 | T61: Contato Com Sucesso | U61: Ativo | V61: 46147 | W61: 46161 | X61: 46168 | Z61: Agendada | AA61: 16/06/2026 13:20 | AB61: agendada | AC61: pendente | AD61: pendente | AE61: pendente | AF61: pendente | AG61: AMIL - UD CUBATAO SP - HOSPITAL DA LUZ | AH61: pendente | AJ61: Sim | AK61: Sim | AL61: Coluna | AM61: =MONTH(B61)&"/"&YEAR(B61) -> 3/2026 | AN61: =WEEKNUM(B61)-WEEKNUM(EOMONTH(B61,-1)+1)+1 -> 4 | AO61: =MONTH(R61)&"/"&YEAR(R61) -> 5/2026 | AP61: =WEEKNUM(R61)-WEEKNUM(EOMONTH(R61,-1)+1)+1 -> 5 | AQ61: =IF(AU61="S",IF(Q61="1. Aceitou o programa",R61-B61,0),0) -> 64 | AR61: =IF(AU61="S",IF(AND(S61<>"",R61<>""),S61-R61,0),0) -> 0 | AS61: =IF(AU61="S",IF(Q61="1. Aceitou o programa",IF(OR(X61="Não se Aplica",X61=""),IF(OR(W61="Não se Aplica",W61=""),0,W61-V61),AVERAGE(X61-W61,W61-V61)),0),0) -> 10.5 | AT61: =IF(AU61="S",IF(AND(Q61="1. Aceitou o programa",AB61="Realizada"),IFERROR(IF(AA61="",0,AA61-R61),0),0),0) -> 0 | AU61: =_xlfn.XLOOKUP(U61,'Lista Suspensa'!$AA$20:$AA$23,'Lista Suspensa'!$AB$20:$AB$23,"N/A") -> S
A62: Não | B62: 46104 | C62: Transbordo/Navegação | D62: Captado pela Amil/Call Center | E62: 83337563 | F62: PATRICIA RODRIGUES PINTO | G62: 1076351786 | H62: 26216 | J62: F | K62: RJ | L62: RIO DE JANEIRO | M62: SAO CRISTOVAO | N62: NÍVEL 450 | O62: 21-964775696 | P62: Equiipe CMDP | Q62: 1. Aceitou o programa | R62: 46168 | T62: Contato Com Sucesso | U62: Ativo | V62: 46147 | W62: 46161 | X62: 46168 | Z62: Agendada | AA62: 17/06/2026 09:20 | AB62: agendada | AC62: pendente | AD62: pendente | AE62: pendente | AF62: pendente | AG62: Tijuca | AH62: pendente | AJ62: Sim | AK62: Sim | AL62: Coluna | AM62: =MONTH(B62)&"/"&YEAR(B62) -> 3/2026 | AN62: =WEEKNUM(B62)-WEEKNUM(EOMONTH(B62,-1)+1)+1 -> 4 | AO62: =MONTH(R62)&"/"&YEAR(R62) -> 5/2026 | AP62: =WEEKNUM(R62)-WEEKNUM(EOMONTH(R62,-1)+1)+1 -> 5 | AQ62: =IF(AU62="S",IF(Q62="1. Aceitou o programa",R62-B62,0),0) -> 64 | AR62: =IF(AU62="S",IF(AND(S62<>"",R62<>""),S62-R62,0),0) -> 0 | AS62: =IF(AU62="S",IF(Q62="1. Aceitou o programa",IF(OR(X62="Não se Aplica",X62=""),IF(OR(W62="Não se Aplica",W62=""),0,W62-V62),AVERAGE(X62-W62,W62-V62)),0),0) -> 10.5 | AT62: =IF(AU62="S",IF(AND(Q62="1. Aceitou o programa",AB62="Realizada"),IFERROR(IF(AA62="",0,AA62-R62),0),0),0) -> 0 | AU62: =_xlfn.XLOOKUP(U62,'Lista Suspensa'!$AA$20:$AA$23,'Lista Suspensa'!$AB$20:$AB$23,"N/A") -> S
A63: Não | B63: 46104 | C63: Transbordo/Navegação | D63: Captado pela Amil/Call Center | E63: 83201140 | F63: FATEN EL MASRI | G63: 89045831104 | H63: 29328 | J63: F | K63: SP | L63: GUARULHOS | M63: VILA GALVAO | N63: NÍVEL 40 | O63: 11-983483188 | P63: Equiipe CMDP | Q63: 1. Aceitou o programa | R63: 46168 | T63: Contato Com Sucesso | U63: Ativo | V63: 46147 | W63: 46161 | X63: 46168 | Z63: Agendada | AA63: 17/06/2026 09:40 | AB63: agendada | AC63: pendente | AD63: pendente | AE63: pendente | AF63: pendente | AG63: AMIL Espaço Saúde – Guarulhos/SP | AH63: pendente | AJ63: Sim | AK63: Sim | AL63: Coluna | AM63: =MONTH(B63)&"/"&YEAR(B63) -> 3/2026 | AN63: =WEEKNUM(B63)-WEEKNUM(EOMONTH(B63,-1)+1)+1 -> 4 | AO63: =MONTH(R63)&"/"&YEAR(R63) -> 5/2026 | AP63: =WEEKNUM(R63)-WEEKNUM(EOMONTH(R63,-1)+1)+1 -> 5 | AQ63: =IF(AU63="S",IF(Q63="1. Aceitou o programa",R63-B63,0),0) -> 64 | AR63: =IF(AU63="S",IF(AND(S63<>"",R63<>""),S63-R63,0),0) -> 0 | AS63: =IF(AU63="S",IF(Q63="1. Aceitou o programa",IF(OR(X63="Não se Aplica",X63=""),IF(OR(W63="Não se Aplica",W63=""),0,W63-V63),AVERAGE(X63-W63,W63-V63)),0),0) -> 10.5 | AT63: =IF(AU63="S",IF(AND(Q63="1. Aceitou o programa",AB63="Realizada"),IFERROR(IF(AA63="",0,AA63-R63),0),0),0) -> 0 | AU63: =_xlfn.XLOOKUP(U63,'Lista Suspensa'!$AA$20:$AA$23,'Lista Suspensa'!$AB$20:$AB$23,"N/A") -> S
A64: Não | B64: 46104 | C64: Transbordo/Navegação | D64: Captado pela Amil/Call Center | E64: 83393838 | F64: JOSE APARECIDO DE SOUSA LUCIANO | G64: 5745537620 | H64: 30084 | J64: M | K64: SP | L64: SAO PAULO | M64: PARQUE SANTO ANTONIO | N64: NÍVEL 40 | O64: 11-986520286 | P64: Equiipe CMDP | Q64: 1. Aceitou o programa | R64: 46168 | T64: Contato Com Sucesso | U64: Ativo | V64: 46147 | W64: 46161 | X64: 46168 | Z64: Agendada | AA64: 17/06/2026 10:00 | AB64: agendada | AC64: pendente | AD64: pendente | AE64: pendente | AF64: pendente | AG64: cubatão | AH64: pendente | AJ64: Sim | AK64: Sim | AL64: Coluna | AM64: =MONTH(B64)&"/"&YEAR(B64) -> 3/2026 | AN64: =WEEKNUM(B64)-WEEKNUM(EOMONTH(B64,-1)+1)+1 -> 4 | AO64: =MONTH(R64)&"/"&YEAR(R64) -> 5/2026 | AP64: =WEEKNUM(R64)-WEEKNUM(EOMONTH(R64,-1)+1)+1 -> 5 | AQ64: =IF(AU64="S",IF(Q64="1. Aceitou o programa",R64-B64,0),0) -> 64 | AR64: =IF(AU64="S",IF(AND(S64<>"",R64<>""),S64-R64,0),0) -> 0 | AS64: =IF(AU64="S",IF(Q64="1. Aceitou o programa",IF(OR(X64="Não se Aplica",X64=""),IF(OR(W64="Não se Aplica",W64=""),0,W64-V64),AVERAGE(X64-W64,W64-V64)),0),0) -> 10.5 | AT64: =IF(AU64="S",IF(AND(Q64="1. Aceitou o programa",AB64="Realizada"),IFERROR(IF(AA64="",0,AA64-R64),0),0),0) -> 0 | AU64: =_xlfn.XLOOKUP(U64,'Lista Suspensa'!$AA$20:$AA$23,'Lista Suspensa'!$AB$20:$AB$23,"N/A") -> S
A65: Não | B65: 46104 | C65: Transbordo/Navegação | D65: Captado pela Amil/Call Center | E65: 83595313 | F65: FRANCISCO ALBERTO QUITERIO AFONSO | G65: 8315946838 | H65: 25287 | J65: M | K65: SP | L65: SAO PAULO | M65: CHACARA MAFALDA | N65: NÍVEL 60 | O65: 11-943559966 | P65: Equiipe CMDP | Q65: 1. Aceitou o programa | R65: 46167 | T65: Contato Com Sucesso | U65: Ativo | V65: 46147 | W65: 46161 | X65: 46168 | Y65: contato com sucesso em 19/05 | Z65: Agendada | AA65: 17/06/2026 10:20 | AB65: agendada | AC65: pendente | AD65: pendente | AE65: pendente | AF65: pendente | AG65: luz cubatão | AH65: pendente | AJ65: Sim | AK65: Sim | AL65: Coluna | AM65: =MONTH(B65)&"/"&YEAR(B65) -> 3/2026 | AN65: =WEEKNUM(B65)-WEEKNUM(EOMONTH(B65,-1)+1)+1 -> 4 | AO65: =MONTH(R65)&"/"&YEAR(R65) -> 5/2026 | AP65: =WEEKNUM(R65)-WEEKNUM(EOMONTH(R65,-1)+1)+1 -> 5 | AQ65: =IF(AU65="S",IF(Q65="1. Aceitou o programa",R65-B65,0),0) -> 63 | AR65: =IF(AU65="S",IF(AND(S65<>"",R65<>""),S65-R65,0),0) -> 0 | AS65: =IF(AU65="S",IF(Q65="1. Aceitou o programa",IF(OR(X65="Não se Aplica",X65=""),IF(OR(W65="Não se Aplica",W65=""),0,W65-V65),AVERAGE(X65-W65,W65-V65)),0),0) -> 10.5 | AT65: =IF(AU65="S",IF(AND(Q65="1. Aceitou o programa",AB65="Realizada"),IFERROR(IF(AA65="",0,AA65-R65),0),0),0) -> 0 | AU65: =_xlfn.XLOOKUP(U65,'Lista Suspensa'!$AA$20:$AA$23,'Lista Suspensa'!$AB$20:$AB$23,"N/A") -> S
A66: Não | B66: 46104 | C66: Transbordo/Navegação | D66: Captado pela Amil/Call Center | E66: 89410777 | F66: VALDIR APARECIDO VIANA | G66: 9463998837 | H66: 24734 | J66: M | K66: SP | L66: MAUA | M66: JARDIM CAMILA | N66: NÍVEL 60 | O66: 11-940708512 | P66: Equiipe CMDP | Q66: 1. Aceitou o programa | R66: 46168 | T66: Contato Com Sucesso | U66: Ativo | V66: 46147 | W66: 46161 | X66: 46168 | Z66: Agendada | AA66: 17/06/2026 10:40 | AB66: agendada | AC66: pendente | AD66: pendente | AE66: pendente | AF66: pendente | AG66: Unidade avançada Vitória | AH66: pendente | AJ66: Sim | AK66: Sim | AL66: Coluna | AM66: =MONTH(B66)&"/"&YEAR(B66) -> 3/2026 | AN66: =WEEKNUM(B66)-WEEKNUM(EOMONTH(B66,-1)+1)+1 -> 4 | AO66: =MONTH(R66)&"/"&YEAR(R66) -> 5/2026 | AP66: =WEEKNUM(R66)-WEEKNUM(EOMONTH(R66,-1)+1)+1 -> 5 | AQ66: =IF(AU66="S",IF(Q66="1. Aceitou o programa",R66-B66,0),0) -> 64 | AR66: =IF(AU66="S",IF(AND(S66<>"",R66<>""),S66-R66,0),0) -> 0 | AS66: =IF(AU66="S",IF(Q66="1. Aceitou o programa",IF(OR(X66="Não se Aplica",X66=""),IF(OR(W66="Não se Aplica",W66=""),0,W66-V66),AVERAGE(X66-W66,W66-V66)),0),0) -> 10.5 | AT66: =IF(AU66="S",IF(AND(Q66="1. Aceitou o programa",AB66="Realizada"),IFERROR(IF(AA66="",0,AA66-R66),0),0),0) -> 0 | AU66: =_xlfn.XLOOKUP(U66,'Lista Suspensa'!$AA$20:$AA$23,'Lista Suspensa'!$AB$20:$AB$23,"N/A") -> S
A67: Não | B67: 46104 | C67: Transbordo/Navegação | D67: Captado pela Amil/Call Center | E67: 84008808 | F67: ELIANE MARTA DE ALMEIDA | G67: 9220938731 | H67: 29609 | J67: F | K67: RJ | L67: NOVA IGUAÇU | M67: PARAISO | N67: NÍVEL 40 | O67: 21-987844437 | P67: Equiipe CMDP | Q67: 1. Aceitou o programa | R67: 46168 | T67: Contato Com Sucesso | U67: Ativo | V67: 46147 | W67: 46161 | X67: 46168 | Z67: Agendada | AA67: 17/06/2026 11:00 | AB67: agendada | AC67: pendente | AD67: pendente | AE67: pendente | AF67: pendente | AG67: AMIL ESPAÇO SAÚDE - TIJUCA | AH67: pendente | AJ67: Sim | AK67: Sim | AL67: Coluna | AM67: =MONTH(B67)&"/"&YEAR(B67) -> 3/2026 | AN67: =WEEKNUM(B67)-WEEKNUM(EOMONTH(B67,-1)+1)+1 -> 4 | AO67: =MONTH(R67)&"/"&YEAR(R67) -> 5/2026 | AP67: =WEEKNUM(R67)-WEEKNUM(EOMONTH(R67,-1)+1)+1 -> 5 | AQ67: =IF(AU67="S",IF(Q67="1. Aceitou o programa",R67-B67,0),0) -> 64 | AR67: =IF(AU67="S",IF(AND(S67<>"",R67<>""),S67-R67,0),0) -> 0 | AS67: =IF(AU67="S",IF(Q67="1. Aceitou o programa",IF(OR(X67="Não se Aplica",X67=""),IF(OR(W67="Não se Aplica",W67=""),0,W67-V67),AVERAGE(X67-W67,W67-V67)),0),0) -> 10.5 | AT67: =IF(AU67="S",IF(AND(Q67="1. Aceitou o programa",AB67="Realizada"),IFERROR(IF(AA67="",0,AA67-R67),0),0),0) -> 0 | AU67: =_xlfn.XLOOKUP(U67,'Lista Suspensa'!$AA$20:$AA$23,'Lista Suspensa'!$AB$20:$AB$23,"N/A") -> S
A68: Não | B68: 46104 | C68: Transbordo/Navegação | D68: Captado pela Amil/Call Center | E68: 89909253 | F68: LUIZ FLAVIO SILVEIRA DE MAGALHAES | G68: 400766795 | H68: 24320 | J68: M | K68: RJ | L68: RIO DE JANEIRO | M68: SANTO CRISTO | N68: NÍVEL 120 | O68: 21-986593369 | P68: Equiipe CMDP | Q68: 1. Aceitou o programa | R68: 46167 | T68: Contato Com Sucesso | U68: Ativo | V68: 46147 | W68: 46161 | X68: 46168 | Z68: Agendada | AA68: 17/06/2026 11:20 | AB68: agendada | AC68: pendente | AD68: pendente | AE68: pendente | AF68: pendente | AG68: Tijuca | AH68: pendente | AJ68: Sim | AK68: Sim | AL68: Coluna | AM68: =MONTH(B68)&"/"&YEAR(B68) -> 3/2026 | AN68: =WEEKNUM(B68)-WEEKNUM(EOMONTH(B68,-1)+1)+1 -> 4 | AO68: =MONTH(R68)&"/"&YEAR(R68) -> 5/2026 | AP68: =WEEKNUM(R68)-WEEKNUM(EOMONTH(R68,-1)+1)+1 -> 5 | AQ68: =IF(AU68="S",IF(Q68="1. Aceitou o programa",R68-B68,0),0) -> 63 | AR68: =IF(AU68="S",IF(AND(S68<>"",R68<>""),S68-R68,0),0) -> 0 | AS68: =IF(AU68="S",IF(Q68="1. Aceitou o programa",IF(OR(X68="Não se Aplica",X68=""),IF(OR(W68="Não se Aplica",W68=""),0,W68-V68),AVERAGE(X68-W68,W68-V68)),0),0) -> 10.5 | AT68: =IF(AU68="S",IF(AND(Q68="1. Aceitou o programa",AB68="Realizada"),IFERROR(IF(AA68="",0,AA68-R68),0),0),0) -> 0 | AU68: =_xlfn.XLOOKUP(U68,'Lista Suspensa'!$AA$20:$AA$23,'Lista Suspensa'!$AB$20:$AB$23,"N/A") -> S
A69: Não | B69: 46104 | C69: Transbordo/Navegação | D69: Captado pela Amil/Call Center | E69: 92986769 | F69: ALEX SANDRO SENA DE SOUSA | G69: 4706622719 | H69: 27741 | J69: M | K69: RJ | L69: NITEROI | M69: CENTRO | N69: NÍVEL 120 | O69: 21-980987207 | P69: Equiipe CMDP | Q69: 1. Aceitou o programa | R69: 46167 | T69: Contato Com Sucesso | U69: Ativo | V69: 46147 | W69: 46161 | X69: 46168 | Z69: Agendada | AA69: 17/06/2026 11:40 | AB69: agendada | AC69: pendente | AD69: pendente | AE69: pendente | AF69: pendente | AG69: Unidade de Niterói | AH69: pendente | AJ69: Sim | AK69: Sim | AL69: Coluna | AM69: =MONTH(B69)&"/"&YEAR(B69) -> 3/2026 | AN69: =WEEKNUM(B69)-WEEKNUM(EOMONTH(B69,-1)+1)+1 -> 4 | AO69: =MONTH(R69)&"/"&YEAR(R69) -> 5/2026 | AP69: =WEEKNUM(R69)-WEEKNUM(EOMONTH(R69,-1)+1)+1 -> 5 | AQ69: =IF(AU69="S",IF(Q69="1. Aceitou o programa",R69-B69,0),0) -> 63 | AR69: =IF(AU69="S",IF(AND(S69<>"",R69<>""),S69-R69,0),0) -> 0 | AS69: =IF(AU69="S",IF(Q69="1. Aceitou o programa",IF(OR(X69="Não se Aplica",X69=""),IF(OR(W69="Não se Aplica",W69=""),0,W69-V69),AVERAGE(X69-W69,W69-V69)),0),0) -> 10.5 | AT69: =IF(AU69="S",IF(AND(Q69="1. Aceitou o programa",AB69="Realizada"),IFERROR(IF(AA69="",0,AA69-R69),0),0),0) -> 0 | AU69: =_xlfn.XLOOKUP(U69,'Lista Suspensa'!$AA$20:$AA$23,'Lista Suspensa'!$AB$20:$AB$23,"N/A") -> S
A70: Não | B70: 46104 | C70: Transbordo/Navegação | D70: Captado pela Amil/Call Center | E70: 93115972 | F70: CIDA BORGES PEREIRA | G70: 3610647728 | H70: 26885 | J70: F | K70: RJ | L70: MESQUITA | M70: JACUTINGA | N70: NÍVEL 120 | O70: 21-980284110 | P70: Equiipe CMDP | Q70: 1. Aceitou o programa | R70: 46168 | T70: Contato Com Sucesso | U70: Ativo | V70: 46147 | W70: 46161 | X70: 46168 | Z70: Agendada | AA70: 17/06/2026 13:00 | AB70: agendada | AC70: pendente | AD70: pendente | AE70: pendente | AF70: pendente | AG70: AMIL ESPAÇO SAÚDE - NOVA IGUAÇU | AH70: pendente | AJ70: Sim | AK70: Sim | AL70: Coluna | AM70: =MONTH(B70)&"/"&YEAR(B70) -> 3/2026 | AN70: =WEEKNUM(B70)-WEEKNUM(EOMONTH(B70,-1)+1)+1 -> 4 | AO70: =MONTH(R70)&"/"&YEAR(R70) -> 5/2026 | AP70: =WEEKNUM(R70)-WEEKNUM(EOMONTH(R70,-1)+1)+1 -> 5 | AQ70: =IF(AU70="S",IF(Q70="1. Aceitou o programa",R70-B70,0),0) -> 64 | AR70: =IF(AU70="S",IF(AND(S70<>"",R70<>""),S70-R70,0),0) -> 0 | AS70: =IF(AU70="S",IF(Q70="1. Aceitou o programa",IF(OR(X70="Não se Aplica",X70=""),IF(OR(W70="Não se Aplica",W70=""),0,W70-V70),AVERAGE(X70-W70,W70-V70)),0),0) -> 10.5 | AT70: =IF(AU70="S",IF(AND(Q70="1. Aceitou o programa",AB70="Realizada"),IFERROR(IF(AA70="",0,AA70-R70),0),0),0) -> 0 | AU70: =_xlfn.XLOOKUP(U70,'Lista Suspensa'!$AA$20:$AA$23,'Lista Suspensa'!$AB$20:$AB$23,"N/A") -> S
A71: Não | B71: 46104 | C71: Transbordo/Navegação | D71: Captado pela Amil/Call Center | E71: 93461400 | F71: FERNANDA ARAUJO LOPES | G71: 14895063739 | H71: 34610 | J71: F | K71: RJ | L71: RIO DE JANEIRO | M71: RAMOS | N71: NÍVEL 75 | O71: 21-971734711 | P71: Equiipe CMDP | Q71: 1. Aceitou o programa | R71: 46168 | T71: Contato Com Sucesso | U71: Ativo | V71: 46147 | W71: 46161 | X71: 46168 | Y71: contato com sucesso em 19/05 | Z71: Agendada | AA71: 17/06/2026 13:20 | AB71: agendada | AC71: pendente | AD71: pendente | AE71: pendente | AF71: pendente | AG71: Tijuca | AH71: pendente | AJ71: Sim | AK71: Sim | AL71: Coluna | AM71: =MONTH(B71)&"/"&YEAR(B71) -> 3/2026 | AN71: =WEEKNUM(B71)-WEEKNUM(EOMONTH(B71,-1)+1)+1 -> 4 | AO71: =MONTH(R71)&"/"&YEAR(R71) -> 5/2026 | AP71: =WEEKNUM(R71)-WEEKNUM(EOMONTH(R71,-1)+1)+1 -> 5 | AQ71: =IF(AU71="S",IF(Q71="1. Aceitou o programa",R71-B71,0),0) -> 64 | AR71: =IF(AU71="S",IF(AND(S71<>"",R71<>""),S71-R71,0),0) -> 0 | AS71: =IF(AU71="S",IF(Q71="1. Aceitou o programa",IF(OR(X71="Não se Aplica",X71=""),IF(OR(W71="Não se Aplica",W71=""),0,W71-V71),AVERAGE(X71-W71,W71-V71)),0),0) -> 10.5 | AT71: =IF(AU71="S",IF(AND(Q71="1. Aceitou o programa",AB71="Realizada"),IFERROR(IF(AA71="",0,AA71-R71),0),0),0) -> 0 | AU71: =_xlfn.XLOOKUP(U71,'Lista Suspensa'!$AA$20:$AA$23,'Lista Suspensa'!$AB$20:$AB$23,"N/A") -> S
A72: Não | B72: 46104 | C72: Transbordo/Navegação | D72: Captado pela Amil/Call Center | E72: 93733038 | F72: ISABELLE CRISTINY DE ARAUJO INACIO | G72: 15515510712 | H72: 35201 | J72: F | K72: RJ | L72: DUQUE DE CAXIAS | M72: VILA SARAPUI | N72: NÍVEL 120 | O72: 21-981490888 | P72: Equiipe CMDP | Q72: 1. Aceitou o programa | R72: 46168 | T72: Contato Com Sucesso | U72: Ativo | V72: 46147 | W72: 46161 | X72: 46168 | Z72: Agendada | AA72: 18/06/2026 09:20 | AB72: agendada | AC72: pendente | AD72: pendente | AE72: pendente | AF72: pendente | AG72: Hospital das Américas / AMIL Espaço Saúde – Tijuca/RJ | AH72: pendente | AJ72: Sim | AK72: Sim | AL72: Coluna | AM72: =MONTH(B72)&"/"&YEAR(B72) -> 3/2026 | AN72: =WEEKNUM(B72)-WEEKNUM(EOMONTH(B72,-1)+1)+1 -> 4 | AO72: =MONTH(R72)&"/"&YEAR(R72) -> 5/2026 | AP72: =WEEKNUM(R72)-WEEKNUM(EOMONTH(R72,-1)+1)+1 -> 5 | AQ72: =IF(AU72="S",IF(Q72="1. Aceitou o programa",R72-B72,0),0) -> 64 | AR72: =IF(AU72="S",IF(AND(S72<>"",R72<>""),S72-R72,0),0) -> 0 | AS72: =IF(AU72="S",IF(Q72="1. Aceitou o programa",IF(OR(X72="Não se Aplica",X72=""),IF(OR(W72="Não se Aplica",W72=""),0,W72-V72),AVERAGE(X72-W72,W72-V72)),0),0) -> 10.5 | AT72: =IF(AU72="S",IF(AND(Q72="1. Aceitou o programa",AB72="Realizada"),IFERROR(IF(AA72="",0,AA72-R72),0),0),0) -> 0 | AU72: =_xlfn.XLOOKUP(U72,'Lista Suspensa'!$AA$20:$AA$23,'Lista Suspensa'!$AB$20:$AB$23,"N/A") -> S
A73: Não | B73: 46104 | C73: Transbordo/Navegação | D73: Captado pela Amil/Call Center | E73: 95852121 | F73: JANAINA DOS SANTOS | G73: 28979043805 | H73: 28571 | J73: F | K73: SP | L73: GUARULHOS | M73: JARDIM TESTAE | N73: NÍVEL 110 | O73: 11-959909728 | P73: Equiipe CMDP | Q73: 1. Aceitou o programa | R73: 46167 | T73: Contato Com Sucesso | U73: Ativo | V73: 46147 | W73: 46161 | X73: 46168 | Z73: Agendada | AA73: 18/06/2026 09:40 | AB73: agendada | AC73: pendente | AD73: pendente | AE73: pendente | AF73: pendente | AG73: Amil Guarulhos. | AH73: pendente | AJ73: Sim | AK73: Sim | AL73: Coluna | AM73: =MONTH(B73)&"/"&YEAR(B73) -> 3/2026 | AN73: =WEEKNUM(B73)-WEEKNUM(EOMONTH(B73,-1)+1)+1 -> 4 | AO73: =MONTH(R73)&"/"&YEAR(R73) -> 5/2026 | AP73: =WEEKNUM(R73)-WEEKNUM(EOMONTH(R73,-1)+1)+1 -> 5 | AQ73: =IF(AU73="S",IF(Q73="1. Aceitou o programa",R73-B73,0),0) -> 63 | AR73: =IF(AU73="S",IF(AND(S73<>"",R73<>""),S73-R73,0),0) -> 0 | AS73: =IF(AU73="S",IF(Q73="1. Aceitou o programa",IF(OR(X73="Não se Aplica",X73=""),IF(OR(W73="Não se Aplica",W73=""),0,W73-V73),AVERAGE(X73-W73,W73-V73)),0),0) -> 10.5 | AT73: =IF(AU73="S",IF(AND(Q73="1. Aceitou o programa",AB73="Realizada"),IFERROR(IF(AA73="",0,AA73-R73),0),0),0) -> 0 | AU73: =_xlfn.XLOOKUP(U73,'Lista Suspensa'!$AA$20:$AA$23,'Lista Suspensa'!$AB$20:$AB$23,"N/A") -> S
A74: Não | B74: 46104 | C74: Transbordo/Navegação | D74: Captado pela Amil/Call Center | E74: 94486674 | F74: KATY URBIETA | G74: 38614824874 | H74: 33781 | J74: F | K74: SP | L74: GUARULHOS | M74: NAO INFORMADO | N74: NÍVEL 110 | O74: 11-932729371 | P74: Equiipe CMDP | Q74: 1. Aceitou o programa | R74: 46167 | T74: Contato Com Sucesso | U74: Ativo | V74: 46156 | W74: 46167 | X74: 46168 | Y74: contato com sucesso 14/05 | Z74: Agendada | AA74: 18/06/2026 10:00 | AB74: agendada | AC74: pendente | AD74: pendente | AE74: pendente | AF74: pendente | AG74: luz cubatão | AH74: pendente | AJ74: Sim | AK74: Sim | AL74: Coluna | AM74: =MONTH(B74)&"/"&YEAR(B74) -> 3/2026 | AN74: =WEEKNUM(B74)-WEEKNUM(EOMONTH(B74,-1)+1)+1 -> 4 | AO74: =MONTH(R74)&"/"&YEAR(R74) -> 5/2026 | AP74: =WEEKNUM(R74)-WEEKNUM(EOMONTH(R74,-1)+1)+1 -> 5 | AQ74: =IF(AU74="S",IF(Q74="1. Aceitou o programa",R74-B74,0),0) -> 63 | AR74: =IF(AU74="S",IF(AND(S74<>"",R74<>""),S74-R74,0),0) -> 0 | AS74: =IF(AU74="S",IF(Q74="1. Aceitou o programa",IF(OR(X74="Não se Aplica",X74=""),IF(OR(W74="Não se Aplica",W74=""),0,W74-V74),AVERAGE(X74-W74,W74-V74)),0),0) -> 6 | AT74: =IF(AU74="S",IF(AND(Q74="1. Aceitou o programa",AB74="Realizada"),IFERROR(IF(AA74="",0,AA74-R74),0),0),0) -> 0 | AU74: =_xlfn.XLOOKUP(U74,'Lista Suspensa'!$AA$20:$AA$23,'Lista Suspensa'!$AB$20:$AB$23,"N/A") -> S
A75: Não | B75: 46104 | C75: Transbordo/Navegação | D75: Captado pela Amil/Call Center | E75: 93086113 | F75: LEONARDO MORAES DE OLIVEIRA | G75: 9829298701 | H75: 30581 | J75: M | K75: RJ | L75: MARICA | M75: CENTRO | N75: NÍVEL 380 | O75: 21-967005435 | P75: Equiipe CMDP | Q75: 1. Aceitou o programa | R75: 46167 | T75: Contato Com Sucesso | U75: Ativo | V75: 46156 | W75: 46167 | X75: 46168 | Y75: contato com sucesso 14/05 | Z75: Agendada | AA75: 18/06/2026 10:20 | AB75: agendada | AC75: pendente | AD75: pendente | AE75: pendente | AF75: pendente | AG75: AMIL Espaço Saúde – Niterói/RJ | AH75: pendente | AJ75: Sim | AK75: Sim | AL75: Coluna | AM75: =MONTH(B75)&"/"&YEAR(B75) -> 3/2026 | AN75: =WEEKNUM(B75)-WEEKNUM(EOMONTH(B75,-1)+1)+1 -> 4 | AO75: =MONTH(R75)&"/"&YEAR(R75) -> 5/2026 | AP75: =WEEKNUM(R75)-WEEKNUM(EOMONTH(R75,-1)+1)+1 -> 5 | AQ75: =IF(AU75="S",IF(Q75="1. Aceitou o programa",R75-B75,0),0) -> 63 | AR75: =IF(AU75="S",IF(AND(S75<>"",R75<>""),S75-R75,0),0) -> 0 | AS75: =IF(AU75="S",IF(Q75="1. Aceitou o programa",IF(OR(X75="Não se Aplica",X75=""),IF(OR(W75="Não se Aplica",W75=""),0,W75-V75),AVERAGE(X75-W75,W75-V75)),0),0) -> 6 | AT75: =IF(AU75="S",IF(AND(Q75="1. Aceitou o programa",AB75="Realizada"),IFERROR(IF(AA75="",0,AA75-R75),0),0),0) -> 0 | AU75: =_xlfn.XLOOKUP(U75,'Lista Suspensa'!$AA$20:$AA$23,'Lista Suspensa'!$AB$20:$AB$23,"N/A") -> S
A76: Não | B76: 46104 | C76: Transbordo/Navegação | D76: Captado pela Amil/Call Center | E76: 94057144 | F76: LILIAN DOLORES DA SILVA | G76: 5525154773 | H76: 29878 | J76: F | K76: RJ | L76: RIO DE JANEIRO | M76: BANGU | N76: NÍVEL 120 | O76: 21-965393392 | P76: Equiipe CMDP | Q76: 1. Aceitou o programa | R76: 46167 | T76: Contato Com Sucesso | U76: Ativo | V76: 46156 | W76: 46161 | X76: 46168 | Y76: contato com sucesso em 19/05 | Z76: Agendada | AA76: 18/06/2026 10:40 | AB76: agendada | AC76: pendente | AD76: pendente | AE76: pendente | AF76: pendente | AG76: tijuca | AH76: pendente | AJ76: Sim | AK76: Sim | AL76: Coluna | AM76: =MONTH(B76)&"/"&YEAR(B76) -> 3/2026 | AN76: =WEEKNUM(B76)-WEEKNUM(EOMONTH(B76,-1)+1)+1 -> 4 | AO76: =MONTH(R76)&"/"&YEAR(R76) -> 5/2026 | AP76: =WEEKNUM(R76)-WEEKNUM(EOMONTH(R76,-1)+1)+1 -> 5 | AQ76: =IF(AU76="S",IF(Q76="1. Aceitou o programa",R76-B76,0),0) -> 63 | AR76: =IF(AU76="S",IF(AND(S76<>"",R76<>""),S76-R76,0),0) -> 0 | AS76: =IF(AU76="S",IF(Q76="1. Aceitou o programa",IF(OR(X76="Não se Aplica",X76=""),IF(OR(W76="Não se Aplica",W76=""),0,W76-V76),AVERAGE(X76-W76,W76-V76)),0),0) -> 6 | AT76: =IF(AU76="S",IF(AND(Q76="1. Aceitou o programa",AB76="Realizada"),IFERROR(IF(AA76="",0,AA76-R76),0),0),0) -> 0 | AU76: =_xlfn.XLOOKUP(U76,'Lista Suspensa'!$AA$20:$AA$23,'Lista Suspensa'!$AB$20:$AB$23,"N/A") -> S
A77: Não | B77: 46104 | C77: Transbordo/Navegação | D77: Captado pela Amil/Call Center | E77: 94334336 | F77: LILIAN REGINA BOMFIM RIBEIRO | G77: 78672180500 | H77: 28794 | J77: F | K77: SP | L77: SAO PAULO | M77: MOOCA | N77: NÍVEL 110 | O77: 11-981365840 | P77: Equiipe CMDP | Q77: 1. Aceitou o programa | R77: 46168 | T77: Contato Com Sucesso | U77: Ativo | V77: 46156 | W77: 46161 | X77: 46168 | Y77: contato com sucesso em 19/05 | Z77: Agendada | AA77: 18/06/2026 11:00 | AB77: agendada | AC77: pendente | AD77: pendente | AE77: pendente | AF77: pendente | AG77: Unidade avançada vitoria | AH77: pendente | AJ77: Sim | AK77: Sim | AL77: Coluna | AM77: =MONTH(B77)&"/"&YEAR(B77) -> 3/2026 | AN77: =WEEKNUM(B77)-WEEKNUM(EOMONTH(B77,-1)+1)+1 -> 4 | AO77: =MONTH(R77)&"/"&YEAR(R77) -> 5/2026 | AP77: =WEEKNUM(R77)-WEEKNUM(EOMONTH(R77,-1)+1)+1 -> 5 | AQ77: =IF(AU77="S",IF(Q77="1. Aceitou o programa",R77-B77,0),0) -> 64 | AR77: =IF(AU77="S",IF(AND(S77<>"",R77<>""),S77-R77,0),0) -> 0 | AS77: =IF(AU77="S",IF(Q77="1. Aceitou o programa",IF(OR(X77="Não se Aplica",X77=""),IF(OR(W77="Não se Aplica",W77=""),0,W77-V77),AVERAGE(X77-W77,W77-V77)),0),0) -> 6 | AT77: =IF(AU77="S",IF(AND(Q77="1. Aceitou o programa",AB77="Realizada"),IFERROR(IF(AA77="",0,AA77-R77),0),0),0) -> 0 | AU77: =_xlfn.XLOOKUP(U77,'Lista Suspensa'!$AA$20:$AA$23,'Lista Suspensa'!$AB$20:$AB$23,"N/A") -> S
A78: Não | B78: 46104 | C78: Transbordo/Navegação | D78: Captado pela Amil/Call Center | E78: 93101564 | F78: ROSE MARY RABELLO DAUDT LEMOS | G78: 2637335726 | H78: 25321 | J78: F | K78: RJ | L78: SAO GONÇALO | M78: BARRACAO | N78: NÍVEL 450 | O78: 21-988453444 | P78: Equiipe CMDP | Q78: 1. Aceitou o programa | R78: 46168 | T78: Contato Com Sucesso | U78: Ativo | V78: 46156 | W78: 46161 | X78: 46168 | Z78: Agendada | AA78: 18/06/2026 11:20 | AB78: agendada | AC78: pendente | AD78: pendente | AE78: pendente | AF78: pendente | AG78: AMIL ESPAÇO SAÚDE - NITERÓI | AH78: pendente | AJ78: Sim | AK78: Sim | AL78: Coluna | AM78: =MONTH(B78)&"/"&YEAR(B78) -> 3/2026 | AN78: =WEEKNUM(B78)-WEEKNUM(EOMONTH(B78,-1)+1)+1 -> 4 | AO78: =MONTH(R78)&"/"&YEAR(R78) -> 5/2026 | AP78: =WEEKNUM(R78)-WEEKNUM(EOMONTH(R78,-1)+1)+1 -> 5 | AQ78: =IF(AU78="S",IF(Q78="1. Aceitou o programa",R78-B78,0),0) -> 64 | AR78: =IF(AU78="S",IF(AND(S78<>"",R78<>""),S78-R78,0),0) -> 0 | AS78: =IF(AU78="S",IF(Q78="1. Aceitou o programa",IF(OR(X78="Não se Aplica",X78=""),IF(OR(W78="Não se Aplica",W78=""),0,W78-V78),AVERAGE(X78-W78,W78-V78)),0),0) -> 6 | AT78: =IF(AU78="S",IF(AND(Q78="1. Aceitou o programa",AB78="Realizada"),IFERROR(IF(AA78="",0,AA78-R78),0),0),0) -> 0 | AU78: =_xlfn.XLOOKUP(U78,'Lista Suspensa'!$AA$20:$AA$23,'Lista Suspensa'!$AB$20:$AB$23,"N/A") -> S
A79: Não | B79: 46104 | C79: Transbordo/Navegação | D79: Captado pela Amil/Call Center | E79: 94690393 | F79: SOLANGE DE SOUZA FURTADO | G79: 9341923751 | H79: 29709 | J79: F | K79: RJ | L79: QUEIMADOS | M79: VILA CENTRAL | N79: NÍVEL 120 | O79: 21-988347736 | P79: Equiipe CMDP | Q79: 1. Aceitou o programa | R79: 46168 | T79: Contato Com Sucesso | U79: Ativo | V79: 46156 | W79: 46161 | X79: 46168 | Z79: Agendada | AA79: 18/06/2026 11:40 | AB79: agendada | AC79: pendente | AD79: pendente | AE79: pendente | AF79: pendente | AG79: AMIL Espaço Saúde – Tijuca/RJ | AH79: pendente | AJ79: Sim | AK79: Sim | AL79: Coluna | AM79: =MONTH(B79)&"/"&YEAR(B79) -> 3/2026 | AN79: =WEEKNUM(B79)-WEEKNUM(EOMONTH(B79,-1)+1)+1 -> 4 | AO79: =MONTH(R79)&"/"&YEAR(R79) -> 5/2026 | AP79: =WEEKNUM(R79)-WEEKNUM(EOMONTH(R79,-1)+1)+1 -> 5 | AQ79: =IF(AU79="S",IF(Q79="1. Aceitou o programa",R79-B79,0),0) -> 64 | AR79: =IF(AU79="S",IF(AND(S79<>"",R79<>""),S79-R79,0),0) -> 0 | AS79: =IF(AU79="S",IF(Q79="1. Aceitou o programa",IF(OR(X79="Não se Aplica",X79=""),IF(OR(W79="Não se Aplica",W79=""),0,W79-V79),AVERAGE(X79-W79,W79-V79)),0),0) -> 6 | AT79: =IF(AU79="S",IF(AND(Q79="1. Aceitou o programa",AB79="Realizada"),IFERROR(IF(AA79="",0,AA79-R79),0),0),0) -> 0 | AU79: =_xlfn.XLOOKUP(U79,'Lista Suspensa'!$AA$20:$AA$23,'Lista Suspensa'!$AB$20:$AB$23,"N/A") -> S
A80: Não | B80: 46104 | C80: Transbordo/Navegação | D80: Captado pela Amil/Call Center | E80: 84790493 | F80: REGIVALDO VIEIRA DE ASSIS | G80: 26039094877 | H80: 28317 | J80: M | K80: SP | L80: SAO PAULO | M80: PARQUE DOS BANCARIOS | N80: NÍVEL 450 | O80: 11-944420764 | P80: Equiipe CMDP | Q80: 1. Aceitou o programa | R80: 46167 | T80: Contato Com Sucesso | U80: Ativo | V80: 46156 | W80: 46161 | X80: 46168 | Z80: Agendada | AA80: 18/06/2026 13:00 | AB80: agendada | AC80: pendente | AD80: pendente | AE80: pendente | AF80: pendente | AG80: luz cubatão | AH80: pendente | AJ80: Sim | AK80: Sim | AL80: Coluna | AM80: =MONTH(B80)&"/"&YEAR(B80) -> 3/2026 | AN80: =WEEKNUM(B80)-WEEKNUM(EOMONTH(B80,-1)+1)+1 -> 4 | AO80: =MONTH(R80)&"/"&YEAR(R80) -> 5/2026 | AP80: =WEEKNUM(R80)-WEEKNUM(EOMONTH(R80,-1)+1)+1 -> 5 | AQ80: =IF(AU80="S",IF(Q80="1. Aceitou o programa",R80-B80,0),0) -> 63 | AR80: =IF(AU80="S",IF(AND(S80<>"",R80<>""),S80-R80,0),0) -> 0 | AS80: =IF(AU80="S",IF(Q80="1. Aceitou o programa",IF(OR(X80="Não se Aplica",X80=""),IF(OR(W80="Não se Aplica",W80=""),0,W80-V80),AVERAGE(X80-W80,W80-V80)),0),0) -> 6 | AT80: =IF(AU80="S",IF(AND(Q80="1. Aceitou o programa",AB80="Realizada"),IFERROR(IF(AA80="",0,AA80-R80),0),0),0) -> 0 | AU80: =_xlfn.XLOOKUP(U80,'Lista Suspensa'!$AA$20:$AA$23,'Lista Suspensa'!$AB$20:$AB$23,"N/A") -> S
A81: Não | B81: 46104 | C81: Transbordo/Navegação | D81: Captado pela Amil/Call Center | E81: 85111656 | F81: HERNANDES CARNEIRO DA SILVA | G81: 4269789786 | H81: 26351 | J81: M | K81: RJ | L81: RIO DE JANEIRO | M81: TAUA | N81: NÍVEL 75 | O81: 21-994795990 | P81: Equiipe CMDP | Q81: 1. Aceitou o programa | R81: 46168 | T81: Contato Com Sucesso | U81: Ativo | V81: 46156 | W81: 46161 | X81: 46168 | Z81: Agendada | AA81: 18/06/2026 13:20 | AB81: agendada | AC81: pendente | AD81: pendente | AE81: pendente | AF81: pendente | AG81: AMIL Espaço Saúde – Tijuca/RJ | AH81: pendente | AJ81: Sim | AK81: Sim | AL81: Coluna | AM81: =MONTH(B81)&"/"&YEAR(B81) -> 3/2026 | AN81: =WEEKNUM(B81)-WEEKNUM(EOMONTH(B81,-1)+1)+1 -> 4 | AO81: =MONTH(R81)&"/"&YEAR(R81) -> 5/2026 | AP81: =WEEKNUM(R81)-WEEKNUM(EOMONTH(R81,-1)+1)+1 -> 5 | AQ81: =IF(AU81="S",IF(Q81="1. Aceitou o programa",R81-B81,0),0) -> 64 | AR81: =IF(AU81="S",IF(AND(S81<>"",R81<>""),S81-R81,0),0) -> 0 | AS81: =IF(AU81="S",IF(Q81="1. Aceitou o programa",IF(OR(X81="Não se Aplica",X81=""),IF(OR(W81="Não se Aplica",W81=""),0,W81-V81),AVERAGE(X81-W81,W81-V81)),0),0) -> 6 | AT81: =IF(AU81="S",IF(AND(Q81="1. Aceitou o programa",AB81="Realizada"),IFERROR(IF(AA81="",0,AA81-R81),0),0),0) -> 0 | AU81: =_xlfn.XLOOKUP(U81,'Lista Suspensa'!$AA$20:$AA$23,'Lista Suspensa'!$AB$20:$AB$23,"N/A") -> S
A82: Não | B82: 46104 | C82: Transbordo/Navegação | D82: Captado pela Amil/Call Center | E82: 85480964 | F82: MARCIO PINHEIRO DOS SANTOS | G82: 5779475679 | H82: 29615 | J82: M | K82: SP | L82: DIADEMA | M82: VILA NOGUEIRA | N82: NÍVEL 60 | O82: 11-962389902 | P82: Equiipe CMDP | Q82: 1. Aceitou o programa | R82: 46168 | T82: Contato Com Sucesso | U82: Ativo | V82: 46156 | W82: 46161 | X82: 46168 | Z82: Agendada | AA82: 19/06/2026 09:20 | AB82: agendada | AC82: pendente | AD82: pendente | AE82: pendente | AF82: pendente | AG82: AMIL - UD CUBATAO SP - HOSPITAL DA LUZ | AH82: pendente | AJ82: Sim | AK82: Sim | AL82: Coluna | AM82: =MONTH(B82)&"/"&YEAR(B82) -> 3/2026 | AN82: =WEEKNUM(B82)-WEEKNUM(EOMONTH(B82,-1)+1)+1 -> 4 | AO82: =MONTH(R82)&"/"&YEAR(R82) -> 5/2026 | AP82: =WEEKNUM(R82)-WEEKNUM(EOMONTH(R82,-1)+1)+1 -> 5 | AQ82: =IF(AU82="S",IF(Q82="1. Aceitou o programa",R82-B82,0),0) -> 64 | AR82: =IF(AU82="S",IF(AND(S82<>"",R82<>""),S82-R82,0),0) -> 0 | AS82: =IF(AU82="S",IF(Q82="1. Aceitou o programa",IF(OR(X82="Não se Aplica",X82=""),IF(OR(W82="Não se Aplica",W82=""),0,W82-V82),AVERAGE(X82-W82,W82-V82)),0),0) -> 6 | AT82: =IF(AU82="S",IF(AND(Q82="1. Aceitou o programa",AB82="Realizada"),IFERROR(IF(AA82="",0,AA82-R82),0),0),0) -> 0 | AU82: =_xlfn.XLOOKUP(U82,'Lista Suspensa'!$AA$20:$AA$23,'Lista Suspensa'!$AB$20:$AB$23,"N/A") -> S
A83: Não | B83: 46104 | C83: Transbordo/Navegação | D83: Captado pela Amil/Call Center | E83: 93423302 | F83: SORAYA BLASQUES JORGE CARUZO | G83: 10725476869 | H83: 25426 | J83: F | K83: SP | L83: SAO PAULO | M83: NAO INFORMADO | N83: NÍVEL 60 | O83: 11-974427897 | P83: Equiipe CMDP | Q83: 1. Aceitou o programa | R83: 46167 | T83: Contato Com Sucesso | U83: Ativo | V83: 46156 | W83: 46167 | X83: 46168 | Y83: contato com sucesso 14/05 | Z83: Agendada | AA83: 19/06/2026 09:40 | AB83: agendada | AC83: pendente | AD83: pendente | AE83: pendente | AF83: pendente | AG83: guarulhos | AH83: pendente | AJ83: Sim | AK83: Sim | AL83: Coluna | AM83: =MONTH(B83)&"/"&YEAR(B83) -> 3/2026 | AN83: =WEEKNUM(B83)-WEEKNUM(EOMONTH(B83,-1)+1)+1 -> 4 | AO83: =MONTH(R83)&"/"&YEAR(R83) -> 5/2026 | AP83: =WEEKNUM(R83)-WEEKNUM(EOMONTH(R83,-1)+1)+1 -> 5 | AQ83: =IF(AU83="S",IF(Q83="1. Aceitou o programa",R83-B83,0),0) -> 63 | AR83: =IF(AU83="S",IF(AND(S83<>"",R83<>""),S83-R83,0),0) -> 0 | AS83: =IF(AU83="S",IF(Q83="1. Aceitou o programa",IF(OR(X83="Não se Aplica",X83=""),IF(OR(W83="Não se Aplica",W83=""),0,W83-V83),AVERAGE(X83-W83,W83-V83)),0),0) -> 6 | AT83: =IF(AU83="S",IF(AND(Q83="1. Aceitou o programa",AB83="Realizada"),IFERROR(IF(AA83="",0,AA83-R83),0),0),0) -> 0 | AU83: =_xlfn.XLOOKUP(U83,'Lista Suspensa'!$AA$20:$AA$23,'Lista Suspensa'!$AB$20:$AB$23,"N/A") -> S
A84: Não | B84: 46104 | C84: Transbordo/Navegação | D84: Captado pela Amil/Call Center | E84: 83121836 | F84: VANIA RODRIGUES PEIXOUTO | G84: 3570610713 | H84: 28844 | J84: F | K84: RJ | L84: RIO DE JANEIRO | M84: PENHA CIRCULAR | N84: NÍVEL 60 | O84: 21-999007590 | P84: Equiipe CMDP | Q84: 1. Aceitou o programa | R84: 46168 | T84: Contato Com Sucesso | U84: Ativo | V84: 46156 | W84: 46161 | X84: 46168 | Z84: Agendada | AA84: 19/06/2026 10:00 | AB84: agendada | AC84: pendente | AD84: pendente | AE84: pendente | AF84: pendente | AG84: tijuca | AH84: pendente | AJ84: Sim | AK84: Sim | AL84: Coluna | AM84: =MONTH(B84)&"/"&YEAR(B84) -> 3/2026 | AN84: =WEEKNUM(B84)-WEEKNUM(EOMONTH(B84,-1)+1)+1 -> 4 | AO84: =MONTH(R84)&"/"&YEAR(R84) -> 5/2026 | AP84: =WEEKNUM(R84)-WEEKNUM(EOMONTH(R84,-1)+1)+1 -> 5 | AQ84: =IF(AU84="S",IF(Q84="1. Aceitou o programa",R84-B84,0),0) -> 64 | AR84: =IF(AU84="S",IF(AND(S84<>"",R84<>""),S84-R84,0),0) -> 0 | AS84: =IF(AU84="S",IF(Q84="1. Aceitou o programa",IF(OR(X84="Não se Aplica",X84=""),IF(OR(W84="Não se Aplica",W84=""),0,W84-V84),AVERAGE(X84-W84,W84-V84)),0),0) -> 6 | AT84: =IF(AU84="S",IF(AND(Q84="1. Aceitou o programa",AB84="Realizada"),IFERROR(IF(AA84="",0,AA84-R84),0),0),0) -> 0 | AU84: =_xlfn.XLOOKUP(U84,'Lista Suspensa'!$AA$20:$AA$23,'Lista Suspensa'!$AB$20:$AB$23,"N/A") -> S
A85: Não | B85: 46104 | C85: Transbordo/Navegação | D85: Captado pela Amil/Call Center | E85: 85943891 | F85: MARCIA SILVA SANTOS | G85: 4492879714 | H85: 27663 | J85: F | K85: RJ | L85: MESQUITA | M85: CHATUBA | N85: NÍVEL 75 | O85: 21-987408095 | P85: Equiipe CMDP | Q85: 1. Aceitou o programa | R85: 46167 | T85: Contato Com Sucesso | U85: Ativo | V85: 46156 | W85: 46161 | X85: 46168 | Z85: Agendada | AA85: 19/06/2026 10:20 | AB85: agendada | AC85: pendente | AD85: pendente | AE85: pendente | AF85: pendente | AG85: AMIL ESPAÇO SAÚDE - NOVA IGUAÇU | AH85: pendente | AJ85: Sim | AK85: Sim | AL85: Coluna | AM85: =MONTH(B85)&"/"&YEAR(B85) -> 3/2026 | AN85: =WEEKNUM(B85)-WEEKNUM(EOMONTH(B85,-1)+1)+1 -> 4 | AO85: =MONTH(R85)&"/"&YEAR(R85) -> 5/2026 | AP85: =WEEKNUM(R85)-WEEKNUM(EOMONTH(R85,-1)+1)+1 -> 5 | AQ85: =IF(AU85="S",IF(Q85="1. Aceitou o programa",R85-B85,0),0) -> 63 | AR85: =IF(AU85="S",IF(AND(S85<>"",R85<>""),S85-R85,0),0) -> 0 | AS85: =IF(AU85="S",IF(Q85="1. Aceitou o programa",IF(OR(X85="Não se Aplica",X85=""),IF(OR(W85="Não se Aplica",W85=""),0,W85-V85),AVERAGE(X85-W85,W85-V85)),0),0) -> 6 | AT85: =IF(AU85="S",IF(AND(Q85="1. Aceitou o programa",AB85="Realizada"),IFERROR(IF(AA85="",0,AA85-R85),0),0),0) -> 0 | AU85: =_xlfn.XLOOKUP(U85,'Lista Suspensa'!$AA$20:$AA$23,'Lista Suspensa'!$AB$20:$AB$23,"N/A") -> S
A86: Não | B86: 46104 | C86: Transbordo/Navegação | D86: Captado pela Amil/Call Center | E86: 86023258 | F86: EDNA MARIA OLIVEIRA DOS SANTOS | G86: 70588201553 | H86: 27022 | J86: F | K86: RJ | L86: RIO DE JANEIRO | M86: ENGENHO NOVO | N86: NÍVEL 380 | O86: 21-992652594 | P86: Equiipe CMDP | Q86: 1. Aceitou o programa | R86: 46167 | T86: Contato Com Sucesso | U86: Ativo | V86: 46156 | W86: 46161 | X86: 46168 | Z86: Agendada | AA86: 19/06/2026 10:40 | AB86: agendada | AC86: pendente | AD86: pendente | AE86: pendente | AF86: pendente | AG86: Tijuca | AH86: pendente | AJ86: Sim | AK86: Sim | AL86: Coluna | AM86: =MONTH(B86)&"/"&YEAR(B86) -> 3/2026 | AN86: =WEEKNUM(B86)-WEEKNUM(EOMONTH(B86,-1)+1)+1 -> 4 | AO86: =MONTH(R86)&"/"&YEAR(R86) -> 5/2026 | AP86: =WEEKNUM(R86)-WEEKNUM(EOMONTH(R86,-1)+1)+1 -> 5 | AQ86: =IF(AU86="S",IF(Q86="1. Aceitou o programa",R86-B86,0),0) -> 63 | AR86: =IF(AU86="S",IF(AND(S86<>"",R86<>""),S86-R86,0),0) -> 0 | AS86: =IF(AU86="S",IF(Q86="1. Aceitou o programa",IF(OR(X86="Não se Aplica",X86=""),IF(OR(W86="Não se Aplica",W86=""),0,W86-V86),AVERAGE(X86-W86,W86-V86)),0),0) -> 6 | AT86: =IF(AU86="S",IF(AND(Q86="1. Aceitou o programa",AB86="Realizada"),IFERROR(IF(AA86="",0,AA86-R86),0),0),0) -> 0 | AU86: =_xlfn.XLOOKUP(U86,'Lista Suspensa'!$AA$20:$AA$23,'Lista Suspensa'!$AB$20:$AB$23,"N/A") -> S
A87: Não | B87: 46104 | C87: Transbordo/Navegação | D87: Captado pela Amil/Call Center | E87: 86357829 | F87: KATIA FLORENTINO DA SILVA | G87: 35370662878 | H87: 32323 | J87: F | K87: SP | L87: GUARULHOS | M87: CONJUNTO RESIDENCIAL HAROLDO VELOSO | N87: NÍVEL 60 | O87: 11-966887525 | P87: Equiipe CMDP | Q87: 1. Aceitou o programa | R87: 46168 | T87: Contato Com Sucesso | U87: Ativo | V87: 46156 | W87: 46161 | X87: 46168 | Y87: contato com sucesso em 19/05 | Z87: Agendada | AA87: 19/06/2026 11:00 | AB87: agendada | AC87: pendente | AD87: pendente | AE87: pendente | AF87: pendente | AG87: AMIL Espaço Saúde – Guarulhos/SP | AH87: pendente | AJ87: Sim | AK87: Sim | AL87: Coluna | AM87: =MONTH(B87)&"/"&YEAR(B87) -> 3/2026 | AN87: =WEEKNUM(B87)-WEEKNUM(EOMONTH(B87,-1)+1)+1 -> 4 | AO87: =MONTH(R87)&"/"&YEAR(R87) -> 5/2026 | AP87: =WEEKNUM(R87)-WEEKNUM(EOMONTH(R87,-1)+1)+1 -> 5 | AQ87: =IF(AU87="S",IF(Q87="1. Aceitou o programa",R87-B87,0),0) -> 64 | AR87: =IF(AU87="S",IF(AND(S87<>"",R87<>""),S87-R87,0),0) -> 0 | AS87: =IF(AU87="S",IF(Q87="1. Aceitou o programa",IF(OR(X87="Não se Aplica",X87=""),IF(OR(W87="Não se Aplica",W87=""),0,W87-V87),AVERAGE(X87-W87,W87-V87)),0),0) -> 6 | AT87: =IF(AU87="S",IF(AND(Q87="1. Aceitou o programa",AB87="Realizada"),IFERROR(IF(AA87="",0,AA87-R87),0),0),0) -> 0 | AU87: =_xlfn.XLOOKUP(U87,'Lista Suspensa'!$AA$20:$AA$23,'Lista Suspensa'!$AB$20:$AB$23,"N/A") -> S
A88: Não | B88: 46104 | C88: Transbordo/Navegação | D88: Captado pela Amil/Call Center | E88: 86508324 | F88: MARLENE APARECIDA DA SILVA VEIGA | G88: 10126041873 | H88: 25273 | J88: F | K88: SP | L88: SAO PAULO | M88: VILA SILVIA | N88: NÍVEL 60 | O88: 11-984524754 | P88: Equiipe CMDP | Q88: 1. Aceitou o programa | R88: 46167 | T88: Contato Com Sucesso | U88: Ativo | V88: 46156 | W88: 46161 | X88: 46168 | Z88: Agendada | AA88: 19/06/2026 11:20 | AB88: agendada | AC88: pendente | AD88: pendente | AE88: pendente | AF88: pendente | AG88: tatuape | AH88: pendente | AJ88: Sim | AK88: Sim | AL88: Coluna | AM88: =MONTH(B88)&"/"&YEAR(B88) -> 3/2026 | AN88: =WEEKNUM(B88)-WEEKNUM(EOMONTH(B88,-1)+1)+1 -> 4 | AO88: =MONTH(R88)&"/"&YEAR(R88) -> 5/2026 | AP88: =WEEKNUM(R88)-WEEKNUM(EOMONTH(R88,-1)+1)+1 -> 5 | AQ88: =IF(AU88="S",IF(Q88="1. Aceitou o programa",R88-B88,0),0) -> 63 | AR88: =IF(AU88="S",IF(AND(S88<>"",R88<>""),S88-R88,0),0) -> 0 | AS88: =IF(AU88="S",IF(Q88="1. Aceitou o programa",IF(OR(X88="Não se Aplica",X88=""),IF(OR(W88="Não se Aplica",W88=""),0,W88-V88),AVERAGE(X88-W88,W88-V88)),0),0) -> 6 | AT88: =IF(AU88="S",IF(AND(Q88="1. Aceitou o programa",AB88="Realizada"),IFERROR(IF(AA88="",0,AA88-R88),0),0),0) -> 0 | AU88: =_xlfn.XLOOKUP(U88,'Lista Suspensa'!$AA$20:$AA$23,'Lista Suspensa'!$AB$20:$AB$23,"N/A") -> S
A89: Não | B89: 46104 | C89: Transbordo/Navegação | D89: Captado pela Amil/Call Center | E89: 86801195 | F89: BRUNA MATA CAVASSANI | G89: 35600197888 | H89: 31498 | J89: F | K89: SP | L89: SAO PAULO | M89: PARAISO | N89: NÍVEL 750 | O89: 11-979668070 | P89: Equiipe CMDP | Q89: 1. Aceitou o programa | R89: 46167 | T89: Contato Com Sucesso | U89: Ativo | V89: 46156 | W89: 46161 | X89: 46168 | Z89: Agendada | AA89: 19/06/2026 11:40 | AB89: agendada | AC89: pendente | AD89: pendente | AE89: pendente | AF89: pendente | AG89: Hospital alvorada | AH89: pendente | AJ89: Sim | AK89: Sim | AL89: Coluna | AM89: =MONTH(B89)&"/"&YEAR(B89) -> 3/2026 | AN89: =WEEKNUM(B89)-WEEKNUM(EOMONTH(B89,-1)+1)+1 -> 4 | AO89: =MONTH(R89)&"/"&YEAR(R89) -> 5/2026 | AP89: =WEEKNUM(R89)-WEEKNUM(EOMONTH(R89,-1)+1)+1 -> 5 | AQ89: =IF(AU89="S",IF(Q89="1. Aceitou o programa",R89-B89,0),0) -> 63 | AR89: =IF(AU89="S",IF(AND(S89<>"",R89<>""),S89-R89,0),0) -> 0 | AS89: =IF(AU89="S",IF(Q89="1. Aceitou o programa",IF(OR(X89="Não se Aplica",X89=""),IF(OR(W89="Não se Aplica",W89=""),0,W89-V89),AVERAGE(X89-W89,W89-V89)),0),0) -> 6 | AT89: =IF(AU89="S",IF(AND(Q89="1. Aceitou o programa",AB89="Realizada"),IFERROR(IF(AA89="",0,AA89-R89),0),0),0) -> 0 | AU89: =_xlfn.XLOOKUP(U89,'Lista Suspensa'!$AA$20:$AA$23,'Lista Suspensa'!$AB$20:$AB$23,"N/A") -> S
A90: Não | B90: 46104 | C90: Transbordo/Navegação | D90: Captado pela Amil/Call Center | E90: 87190970 | F90: VALERIA ANDRE DOS SANTOS | G90: 8019745777 | H90: 28352 | J90: F | K90: RJ | L90: NOVA IGUAÇU | M90: VILA BANDEIRANTES | N90: NÍVEL 40 | O90: 21-981861912 | P90: Equiipe CMDP | Q90: 1. Aceitou o programa | R90: 46168 | T90: Contato Com Sucesso | U90: Ativo | V90: 46156 | W90: 46164 | X90: 46168 | Z90: Agendada | AA90: 19/06/2026 13:00 | AB90: agendada | AC90: pendente | AD90: pendente | AE90: pendente | AF90: pendente | AG90: AMIL ESPAÇO SAÚDE - NOVA IGUAÇU | AH90: pendente | AJ90: Sim | AK90: Sim | AL90: Coluna | AM90: =MONTH(B90)&"/"&YEAR(B90) -> 3/2026 | AN90: =WEEKNUM(B90)-WEEKNUM(EOMONTH(B90,-1)+1)+1 -> 4 | AO90: =MONTH(R90)&"/"&YEAR(R90) -> 5/2026 | AP90: =WEEKNUM(R90)-WEEKNUM(EOMONTH(R90,-1)+1)+1 -> 5 | AQ90: =IF(AU90="S",IF(Q90="1. Aceitou o programa",R90-B90,0),0) -> 64 | AR90: =IF(AU90="S",IF(AND(S90<>"",R90<>""),S90-R90,0),0) -> 0 | AS90: =IF(AU90="S",IF(Q90="1. Aceitou o programa",IF(OR(X90="Não se Aplica",X90=""),IF(OR(W90="Não se Aplica",W90=""),0,W90-V90),AVERAGE(X90-W90,W90-V90)),0),0) -> 6 | AT90: =IF(AU90="S",IF(AND(Q90="1. Aceitou o programa",AB90="Realizada"),IFERROR(IF(AA90="",0,AA90-R90),0),0),0) -> 0 | AU90: =_xlfn.XLOOKUP(U90,'Lista Suspensa'!$AA$20:$AA$23,'Lista Suspensa'!$AB$20:$AB$23,"N/A") -> S
A91: Não | B91: 46104 | C91: Transbordo/Navegação | D91: Captado pela Amil/Call Center | E91: 94443209 | F91: ERNANDES VITOR | G91: 21644215829 | H91: 29288 | J91: M | K91: SP | L91: OSASCO | M91: NOVO OSASCO | N91: NÍVEL 450 | O91: 11-959253846 | P91: Equiipe CMDP | Q91: 1. Aceitou o programa | R91: 46167 | T91: Contato Com Sucesso | U91: Ativo | V91: 46156 | W91: 46167 | X91: 46168 | Y91: contato com sucesso 14/05 | Z91: Agendada | AA91: 19/06/2026 13:20 | AB91: agendada | AC91: pendente | AD91: pendente | AE91: pendente | AF91: pendente | AG91: Hospital Samaritano (Paulista) | AH91: pendente | AJ91: Sim | AK91: Sim | AL91: Coluna | AM91: =MONTH(B91)&"/"&YEAR(B91) -> 3/2026 | AN91: =WEEKNUM(B91)-WEEKNUM(EOMONTH(B91,-1)+1)+1 -> 4 | AO91: =MONTH(R91)&"/"&YEAR(R91) -> 5/2026 | AP91: =WEEKNUM(R91)-WEEKNUM(EOMONTH(R91,-1)+1)+1 -> 5 | AQ91: =IF(AU91="S",IF(Q91="1. Aceitou o programa",R91-B91,0),0) -> 63 | AR91: =IF(AU91="S",IF(AND(S91<>"",R91<>""),S91-R91,0),0) -> 0 | AS91: =IF(AU91="S",IF(Q91="1. Aceitou o programa",IF(OR(X91="Não se Aplica",X91=""),IF(OR(W91="Não se Aplica",W91=""),0,W91-V91),AVERAGE(X91-W91,W91-V91)),0),0) -> 6 | AT91: =IF(AU91="S",IF(AND(Q91="1. Aceitou o programa",AB91="Realizada"),IFERROR(IF(AA91="",0,AA91-R91),0),0),0) -> 0 | AU91: =_xlfn.XLOOKUP(U91,'Lista Suspensa'!$AA$20:$AA$23,'Lista Suspensa'!$AB$20:$AB$23,"N/A") -> S
A92: Não | B92: 46104 | C92: Transbordo/Navegação | D92: Captado pela Amil/Call Center | E92: 87670448 | F92: MARIA LUISA VALENTIM DE LIMA | G92: 9140550893 | H92: 24009 | J92: F | K92: SP | L92: SAO PAULO | M92: VILA EMA | N92: NÍVEL 60 | O92: 11-951929642 | P92: Equiipe CMDP | Q92: 1. Aceitou o programa | R92: 46167 | T92: Contato Com Sucesso | U92: Ativo | V92: 46156 | W92: 46167 | X92: 46168 | Y92: contato com sucesso 14/05 | Z92: Agendada | AA92: 22/06/2026 09:20 | AB92: agendada | AC92: pendente | AD92: pendente | AE92: pendente | AF92: pendente | AG92: AMIL - UD CUBATAO SP - HOSPITAL DA LUZ | AH92: pendente | AJ92: Sim | AK92: Sim | AL92: Coluna | AM92: =MONTH(B92)&"/"&YEAR(B92) -> 3/2026 | AN92: =WEEKNUM(B92)-WEEKNUM(EOMONTH(B92,-1)+1)+1 -> 4 | AO92: =MONTH(R92)&"/"&YEAR(R92) -> 5/2026 | AP92: =WEEKNUM(R92)-WEEKNUM(EOMONTH(R92,-1)+1)+1 -> 5 | AQ92: =IF(AU92="S",IF(Q92="1. Aceitou o programa",R92-B92,0),0) -> 63 | AR92: =IF(AU92="S",IF(AND(S92<>"",R92<>""),S92-R92,0),0) -> 0 | AS92: =IF(AU92="S",IF(Q92="1. Aceitou o programa",IF(OR(X92="Não se Aplica",X92=""),IF(OR(W92="Não se Aplica",W92=""),0,W92-V92),AVERAGE(X92-W92,W92-V92)),0),0) -> 6 | AT92: =IF(AU92="S",IF(AND(Q92="1. Aceitou o programa",AB92="Realizada"),IFERROR(IF(AA92="",0,AA92-R92),0),0),0) -> 0 | AU92: =_xlfn.XLOOKUP(U92,'Lista Suspensa'!$AA$20:$AA$23,'Lista Suspensa'!$AB$20:$AB$23,"N/A") -> S
A93: Não | B93: 46104 | C93: Transbordo/Navegação | D93: Captado pela Amil/Call Center | E93: 89490860 | F93: GRACIELE ANDREA LIMA SANTOS | G93: 17746859739 | H93: 36264 | J93: F | K93: RJ | L93: RIO DE JANEIRO | M93: CAMPO GRANDE | N93: NÍVEL 75 | O93: 21-964676142 | P93: Equiipe CMDP | Q93: 1. Aceitou o programa | R93: 46168 | T93: Contato Com Sucesso | U93: Ativo | V93: 46156 | W93: 46164 | X93: 46168 | Z93: Agendada | AA93: 22/06/2026 09:40 | AB93: agendada | AC93: pendente | AD93: pendente | AE93: pendente | AF93: pendente | AG93: campo grande | AH93: pendente | AJ93: Sim | AK93: Sim | AL93: Coluna | AM93: =MONTH(B93)&"/"&YEAR(B93) -> 3/2026 | AN93: =WEEKNUM(B93)-WEEKNUM(EOMONTH(B93,-1)+1)+1 -> 4 | AO93: =MONTH(R93)&"/"&YEAR(R93) -> 5/2026 | AP93: =WEEKNUM(R93)-WEEKNUM(EOMONTH(R93,-1)+1)+1 -> 5 | AQ93: =IF(AU93="S",IF(Q93="1. Aceitou o programa",R93-B93,0),0) -> 64 | AR93: =IF(AU93="S",IF(AND(S93<>"",R93<>""),S93-R93,0),0) -> 0 | AS93: =IF(AU93="S",IF(Q93="1. Aceitou o programa",IF(OR(X93="Não se Aplica",X93=""),IF(OR(W93="Não se Aplica",W93=""),0,W93-V93),AVERAGE(X93-W93,W93-V93)),0),0) -> 6 | AT93: =IF(AU93="S",IF(AND(Q93="1. Aceitou o programa",AB93="Realizada"),IFERROR(IF(AA93="",0,AA93-R93),0),0),0) -> 0 | AU93: =_xlfn.XLOOKUP(U93,'Lista Suspensa'!$AA$20:$AA$23,'Lista Suspensa'!$AB$20:$AB$23,"N/A") -> S
A94: Não | B94: 46104 | C94: Transbordo/Navegação | D94: Captado pela Amil/Call Center | E94: 87927110 | F94: STEFANY FREITAS DIAS DA ROSA | G94: 46568021822 | H94: 35875 | J94: F | K94: SP | L94: GUARULHOS | M94: CIDADE JARDIM CUMBICA | N94: NÍVEL 110 | O94: 11-981954778 | P94: Equiipe CMDP | Q94: 1. Aceitou o programa | R94: 46167 | T94: Contato Com Sucesso | U94: Ativo | V94: 46156 | W94: 46164 | X94: 46168 | Z94: Agendada | AA94: 22/06/2026 10:00 | AB94: agendada | AC94: pendente | AD94: pendente | AE94: pendente | AF94: pendente | AG94: carlos chagas | AH94: pendente | AJ94: Sim | AK94: Sim | AL94: Coluna | AM94: =MONTH(B94)&"/"&YEAR(B94) -> 3/2026 | AN94: =WEEKNUM(B94)-WEEKNUM(EOMONTH(B94,-1)+1)+1 -> 4 | AO94: =MONTH(R94)&"/"&YEAR(R94) -> 5/2026 | AP94: =WEEKNUM(R94)-WEEKNUM(EOMONTH(R94,-1)+1)+1 -> 5 | AQ94: =IF(AU94="S",IF(Q94="1. Aceitou o programa",R94-B94,0),0) -> 63 | AR94: =IF(AU94="S",IF(AND(S94<>"",R94<>""),S94-R94,0),0) -> 0 | AS94: =IF(AU94="S",IF(Q94="1. Aceitou o programa",IF(OR(X94="Não se Aplica",X94=""),IF(OR(W94="Não se Aplica",W94=""),0,W94-V94),AVERAGE(X94-W94,W94-V94)),0),0) -> 6 | AT94: =IF(AU94="S",IF(AND(Q94="1. Aceitou o programa",AB94="Realizada"),IFERROR(IF(AA94="",0,AA94-R94),0),0),0) -> 0 | AU94: =_xlfn.XLOOKUP(U94,'Lista Suspensa'!$AA$20:$AA$23,'Lista Suspensa'!$AB$20:$AB$23,"N/A") -> S
A95: Não | B95: 46104 | C95: Transbordo/Navegação | D95: Captado pela Amil/Call Center | E95: 88515427 | F95: MARCELLO VICTOR FERREIRA DE OLIVEIRA | G95: 12387446720 | H95: 32434 | J95: M | K95: RJ | L95: RIO DE JANEIRO | M95: ANIL | N95: NÍVEL 450 | O95: 21-993678945 | P95: Equiipe CMDP | Q95: 1. Aceitou o programa | R95: 46168 | T95: Contato Com Sucesso | U95: Ativo | V95: 46156 | W95: 46160 | X95: 46168 | Y95: contato com sucesso em 18/05 | Z95: Agendada | AA95: 22/06/2026 10:20 | AB95: agendada | AC95: pendente | AD95: pendente | AE95: pendente | AF95: pendente | AG95: Hospital americas | AH95: pendente | AJ95: Sim | AK95: Sim | AL95: Coluna | AM95: =MONTH(B95)&"/"&YEAR(B95) -> 3/2026 | AN95: =WEEKNUM(B95)-WEEKNUM(EOMONTH(B95,-1)+1)+1 -> 4 | AO95: =MONTH(R95)&"/"&YEAR(R95) -> 5/2026 | AP95: =WEEKNUM(R95)-WEEKNUM(EOMONTH(R95,-1)+1)+1 -> 5 | AQ95: =IF(AU95="S",IF(Q95="1. Aceitou o programa",R95-B95,0),0) -> 64 | AR95: =IF(AU95="S",IF(AND(S95<>"",R95<>""),S95-R95,0),0) -> 0 | AS95: =IF(AU95="S",IF(Q95="1. Aceitou o programa",IF(OR(X95="Não se Aplica",X95=""),IF(OR(W95="Não se Aplica",W95=""),0,W95-V95),AVERAGE(X95-W95,W95-V95)),0),0) -> 6 | AT95: =IF(AU95="S",IF(AND(Q95="1. Aceitou o programa",AB95="Realizada"),IFERROR(IF(AA95="",0,AA95-R95),0),0),0) -> 0 | AU95: =_xlfn.XLOOKUP(U95,'Lista Suspensa'!$AA$20:$AA$23,'Lista Suspensa'!$AB$20:$AB$23,"N/A") -> S
A96: Não | B96: 46104 | C96: Transbordo/Navegação | D96: Captado pela Amil/Call Center | E96: 89058399 | F96: DANIELA DE MORAIS BORTOLETTO | G96: 21871636876 | H96: 30118 | J96: F | K96: SP | L96: SAO PAULO | M96: JARDIM GERMANIA | N96: NÍVEL 110 | O96: 11-94973-6065 | P96: Equiipe CMDP | Q96: 1. Aceitou o programa | R96: 46167 | T96: Contato Com Sucesso | U96: Ativo | V96: 46156 | W96: 46164 | X96: Não se aplica | Y96: contato com sucesso em 22/05 | Z96: Agendada | AA96: 22/06/2026 10:40 | AB96: agendada | AC96: pendente | AD96: pendente | AE96: pendente | AF96: pendente | AG96: Hospital Luz - Unidade Avançada Cubatão | AH96: pendente | AJ96: Sim | AK96: Sim | AL96: Coluna | AM96: =MONTH(B96)&"/"&YEAR(B96) -> 3/2026 | AN96: =WEEKNUM(B96)-WEEKNUM(EOMONTH(B96,-1)+1)+1 -> 4 | AO96: =MONTH(R96)&"/"&YEAR(R96) -> 5/2026 | AP96: =WEEKNUM(R96)-WEEKNUM(EOMONTH(R96,-1)+1)+1 -> 5 | AQ96: =IF(AU96="S",IF(Q96="1. Aceitou o programa",R96-B96,0),0) -> 63 | AR96: =IF(AU96="S",IF(AND(S96<>"",R96<>""),S96-R96,0),0) -> 0 | AS96: =IF(AU96="S",IF(Q96="1. Aceitou o programa",IF(OR(X96="Não se Aplica",X96=""),IF(OR(W96="Não se Aplica",W96=""),0,W96-V96),AVERAGE(X96-W96,W96-V96)),0),0) -> 8 | AT96: =IF(AU96="S",IF(AND(Q96="1. Aceitou o programa",AB96="Realizada"),IFERROR(IF(AA96="",0,AA96-R96),0),0),0) -> 0 | AU96: =_xlfn.XLOOKUP(U96,'Lista Suspensa'!$AA$20:$AA$23,'Lista Suspensa'!$AB$20:$AB$23,"N/A") -> S
A97: Não | B97: 46104 | C97: Transbordo/Navegação | D97: Captado pela Amil/Call Center | E97: 92578899 | F97: GEOVANE PETRUNGARO TORRES | G97: 15302115735 | H97: 34016 | J97: M | K97: RJ | L97: RIO DE JANEIRO | M97: TODOS OS SANTOS | N97: NÍVEL 120 | O97: 21-992582535 | P97: Equiipe CMDP | Q97: 1. Aceitou o programa | R97: 46167 | T97: Contato Com Sucesso | U97: Ativo | V97: 46156 | W97: 46164 | X97: 46168 | Z97: Agendada | AA97: 22/06/2026 11:00 | AB97: agendada | AC97: pendente | AD97: pendente | AE97: pendente | AF97: pendente | AG97: amil tijuca | AH97: pendente | AJ97: Sim | AK97: Sim | AL97: Coluna | AM97: =MONTH(B97)&"/"&YEAR(B97) -> 3/2026 | AN97: =WEEKNUM(B97)-WEEKNUM(EOMONTH(B97,-1)+1)+1 -> 4 | AO97: =MONTH(R97)&"/"&YEAR(R97) -> 5/2026 | AP97: =WEEKNUM(R97)-WEEKNUM(EOMONTH(R97,-1)+1)+1 -> 5 | AQ97: =IF(AU97="S",IF(Q97="1. Aceitou o programa",R97-B97,0),0) -> 63 | AR97: =IF(AU97="S",IF(AND(S97<>"",R97<>""),S97-R97,0),0) -> 0 | AS97: =IF(AU97="S",IF(Q97="1. Aceitou o programa",IF(OR(X97="Não se Aplica",X97=""),IF(OR(W97="Não se Aplica",W97=""),0,W97-V97),AVERAGE(X97-W97,W97-V97)),0),0) -> 6 | AT97: =IF(AU97="S",IF(AND(Q97="1. Aceitou o programa",AB97="Realizada"),IFERROR(IF(AA97="",0,AA97-R97),0),0),0) -> 0 | AU97: =_xlfn.XLOOKUP(U97,'Lista Suspensa'!$AA$20:$AA$23,'Lista Suspensa'!$AB$20:$AB$23,"N/A") -> S
A98: Não | B98: 46104 | C98: Transbordo/Navegação | D98: Captado pela Amil/Call Center | E98: 89254583 | F98: MARCO DAMELE | G98: 70180332171 | H98: 34236 | J98: M | K98: RJ | L98: RIO DE JANEIRO | M98: COPACABANA | N98: NÍVEL 120 | O98: 21-997071662 | P98: Equiipe CMDP | Q98: 1. Aceitou o programa | R98: 46167 | T98: Contato Com Sucesso | U98: Ativo | V98: 46156 | W98: 46164 | X98: 46168 | Z98: Agendada | AA98: 22/06/2026 11:20 | AB98: agendada | AC98: pendente | AD98: pendente | AE98: pendente | AF98: pendente | AG98: amil tijuca | AH98: pendente | AJ98: Sim | AK98: Sim | AL98: Coluna | AM98: =MONTH(B98)&"/"&YEAR(B98) -> 3/2026 | AN98: =WEEKNUM(B98)-WEEKNUM(EOMONTH(B98,-1)+1)+1 -> 4 | AO98: =MONTH(R98)&"/"&YEAR(R98) -> 5/2026 | AP98: =WEEKNUM(R98)-WEEKNUM(EOMONTH(R98,-1)+1)+1 -> 5 | AQ98: =IF(AU98="S",IF(Q98="1. Aceitou o programa",R98-B98,0),0) -> 63 | AR98: =IF(AU98="S",IF(AND(S98<>"",R98<>""),S98-R98,0),0) -> 0 | AS98: =IF(AU98="S",IF(Q98="1. Aceitou o programa",IF(OR(X98="Não se Aplica",X98=""),IF(OR(W98="Não se Aplica",W98=""),0,W98-V98),AVERAGE(X98-W98,W98-V98)),0),0) -> 6 | AT98: =IF(AU98="S",IF(AND(Q98="1. Aceitou o programa",AB98="Realizada"),IFERROR(IF(AA98="",0,AA98-R98),0),0),0) -> 0 | AU98: =_xlfn.XLOOKUP(U98,'Lista Suspensa'!$AA$20:$AA$23,'Lista Suspensa'!$AB$20:$AB$23,"N/A") -> S
A99: Não | B99: 46104 | C99: Transbordo/Navegação | D99: Captado pela Amil/Call Center | E99: 89345868 | F99: JANDIRA ANACLETO DA SILVA | G99: 5667023717 | H99: 27444 | J99: F | K99: RJ | L99: MAGE | M99: CIDADE HORACIO (VILA INHOMIRIM) | N99: NÍVEL 75 | O99: 21-989585622 | P99: Equiipe CMDP | Q99: 1. Aceitou o programa | R99: 46168 | T99: Contato Com Sucesso | U99: Ativo | V99: 46156 | W99: 46167 | X99: 46168 | Y99: contato com sucesso 14/05 | Z99: Agendada | AA99: 22/06/2026 11:40 | AB99: agendada | AC99: pendente | AD99: pendente | AE99: pendente | AF99: pendente | AG99: AMIL ESPAÇO SAÚDE - TIJUCA | AH99: pendente | AJ99: Sim | AK99: Sim | AL99: Coluna | AM99: =MONTH(B99)&"/"&YEAR(B99) -> 3/2026 | AN99: =WEEKNUM(B99)-WEEKNUM(EOMONTH(B99,-1)+1)+1 -> 4 | AO99: =MONTH(R99)&"/"&YEAR(R99) -> 5/2026 | AP99: =WEEKNUM(R99)-WEEKNUM(EOMONTH(R99,-1)+1)+1 -> 5 | AQ99: =IF(AU99="S",IF(Q99="1. Aceitou o programa",R99-B99,0),0) -> 64 | AR99: =IF(AU99="S",IF(AND(S99<>"",R99<>""),S99-R99,0),0) -> 0 | AS99: =IF(AU99="S",IF(Q99="1. Aceitou o programa",IF(OR(X99="Não se Aplica",X99=""),IF(OR(W99="Não se Aplica",W99=""),0,W99-V99),AVERAGE(X99-W99,W99-V99)),0),0) -> 6 | AT99: =IF(AU99="S",IF(AND(Q99="1. Aceitou o programa",AB99="Realizada"),IFERROR(IF(AA99="",0,AA99-R99),0),0),0) -> 0 | AU99: =_xlfn.XLOOKUP(U99,'Lista Suspensa'!$AA$20:$AA$23,'Lista Suspensa'!$AB$20:$AB$23,"N/A") -> S
A100: Não | B100: 46104 | C100: Transbordo/Navegação | D100: Captado pela Amil/Call Center | E100: 94147992 | F100: WILLIAM DE SOUSA DIAS | G100: 7955741773 | H100: 28503 | J100: M | K100: RJ | L100: RIO DE JANEIRO | M100: SANTISSIMO | N100: NÍVEL 75 | O100: 22-999829409 | P100: Equiipe CMDP | Q100: 1. Aceitou o programa | R100: 46168 | T100: Contato Com Sucesso | U100: Ativo | V100: 46156 | W100: 46164 | X100: 46168 | Z100: Agendada | AA100: 22/06/2026 13:00 | AB100: agendada | AC100: pendente | AD100: pendente | AE100: pendente | AF100: pendente | AG100: campo grande | AH100: pendente | AJ100: Sim | AK100: Sim | AL100: Coluna | AM100: =MONTH(B100)&"/"&YEAR(B100) -> 3/2026 | AN100: =WEEKNUM(B100)-WEEKNUM(EOMONTH(B100,-1)+1)+1 -> 4 | AO100: =MONTH(R100)&"/"&YEAR(R100) -> 5/2026 | AP100: =WEEKNUM(R100)-WEEKNUM(EOMONTH(R100,-1)+1)+1 -> 5 | AQ100: =IF(AU100="S",IF(Q100="1. Aceitou o programa",R100-B100,0),0) -> 64 | AR100: =IF(AU100="S",IF(AND(S100<>"",R100<>""),S100-R100,0),0) -> 0 | AS100: =IF(AU100="S",IF(Q100="1. Aceitou o programa",IF(OR(X100="Não se Aplica",X100=""),IF(OR(W100="Não se Aplica",W100=""),0,W100-V100),AVERAGE(X100-W100,W100-V100)),0),0) -> 6 | AT100: =IF(AU100="S",IF(AND(Q100="1. Aceitou o programa",AB100="Realizada"),IFERROR(IF(AA100="",0,AA100-R100),0),0),0) -> 0 | AU100: =_xlfn.XLOOKUP(U100,'Lista Suspensa'!$AA$20:$AA$23,'Lista Suspensa'!$AB$20:$AB$23,"N/A") -> S
A101: Não | B101: 46104 | C101: Transbordo/Navegação | D101: Captado pela Amil/Call Center | E101: 89586146 | F101: MARIA ELENA GOMES DA SILVA | G101: 8852397841 | H101: 24493 | J101: F | K101: SP | L101: SAO PAULO | M101: JARDIM PERI PERI | N101: NÍVEL 80 | O101: 11-941239343 | P101: Equiipe CMDP | Q101: 1. Aceitou o programa | R101: 46167 | T101: Contato Com Sucesso | U101: Ativo | V101: 46156 | W101: 46164 | X101: 46168 | Z101: Agendada | AA101: 22/06/2026 13:20 | AB101: agendada | AC101: pendente | AD101: pendente | AE101: pendente | AF101: pendente | AG101: Tatuape | AH101: pendente | AJ101: Sim | AK101: Sim | AL101: Coluna | AM101: =MONTH(B101)&"/"&YEAR(B101) -> 3/2026 | AN101: =WEEKNUM(B101)-WEEKNUM(EOMONTH(B101,-1)+1)+1 -> 4 | AO101: =MONTH(R101)&"/"&YEAR(R101) -> 5/2026 | AP101: =WEEKNUM(R101)-WEEKNUM(EOMONTH(R101,-1)+1)+1 -> 5 | AQ101: =IF(AU101="S",IF(Q101="1. Aceitou o programa",R101-B101,0),0) -> 63 | AR101: =IF(AU101="S",IF(AND(S101<>"",R101<>""),S101-R101,0),0) -> 0 | AS101: =IF(AU101="S",IF(Q101="1. Aceitou o programa",IF(OR(X101="Não se Aplica",X101=""),IF(OR(W101="Não se Aplica",W101=""),0,W101-V101),AVERAGE(X101-W101,W101-V101)),0),0) -> 6 | AT101: =IF(AU101="S",IF(AND(Q101="1. Aceitou o programa",AB101="Realizada"),IFERROR(IF(AA101="",0,AA101-R101),0),0),0) -> 0 | AU101: =_xlfn.XLOOKUP(U101,'Lista Suspensa'!$AA$20:$AA$23,'Lista Suspensa'!$AB$20:$AB$23,"N/A") -> S
A102: Não | B102: 46104 | C102: Transbordo/Navegação | D102: Captado pela Amil/Call Center | E102: 89949275 | F102: JANNAYNA DE LUCENA COSTA | G102: 33221305842 | H102: 31041 | J102: F | K102: SP | L102: SAO PAULO | M102: NAO INFORMADO | N102: NÍVEL 60 | O102: 11-932026890 | P102: Equiipe CMDP | Q102: 1. Aceitou o programa | R102: 46167 | T102: Contato Com Sucesso | U102: Ativo | V102: 46156 | W102: 46160 | X102: 46168 | Y102: contato com sucesso em 18/05 | Z102: Agendada | AA102: 23/06/2026 09:20 | AB102: agendada | AC102: pendente | AD102: pendente | AE102: pendente | AF102: pendente | AG102: Unidade avançada vitoria | AH102: pendente | AJ102: Sim | AK102: Sim | AL102: Coluna | AM102: =MONTH(B102)&"/"&YEAR(B102) -> 3/2026 | AN102: =WEEKNUM(B102)-WEEKNUM(EOMONTH(B102,-1)+1)+1 -> 4 | AO102: =MONTH(R102)&"/"&YEAR(R102) -> 5/2026 | AP102: =WEEKNUM(R102)-WEEKNUM(EOMONTH(R102,-1)+1)+1 -> 5 | AQ102: =IF(AU102="S",IF(Q102="1. Aceitou o programa",R102-B102,0),0) -> 63 | AR102: =IF(AU102="S",IF(AND(S102<>"",R102<>""),S102-R102,0),0) -> 0 | AS102: =IF(AU102="S",IF(Q102="1. Aceitou o programa",IF(OR(X102="Não se Aplica",X102=""),IF(OR(W102="Não se Aplica",W102=""),0,W102-V102),AVERAGE(X102-W102,W102-V102)),0),0) -> 6 | AT102: =IF(AU102="S",IF(AND(Q102="1. Aceitou o programa",AB102="Realizada"),IFERROR(IF(AA102="",0,AA102-R102),0),0),0) -> 0 | AU102: =_xlfn.XLOOKUP(U102,'Lista Suspensa'!$AA$20:$AA$23,'Lista Suspensa'!$AB$20:$AB$23,"N/A") -> S
A103: Não | B103: 46104 | C103: Transbordo/Navegação | D103: Captado pela Amil/Call Center | E103: 92661278 | F103: DAISY ALVES DA SILVA | G103: 27405875890 | H103: 26816 | J103: F | K103: SP | L103: SAO PAULO | M103: JARDIM DONA SINHA | N103: NÍVEL 80 | O103: 11-970348514 | P103: Equiipe CMDP | Q103: 1. Aceitou o programa | R103: 46167 | T103: Contato Com Sucesso | U103: Ativo | V103: 46156 | W103: 46164 | X103: 46168 | Z103: Agendada | AA103: 23/06/2026 09:40 | AB103: agendada | AC103: pendente | AD103: pendente | AE103: pendente | AF103: pendente | AG103: AMIL - UNIDADE AVANÇADA VITÓRIA | AH103: pendente | AJ103: Sim | AK103: Sim | AL103: Coluna | AM103: =MONTH(B103)&"/"&YEAR(B103) -> 3/2026 | AN103: =WEEKNUM(B103)-WEEKNUM(EOMONTH(B103,-1)+1)+1 -> 4 | AO103: =MONTH(R103)&"/"&YEAR(R103) -> 5/2026 | AP103: =WEEKNUM(R103)-WEEKNUM(EOMONTH(R103,-1)+1)+1 -> 5 | AQ103: =IF(AU103="S",IF(Q103="1. Aceitou o programa",R103-B103,0),0) -> 63 | AR103: =IF(AU103="S",IF(AND(S103<>"",R103<>""),S103-R103,0),0) -> 0 | AS103: =IF(AU103="S",IF(Q103="1. Aceitou o programa",IF(OR(X103="Não se Aplica",X103=""),IF(OR(W103="Não se Aplica",W103=""),0,W103-V103),AVERAGE(X103-W103,W103-V103)),0),0) -> 6 | AT103: =IF(AU103="S",IF(AND(Q103="1. Aceitou o programa",AB103="Realizada"),IFERROR(IF(AA103="",0,AA103-R103),0),0),0) -> 0 | AU103: =_xlfn.XLOOKUP(U103,'Lista Suspensa'!$AA$20:$AA$23,'Lista Suspensa'!$AB$20:$AB$23,"N/A") -> S
A104: Não | B104: 46104 | C104: Transbordo/Navegação | D104: Captado pela Amil/Call Center | E104: 96221928 | F104: ARIANI MARTINS SILVA | G104: 38546117810 | H104: 34397 | J104: F | K104: SP | L104: SAO PAULO | M104: JARDIM AURORA (ZONA LESTE) | N104: NÍVEL 110 | O104: 11-949690964 | P104: Equiipe CMDP | Q104: 1. Aceitou o programa | R104: 46168 | T104: Contato Com Sucesso | U104: Ativo | V104: 46156 | W104: 46160 | X104: 46168 | Y104: contato com sucesso em 18/05 | Z104: Agendada | AA104: 23/06/2026 10:00 | AB104: agendada | AC104: pendente | AD104: pendente | AE104: pendente | AF104: pendente | AG104: tatuape | AH104: pendente | AJ104: Sim | AK104: Sim | AL104: Coluna | AM104: =MONTH(B104)&"/"&YEAR(B104) -> 3/2026 | AN104: =WEEKNUM(B104)-WEEKNUM(EOMONTH(B104,-1)+1)+1 -> 4 | AO104: =MONTH(R104)&"/"&YEAR(R104) -> 5/2026 | AP104: =WEEKNUM(R104)-WEEKNUM(EOMONTH(R104,-1)+1)+1 -> 5 | AQ104: =IF(AU104="S",IF(Q104="1. Aceitou o programa",R104-B104,0),0) -> 64 | AR104: =IF(AU104="S",IF(AND(S104<>"",R104<>""),S104-R104,0),0) -> 0 | AS104: =IF(AU104="S",IF(Q104="1. Aceitou o programa",IF(OR(X104="Não se Aplica",X104=""),IF(OR(W104="Não se Aplica",W104=""),0,W104-V104),AVERAGE(X104-W104,W104-V104)),0),0) -> 6 | AT104: =IF(AU104="S",IF(AND(Q104="1. Aceitou o programa",AB104="Realizada"),IFERROR(IF(AA104="",0,AA104-R104),0),0),0) -> 0 | AU104: =_xlfn.XLOOKUP(U104,'Lista Suspensa'!$AA$20:$AA$23,'Lista Suspensa'!$AB$20:$AB$23,"N/A") -> S
A105: Não | B105: 46104 | C105: Transbordo/Navegação | D105: Captado pela Amil/Call Center | E105: 92950595 | F105: MARIA DE FATIMA DE SOUZA GOMES | G105: 8064063728 | H105: 28288 | J105: F | K105: RJ | L105: RIO DE JANEIRO | M105: CAMPO GRANDE | N105: NÍVEL 120 | O105: 21-985135642 | P105: Equiipe CMDP | Q105: 1. Aceitou o programa | R105: 46168 | T105: Contato Com Sucesso | U105: Ativo | V105: 46156 | W105: 46164 | X105: 46168 | Z105: Agendada | AA105: 23/06/2026 10:20 | AB105: agendada | AC105: pendente | AD105: pendente | AE105: pendente | AF105: pendente | AG105: amil campo grande | AH105: pendente | AJ105: Sim | AK105: Sim | AL105: Coluna | AM105: =MONTH(B105)&"/"&YEAR(B105) -> 3/2026 | AN105: =WEEKNUM(B105)-WEEKNUM(EOMONTH(B105,-1)+1)+1 -> 4 | AO105: =MONTH(R105)&"/"&YEAR(R105) -> 5/2026 | AP105: =WEEKNUM(R105)-WEEKNUM(EOMONTH(R105,-1)+1)+1 -> 5 | AQ105: =IF(AU105="S",IF(Q105="1. Aceitou o programa",R105-B105,0),0) -> 64 | AR105: =IF(AU105="S",IF(AND(S105<>"",R105<>""),S105-R105,0),0) -> 0 | AS105: =IF(AU105="S",IF(Q105="1. Aceitou o programa",IF(OR(X105="Não se Aplica",X105=""),IF(OR(W105="Não se Aplica",W105=""),0,W105-V105),AVERAGE(X105-W105,W105-V105)),0),0) -> 6 | AT105: =IF(AU105="S",IF(AND(Q105="1. Aceitou o programa",AB105="Realizada"),IFERROR(IF(AA105="",0,AA105-R105),0),0),0) -> 0 | AU105: =_xlfn.XLOOKUP(U105,'Lista Suspensa'!$AA$20:$AA$23,'Lista Suspensa'!$AB$20:$AB$23,"N/A") -> S
A106: Não | B106: 46104 | C106: Transbordo/Navegação | D106: Captado pela Amil/Call Center | E106: 93427146 | F106: EDSON DE SOUZA SANTOS | G106: 605146551 | H106: 29861 | J106: M | K106: SP | L106: SAO PAULO | M106: VILA NASCENTE | N106: NÍVEL 110 | O106: 11-980348266 | P106: Equiipe CMDP | Q106: 1. Aceitou o programa | R106: 46168 | T106: Contato Com Sucesso | U106: Ativo | V106: 46157 | W106: 46164 | X106: 46168 | Z106: Agendada | AA106: 23/06/2026 10:40 | AB106: agendada | AC106: pendente | AD106: pendente | AE106: pendente | AF106: pendente | AG106: AMIL - UD CUBATAO SP - HOSPITAL DA LUZ | AH106: pendente | AJ106: Sim | AK106: Sim | AL106: Coluna | AM106: =MONTH(B106)&"/"&YEAR(B106) -> 3/2026 | AN106: =WEEKNUM(B106)-WEEKNUM(EOMONTH(B106,-1)+1)+1 -> 4 | AO106: =MONTH(R106)&"/"&YEAR(R106) -> 5/2026 | AP106: =WEEKNUM(R106)-WEEKNUM(EOMONTH(R106,-1)+1)+1 -> 5 | AQ106: =IF(AU106="S",IF(Q106="1. Aceitou o programa",R106-B106,0),0) -> 64 | AR106: =IF(AU106="S",IF(AND(S106<>"",R106<>""),S106-R106,0),0) -> 0 | AS106: =IF(AU106="S",IF(Q106="1. Aceitou o programa",IF(OR(X106="Não se Aplica",X106=""),IF(OR(W106="Não se Aplica",W106=""),0,W106-V106),AVERAGE(X106-W106,W106-V106)),0),0) -> 5.5 | AT106: =IF(AU106="S",IF(AND(Q106="1. Aceitou o programa",AB106="Realizada"),IFERROR(IF(AA106="",0,AA106-R106),0),0),0) -> 0 | AU106: =_xlfn.XLOOKUP(U106,'Lista Suspensa'!$AA$20:$AA$23,'Lista Suspensa'!$AB$20:$AB$23,"N/A") -> S
A107: Não | B107: 46104 | C107: Transbordo/Navegação | D107: Captado pela Amil/Call Center | E107: 85759653 | F107: BERENICE VIEIRA DE ANDRADE | G107: 2907435833 | H107: 17594 | J107: F | K107: SP | L107: SAO PAULO | M107: VILA SANTA CATARINA | N107: NÍVEL 60 | O107: 11-970869287 | P107: Equiipe CMDP | Q107: 1. Aceitou o programa | R107: 46167 | T107: Contato Com Sucesso | U107: Ativo | V107: 46157 | W107: 46164 | X107: 46168 | Z107: Agendada | AA107: 23/06/2026 11:00 | AB107: agendada | AC107: pendente | AD107: pendente | AE107: pendente | AF107: pendente | AG107: AMIL - UD CUBATAO SP - HOSPITAL DA LUZ | AH107: pendente | AJ107: Sim | AK107: Sim | AL107: Coluna | AM107: =MONTH(B107)&"/"&YEAR(B107) -> 3/2026 | AN107: =WEEKNUM(B107)-WEEKNUM(EOMONTH(B107,-1)+1)+1 -> 4 | AO107: =MONTH(R107)&"/"&YEAR(R107) -> 5/2026 | AP107: =WEEKNUM(R107)-WEEKNUM(EOMONTH(R107,-1)+1)+1 -> 5 | AQ107: =IF(AU107="S",IF(Q107="1. Aceitou o programa",R107-B107,0),0) -> 63 | AR107: =IF(AU107="S",IF(AND(S107<>"",R107<>""),S107-R107,0),0) -> 0 | AS107: =IF(AU107="S",IF(Q107="1. Aceitou o programa",IF(OR(X107="Não se Aplica",X107=""),IF(OR(W107="Não se Aplica",W107=""),0,W107-V107),AVERAGE(X107-W107,W107-V107)),0),0) -> 5.5 | AT107: =IF(AU107="S",IF(AND(Q107="1. Aceitou o programa",AB107="Realizada"),IFERROR(IF(AA107="",0,AA107-R107),0),0),0) -> 0 | AU107: =_xlfn.XLOOKUP(U107,'Lista Suspensa'!$AA$20:$AA$23,'Lista Suspensa'!$AB$20:$AB$23,"N/A") -> S
A108: Não | B108: 46104 | C108: Transbordo/Navegação | D108: Captado pela Amil/Call Center | E108: 93602523 | F108: MONICA LIMONGELLI GOULART | G108: 14223271830 | H108: 24079 | J108: F | K108: SP | L108: SAO PAULO | M108: VILA BUARQUE | N108: NÍVEL 110 | O108: 11-970842291 | P108: Equiipe CMDP | Q108: 1. Aceitou o programa | R108: 46168 | T108: Contato Com Sucesso | U108: Ativo | V108: 46157 | W108: 46164 | X108: 46168 | Z108: Agendada | AA108: 23/06/2026 11:20 | AB108: agendada | AC108: pendente | AD108: pendente | AE108: pendente | AF108: pendente | AG108: Hospital Vitória – Tatuapé/SP | AH108: pendente | AJ108: Sim | AK108: Sim | AL108: Coluna | AM108: =MONTH(B108)&"/"&YEAR(B108) -> 3/2026 | AN108: =WEEKNUM(B108)-WEEKNUM(EOMONTH(B108,-1)+1)+1 -> 4 | AO108: =MONTH(R108)&"/"&YEAR(R108) -> 5/2026 | AP108: =WEEKNUM(R108)-WEEKNUM(EOMONTH(R108,-1)+1)+1 -> 5 | AQ108: =IF(AU108="S",IF(Q108="1. Aceitou o programa",R108-B108,0),0) -> 64 | AR108: =IF(AU108="S",IF(AND(S108<>"",R108<>""),S108-R108,0),0) -> 0 | AS108: =IF(AU108="S",IF(Q108="1. Aceitou o programa",IF(OR(X108="Não se Aplica",X108=""),IF(OR(W108="Não se Aplica",W108=""),0,W108-V108),AVERAGE(X108-W108,W108-V108)),0),0) -> 5.5 | AT108: =IF(AU108="S",IF(AND(Q108="1. Aceitou o programa",AB108="Realizada"),IFERROR(IF(AA108="",0,AA108-R108),0),0),0) -> 0 | AU108: =_xlfn.XLOOKUP(U108,'Lista Suspensa'!$AA$20:$AA$23,'Lista Suspensa'!$AB$20:$AB$23,"N/A") -> S
A109: Não | B109: 46104 | C109: Transbordo/Navegação | D109: Captado pela Amil/Call Center | E109: 93803780 | F109: KAROLINE RIBEIRO FELIX | G109: 42784813819 | H109: 35004 | J109: F | K109: SP | L109: OSASCO | M109: VELOSO | N109: NÍVEL 60 | O109: 11-976820862 | P109: Equiipe CMDP | Q109: 1. Aceitou o programa | R109: 46167 | T109: Contato Com Sucesso | U109: Ativo | V109: 46157 | W109: 46160 | X109: 46168 | Y109: contato com sucesso em 18/05 | Z109: Agendada | AA109: 23/06/2026 11:40 | AB109: agendada | AC109: pendente | AD109: pendente | AE109: pendente | AF109: pendente | AG109: Unidade avançada vitoria | AH109: pendente | AJ109: Sim | AK109: Sim | AL109: Coluna | AM109: =MONTH(B109)&"/"&YEAR(B109) -> 3/2026 | AN109: =WEEKNUM(B109)-WEEKNUM(EOMONTH(B109,-1)+1)+1 -> 4 | AO109: =MONTH(R109)&"/"&YEAR(R109) -> 5/2026 | AP109: =WEEKNUM(R109)-WEEKNUM(EOMONTH(R109,-1)+1)+1 -> 5 | AQ109: =IF(AU109="S",IF(Q109="1. Aceitou o programa",R109-B109,0),0) -> 63 | AR109: =IF(AU109="S",IF(AND(S109<>"",R109<>""),S109-R109,0),0) -> 0 | AS109: =IF(AU109="S",IF(Q109="1. Aceitou o programa",IF(OR(X109="Não se Aplica",X109=""),IF(OR(W109="Não se Aplica",W109=""),0,W109-V109),AVERAGE(X109-W109,W109-V109)),0),0) -> 5.5 | AT109: =IF(AU109="S",IF(AND(Q109="1. Aceitou o programa",AB109="Realizada"),IFERROR(IF(AA109="",0,AA109-R109),0),0),0) -> 0 | AU109: =_xlfn.XLOOKUP(U109,'Lista Suspensa'!$AA$20:$AA$23,'Lista Suspensa'!$AB$20:$AB$23,"N/A") -> S
A110: Não | B110: 46104 | C110: Transbordo/Navegação | D110: Captado pela Amil/Call Center | E110: 93820942 | F110: MICHELLE CRISTIANE REIS | G110: 9591237766 | H110: 30463 | J110: F | K110: RJ | L110: RIO DE JANEIRO | M110: CASCADURA | N110: NÍVEL 75 | O110: 21-986548273 | P110: Equiipe CMDP | Q110: 1. Aceitou o programa | R110: 46168 | T110: Contato Com Sucesso | U110: Ativo | V110: 46157 | W110: 46160 | X110: 46168 | Y110: contato com sucesso em 18/05 | Z110: Agendada | AA110: 23/06/2026 13:00 | AB110: agendada | AC110: pendente | AD110: pendente | AE110: pendente | AF110: pendente | AG110: Rio de Janeiro – Tijuca | AH110: pendente | AJ110: Sim | AK110: Sim | AL110: Coluna | AM110: =MONTH(B110)&"/"&YEAR(B110) -> 3/2026 | AN110: =WEEKNUM(B110)-WEEKNUM(EOMONTH(B110,-1)+1)+1 -> 4 | AO110: =MONTH(R110)&"/"&YEAR(R110) -> 5/2026 | AP110: =WEEKNUM(R110)-WEEKNUM(EOMONTH(R110,-1)+1)+1 -> 5 | AQ110: =IF(AU110="S",IF(Q110="1. Aceitou o programa",R110-B110,0),0) -> 64 | AR110: =IF(AU110="S",IF(AND(S110<>"",R110<>""),S110-R110,0),0) -> 0 | AS110: =IF(AU110="S",IF(Q110="1. Aceitou o programa",IF(OR(X110="Não se Aplica",X110=""),IF(OR(W110="Não se Aplica",W110=""),0,W110-V110),AVERAGE(X110-W110,W110-V110)),0),0) -> 5.5 | AT110: =IF(AU110="S",IF(AND(Q110="1. Aceitou o programa",AB110="Realizada"),IFERROR(IF(AA110="",0,AA110-R110),0),0),0) -> 0 | AU110: =_xlfn.XLOOKUP(U110,'Lista Suspensa'!$AA$20:$AA$23,'Lista Suspensa'!$AB$20:$AB$23,"N/A") -> S
...

Sheet Lista Suspensa
D1: Motivo Envio | F1: Lista Suspensa - Origem | H1: Linha | I1: Origem (Colocar na ordem desejada) | K1: Lista Suspensa - Local de Acomapanhamento | M1: Linha | N1: Local de Acomapanhamento (Colocar na ordem desejada) | P1: Local de Acomapanhamento atual | R1: Linhas | T1: CA Confirmado? | V1: Status BNF Linha | X1: Status Do Contato | Z1: Situação Atual Do Paciente | AB1: Status Pré Consulta Enfermagem | AD1: Status da 1ª Consulta Enfermagem | AF1: Complexidade | AH1: Direcionado ao Paulistano? | AJ1: Flag | AL1: Encaminhado p/ Consolidado? | AN1: Prioridade no Contato?
B2: CÉLULA COM FÓRMULA - NÃO ALTERAR | D2: Captação + Navegação | F2: {=IF(COUNTIF(Consolidado!$AL:$AL,"Emagrecimento")<>0,_xlfn._xlws.FILTER($I$2:$I$54,$H$2:$H$54<>""),_xlfn._xlws.FILTER($I$2:$I$54,$H$2:$H$54="Outras"))} -> Captado pela Amil/Call Center | H2: Outras | I2: Captado pela Amil/Call Center | K2: {=IF(COUNTIF(Consolidado!$AL:$AL,"Emagrecimento")<>0,_xlfn._xlws.FILTER($N$2:$N$100,$M$2:$M$100<>""),_xlfn._xlws.FILTER($N$2:$N$100,$M$2:$M$100="Outras"))} -> Amil Paulistano | M2: Outras | N2: Amil Paulistano | P2: Amil Paulistano | R2: Colorretal | T2: Em Investigação | V2: 1. Aceitou o programa | X2: Contato Com Sucesso | Z2: Ativo | AB2: Agendada | AD2: Realizada | AF2: Baixa | AH2: Sim | AJ2: Sim | AL2: Sim | AN2: Sim
D3: Navegação | F3: Casos Prioritário - E-mail | H3: Outras | I3: Casos Prioritário - E-mail | K3: Samaritano Higi | M3: Outras | N3: Samaritano Higi | P3: Samaritano Higi | R3: Mama | T3: Confirmado | V3: 2. Em avaliação para participar do programa | X3: Contato Sem Sucesso | Z3: Inativo | AB3: Aguardando Agendamento | AD3: Não realizada - Reagendada | AF3: Média | AH3: Não | AJ3: Desflagado | AL3: Não | AN3: Não
D4: Transbordo/Navegação | F4: Forms Total Care | H4: Outras | I4: Forms Total Care | K4: COI -RJ | M4: Outras | N4: COI -RJ | P4: COI RJ | R4: Pós-TMO | T4: Negativo | V4: 3. Recusa por conta da assinatura do termo | X4: Aguardando Contato | Z4: Fora da Linha | AD4: Não realizada - Desistência | AF4: Alta | AJ4: Pendente | AL4: NA
D5: Migrou do Fluxo de Negativa | F5: GSC | H5: Outras | I5: GSC | K5: Interno - Amil Geral | M5: Outras | N5: Interno - Amil Geral | P5: Externo - Outros | R5: Próstata | T5: NA | V5: 3. Recusa por desconfiança do programa | AD5: Não realizada - Falta | AJ5: Não
F6: Triggers | H6: Outras | I6: Triggers | K6: Externo - Geral | M6: Outras | N6: Externo - Geral | R6: Pulmão | V6: 3. Recusa por falta de interesse | AD6: Recusa
F7: Viva Bem | H7: Outras | I7: Viva Bem | K7: Não Informou | M7: Outras | N7: Não Informou | R7: Autoimunidade | V7: 3. Recusa pela coparticipação
F8: Saúde Ocupacional | H8: Outras | I8: Saúde Ocupacional | K8: CMDP - Centro Médico Dom Pedro | M8: Outras | N8: CMDP - Centro Médico Dom Pedro | R8: Anticoagulante | V8: 3. Recusa por estar fora da região
F9: Optin | H9: Emagrecimento | I9: Ambulatório - Américas | K9: Outros | M9: Outras | N9: Outros | R9: Arritmias | V9: 3. Recusa por outros motivos | Z9: Ativo/Inativo | AA9: Ativo
H10: Emagrecimento | I10: Ambulatório - Samaritano Barra | K10: Amil - Hospital Ipiranga Arujá - Ambulatório | M10: Outras | N10: Amil - Hospital Ipiranga Arujá - Ambulatório | R10: ICC | V10: 4. Inelegível fora do escopo | Z10: Ativo/Inativo | AA10: Inativo
H11: Emagrecimento | I11: Captado pela Amil | K11: Amil - Hospital Ipiranga Mogi - Ambulatório | M11: Outras | N11: Amil - Hospital Ipiranga Mogi - Ambulatório | R11: Pós-IAM | V11: 4. Exclusão do plano | Z11: Ativo | AA11: Ativo
H12: Emagrecimento | I12: Captado pela Amil - Endocrino CMDP | K12: Amil - Hospital Metropolitano - Centro Médico | M12: Outras | N12: Amil - Hospital Metropolitano - Centro Médico | R12: Valvopatias | V12: 4. Óbito | Z12: Inativo | AA12: Inativo
H13: Emagrecimento | I13: CMDP - Busca Ativa do Paciente | K13: Amil - Hospital Paulistano - Ambulatório | M13: Outras | N13: Amil - Hospital Paulistano - Ambulatório | R13: Diabetes | V13: 4. Não Captar a pedido da Operadora | Z13: Fora da Linha | AA13: Fora da Linha
H14: Emagrecimento | I14: CMDP - Eduardo | K14: Amil - Ud Cubatão Sp - Hospital Da Luz | M14: Outras | N14: Amil - Ud Cubatão Sp - Hospital Da Luz | R14: Emagrecimento | V14: 5. Alta por óbito | Z14: Total | AA14: Ativo
H15: Emagrecimento | I15: CMDP Nutri - Andreza Oliveira Barbosa | K15: Amil - Unidade Avançada Carlos Chagas | M15: Outras | N15: Amil - Unidade Avançada Carlos Chagas | R15: Gestantes | V15: 5. Alta por inelegibilidade | Z15: Total | AA15: Inativo
H16: Emagrecimento | I16: CMDP Nutri - Helena Guazzelli | K16: Amil - Unidade Avançada Luz Butantã | M16: Outras | N16: Amil - Unidade Avançada Luz Butantã | R16: Coluna | V16: 5. Alta por múltiplas tentativas | Z16: Total | AA16: Fora da Linha
H17: Emagrecimento | I17: CMDP Nutri - Juliana Cardoso Gaia | K17: Amil - Unidade Avançada Luz Joao Dias | M17: Outras | N17: Amil - Unidade Avançada Luz Joao Dias | R17: Pós-AVC | V17: 5. Alta a pedido - recusa em assinar o termo
H18: Emagrecimento | I18: CMDP Nutri - Maria Carolina Vieira Marrano | K18: Amil - Unidade Avançada Vitoria | M18: Outras | N18: Amil - Unidade Avançada Vitoria | R18: Cefaleia | V18: 5. Alta a pedido - perda de interesse
H19: Emagrecimento | I19: CMDP Nutri - Mariana Freire Lima | K19: Amil Espaço Saúde - Ana Rosa | M19: Outras | N19: Amil Espaço Saúde - Ana Rosa | R19: Endometriose | V19: 5. Alta a pedido - mudança de região
H20: Emagrecimento | I20: CMDP Nutri - Rosangela Cristina Toni Dos Santos | K20: Amil Espaço Saúde - Botafogo | M20: Outras | N20: Amil Espaço Saúde - Botafogo | R20: Fumo Zero | V20: 5. Alta por exclusão do plano | Z20: =+Análise!$C$4 -> Total | AA20: {=_xlfn._xlws.FILTER($AA$9:$AA$16,$Z$9:$Z$16=$Z$20)} -> Ativo | AB20: S
H21: Emagrecimento | I21: CMDP Nutri - Tamyres Yuri Silva Palhares | K21: Amil Espaço Saúde - Campo Grande | M21: Outras | N21: Amil Espaço Saúde - Campo Grande | R21: Asma | V21: 5. Alta por outros motivos | AA21: Inativo | AB21: S
H22: Emagrecimento | I22: CMDP Nutri - Victor De Faria Hernandes | K22: Amil Espaço Saúde - Caxias | M22: Outras | N22: Amil Espaço Saúde - Caxias | R22: DPOC | V22: 5. Alta a pedido da operadora | AA22: Fora da Linha | AB22: S
H23: Emagrecimento | I23: Empresa - Light | K23: Amil Espaço Saúde - Guarulhos | M23: Outras | N23: Amil Espaço Saúde - Guarulhos | R23: Renal | V23: 6. Contato sem sucesso | AB23: S
H24: Emagrecimento | I24: Empresa - Qualitech | K24: Amil Espaço Saúde - Niterói | M24: Outras | N24: Amil Espaço Saúde - Niterói | R24: Tx Hepatico | V24: 7. Em fase de captação
H25: Emagrecimento | I25: Equipe - Cirurgião Luiz Alfredo | K25: Amil Espaço Saúde - Nova Iguaçu | M25: Outras | N25: Amil Espaço Saúde - Nova Iguaçu | V25: 8. Não contactado
H26: Emagrecimento | I26: Equipe - Cirurgião Michel Menezes | K26: Amil Espaço Saúde - Osasco | M26: Outras | N26: Amil Espaço Saúde - Osasco | V26: 9. Não informado
H27: Emagrecimento | I27: Equipe - Clínica Sallet | K27: Amil Espaço Saúde - Santana | M27: Outras | N27: Amil Espaço Saúde - Santana | Z27: Ativo/Inativo
H28: Emagrecimento | I28: Equipe - Clinigest | K28: Amil Espaço Saúde - Tijuca | M28: Outras | N28: Amil Espaço Saúde - Tijuca | Z28: Ativo
H29: Emagrecimento | I29: Equipe - Dr Antonio Claudio Jamel | K29: Amil Telemedicina | M29: Outras | N29: Amil Telemedicina | Z29: Inativo
H30: Emagrecimento | I30: Equipe - Dr. Fernando Barros | K30: Centro Médico Jardim | M30: Outras | N30: Centro Médico Jardim | Z30: Fora da Linha
H31: Emagrecimento | I31: Equipe - Dr. Guilherme Ribas | K31: Centro Médico Joao Azevedo - Sbc II | M31: Outras | N31: Centro Médico Joao Azevedo - Sbc II | Z31: Total
H32: Emagrecimento | I32: Equipe - Dr. Jose Antonio Possidente Pacheco | K32: Centro Médico João Azevedo - Sbc I | M32: Outras | N32: Centro Médico João Azevedo - Sbc I
H33: Emagrecimento | I33: Equipe - Dr. Luiz Alfredo | K33: Centro Médico Luiz Ferreira - Sbc | M33: Outras | N33: Centro Médico Luiz Ferreira - Sbc
H34: Emagrecimento | I34: Equipe - Dr. Michel Menezes | K34: Centro Médico - Samaritano Higienópolis | M34: Outras | N34: Centro Médico - Samaritano Higienópolis
H35: Emagrecimento | I35: Equipe - Dr. Paulo Roberto Falcão | K35: Centro Médico Hospital São Lucas | M35: Outras | N35: Centro Médico Hospital São Lucas
H36: Emagrecimento | I36: Equipe - Dra. Ana Kariana Soares Alves | K36: Hospital Alvorada Ambulatório Arapanés | M36: Outras | N36: Hospital Alvorada Ambulatório Arapanés
H37: Emagrecimento | I37: Equipe - Dra. Damiana de Cassia | K37: Hospital Alvorada Moema | M37: Outras | N37: Hospital Alvorada Moema
H38: Emagrecimento | I38: Equipe - Dra. Mariana Araujo Santos | K38: Hospital Américas - Ambulatório | M38: Outras | N38: Hospital Américas - Ambulatório
H39: Emagrecimento | I39: Equipe - FERNANDO DE BARROS | K39: Hospital Samaritano Paulista - Ambulatório | M39: Outras | N39: Hospital Samaritano Paulista - Ambulatório
H40: Emagrecimento | I40: Equipe - Instituto Castro | K40: Amil Espaço Saúde - Tatuapé | M40: Emagrecimento | N40: AES - Botafogo <= 400
H41: Emagrecimento | I41: Equipe - NewMatrix Serviços Médico | K41: Amil Espaço Saúde - Santo Amaro | M41: Emagrecimento | N41: AES - Campo Grande <= 400
H42: Emagrecimento | I42: Navegação | K42: Amil Espaço Saúde - Guarulhos | M42: Emagrecimento | N42: AES - Caxias <= 400
H43: Emagrecimento | I43: Outras Indicações Amil | K43: Amil Espaço Saúde - Santa Helena | M43: Emagrecimento | N43: AES - Niteroi <= 400
... H45: Emagrecimento | I45: Cirurgião bariátrico (Externo) | K45: SUS | M45: Emagrecimento | N45: AES - Osasco <= 400
H46: Outras | I46: Optin | M46: Emagrecimento | N46: AES - Nova Iguaçu <= 400
M47: Emagrecimento | N47: ASM - Centro Médico Hospital São Lucas > 400
M48: Emagrecimento | N48: ASM - Hospital Américas - Ambulatório > 400
M49: Emagrecimento | N49: ASM - Centro Médico Samaritano > 400
M50: Emagrecimento | N50: AMIL - Hospital Ipiranga Mogi - Ambulatório <= 400
M51: Emagrecimento | N51: AMIL - Unidade Avançada Luz Butantã <= 400
M52: Emagrecimento | N52: AMIL - Unidade Avançada Vitória <= 400
M53: Emagrecimento | N53: AMIL - Unidade Avançada Luiz Joao Dias <= 400
M54: Emagrecimento | N54: AP - Centro Médico João Azevedo SBC I <= 400
M55: Emagrecimento | N55: CMDP - Centro Médico Dom Pedro
M56: Outras | N56: Amil Espaço Saúde - Tatuapé
M57: Outras | N57: Amil Espaço Saúde - Santo Amaro
M58: Outras | N58: Amil Espaço Saúde - Guarulhos
... M61: Outras | N61: SUS

Sheet Análise
B2: Linha | C2: Coluna
B3: Motivo Envio
B4: Situação Atual do Paciente | C4: Total
B7: Mês/Ano | C7: 46143 | D7: >> Inserir no formato Mês / Ano apenas - como 01/2026, 02/2026, etc.
B9: Início | C9: 46023
B10: Fim | C10: 46171
B12: CONTAGEM DE PACIENTES
B14: Status BNF Linha | C14: Semana | H14: Mês | K14: Parâmetros | L14: Semana | S14: Status BNF Linha | T14: Absoluto | U14: Percentual | W14: Parâmetros
C15: 1 | D15: 2 | E15: 3 | F15: 4 | G15: 5 | H15: Absoluto | I15: Percentual | L15: 1 | M15: 2 | N15: 3 | O15: 4 | P15: 5 | Q15: Mês | S15: 1. Aceitou o programa | T15: =COUNTIFS(Consolidado!$AL:$AL,IF(ISBLANK($C$2),"<>",$C$2),Consolidado!$Q:$Q,Análise!S15,Consolidado!$B:$B,"<="&Análise!$C$10,Consolidado!$B:$B,">="&Análise!$C$9,Consolidado!$C:$C,IF(ISBLANK($C$3),"<>",$C$3),Consolidado!$AU:$AU,"S") -> 2050 | U15: =IFERROR(T15/$T$40,0) -> 0.46046721 | W15: Taxa de Captação | Y15: =IFERROR(T15/T40,0) -> 0.46046721
B16: 1. Aceitou o programa | C16: =COUNTIFS(Consolidado!$AN:$AN,Análise!C$15,Consolidado!$AM:$AM,Análise!$C$7,Consolidado!$AL:$AL,IF(ISBLANK($C$2),"<>",$C$2),Consolidado!$Q:$Q,Análise!$B16,Consolidado!$C:$C,IF(ISBLANK($C$3),"<>",$C$3),Consolidado!$AU:$AU,"S") -> 0 | D16: =COUNTIFS(Consolidado!$AN:$AN,Análise!D$15,Consolidado!$AM:$AM,Análise!$C$7,Consolidado!$AL:$AL,IF(ISBLANK($C$2),"<>",$C$2),Consolidado!$Q:$Q,Análise!$B16,Consolidado!$C:$C,IF(ISBLANK($C$3),"<>",$C$3),Consolidado!$AU:$AU,"S") -> 11 | E16: =COUNTIFS(Consolidado!$AN:$AN,Análise!E$15,Consolidado!$AM:$AM,Análise!$C$7,Consolidado!$AL:$AL,IF(ISBLANK($C$2),"<>",$C$2),Consolidado!$Q:$Q,Análise!$B16,Consolidado!$C:$C,IF(ISBLANK($C$3),"<>",$C$3),Consolidado!$AU:$AU,"S") -> 11 | F16: =COUNTIFS(Consolidado!$AN:$AN,Análise!F$15,Consolidado!$AM:$AM,Análise!$C$7,Consolidado!$AL:$AL,IF(ISBLANK($C$2),"<>",$C$2),Consolidado!$Q:$Q,Análise!$B16,Consolidado!$C:$C,IF(ISBLANK($C$3),"<>",$C$3),Consolidado!$AU:$AU,"S") -> 12 | G16: =COUNTIFS(Consolidado!$AN:$AN,Análise!G$15,Consolidado!$AM:$AM,Análise!$C$7,Consolidado!$AL:$AL,IF(ISBLANK($C$2),"<>",$C$2),Consolidado!$Q:$Q,Análise!$B16,Consolidado!$C:$C,IF(ISBLANK($C$3),"<>",$C$3),Consolidado!$AU:$AU,"S") -> 4 | H16: =SUM(C16:G16) -> 38 | I16: =+IFERROR(H16/$H$41,0) -> 0.7037037 | K16: Total | L16: =+C41 -> 0 | M16: =+D41 -> 14 | N16: =+E41 -> 11 | O16: =+F41 -> 16 | P16: =+G41 -> 13 | Q16: =+H41 -> 54 | S16: 2. Em avaliação para participar do programa | T16: =COUNTIFS(Consolidado!$AL:$AL,IF(ISBLANK($C$2),"<>",$C$2),Consolidado!$Q:$Q,Análise!S16,Consolidado!$B:$B,"<="&Análise!$C$10,Consolidado!$B:$B,">="&Análise!$C$9,Consolidado!$C:$C,IF(ISBLANK($C$3),"<>",$C$3),Consolidado!$AU:$AU,"S") -> 0 | U16: =IFERROR(T16/$T$40,0) -> 0 | W16: SLA Captação Médio | Y16: =IFERROR(SUMIFS(Consolidado!AQ:AQ,Consolidado!$AL:$AL,IF(ISBLANK($C$2),"<>",$C$2),Consolidado!$B:$B,"<="&Análise!$C$10,Consolidado!$B:$B,">="&Análise!$C$9,Consolidado!$C:$C,IF(ISBLANK($C$3),"<>",$C$3))/T15,0) -> 50.602927
B17: 2. Em avaliação para participar do programa | C17: =COUNTIFS(Consolidado!$AN:$AN,Análise!C$15,Consolidado!$AM:$AM,Análise!$C$7,Consolidado!$AL:$AL,IF(ISBLANK($C$2),"<>",$C$2),Consolidado!$Q:$Q,Análise!$B17,Consolidado!$C:$C,IF(ISBLANK($C$3),"<>",$C$3),Consolidado!$AU:$AU,"S") -> 0 | D17: =COUNTIFS(Consolidado!$AN:$AN,Análise!D$15,Consolidado!$AM:$AM,Análise!$C$7,Consolidado!$AL:$AL,IF(ISBLANK($C$2),"<>",$C$2),Consolidado!$Q:$Q,Análise!$B17,Consolidado!$C:$C,IF(ISBLANK($C$3),"<>",$C$3),Consolidado!$AU:$AU,"S") -> 0 | E17: =COUNTIFS(Consolidado!$AN:$AN,Análise!E$15,Consolidado!$AM:$AM,Análise!$C$7,Consolidado!$AL:$AL,IF(ISBLANK($C$2),"<>",$C$2),Consolidado!$Q:$Q,Análise!$B17,Consolidado!$C:$C,IF(ISBLANK($C$3),"<>",$C$3),Consolidado!$AU:$AU,"S") -> 0 | F17: =COUNTIFS(Consolidado!$AN:$AN,Análise!F$15,Consolidado!$AM:$AM,Análise!$C$7,Consolidado!$AL:$AL,IF(ISBLANK($C$2),"<>",$C$2),Consolidado!$Q:$Q,Análise!$B17,Consolidado!$C:$C,IF(ISBLANK($C$3),"<>",$C$3),Consolidado!$AU:$AU,"S") -> 0 | G17: =COUNTIFS(Consolidado!$AN:$AN,Análise!G$15,Consolidado!$AM:$AM,Análise!$C$7,Consolidado!$AL:$AL,IF(ISBLANK($C$2),"<>",$C$2),Consolidado!$Q:$Q,Análise!$B17,Consolidado!$C:$C,IF(ISBLANK($C$3),"<>",$C$3),Consolidado!$AU:$AU,"S") -> 0 | H17: =SUM(C17:G17) -> 0 | I17: =+IFERROR(H17/$H$41,0) -> 0 | K17: 1. Aceitou o programa | L17: =+C16 -> 0 | M17: =+D16 -> 11 | N17: =+E16 -> 11 | O17: =+F16 -> 12 | P17: =+G16 -> 4 | Q17: =+H16 -> 38 | S17: 3. Recusa por conta da assinatura do termo | T17: =COUNTIFS(Consolidado!$AL:$AL,IF(ISBLANK($C$2),"<>",$C$2),Consolidado!$Q:$Q,Análise!S17,Consolidado!$B:$B,"<="&Análise!$C$10,Consolidado!$B:$B,">="&Análise!$C$9,Consolidado!$C:$C,IF(ISBLANK($C$3),"<>",$C$3),Consolidado!$AU:$AU,"S") -> 0 | U17: =IFERROR(T17/$T$40,0) -> 0 | W17: SLA Tent. Contato Médio | Y17: =IFERROR(SUMIFS(Consolidado!AS:AS,Consolidado!$AL:$AL,IF(ISBLANK($C$2),"<>",$C$2),Consolidado!$B:$B,"<="&Análise!$C$10,Consolidado!$B:$B,">="&Análise!$C$9,Consolidado!$C:$C,IF(ISBLANK($C$3),"<>",$C$3))/COUNTIFS(Consolidado!$AL:$AL,IF(ISBLANK($C$2),"<>",$C$2),Consolidado!$Q:$Q,S$15,Consolidado!$B:$B,"<="&Análise!$C$10,Consolidado!$B:$B,">="&Análise!$C$9,Consolidado!$C:$C,IF(ISBLANK($C$3),"<>",$C$3),Consolidado!$AS:$AS,"<>"&0),0) -> 15.054303
B18: 3. Recusa por conta da assinatura do termo | C18: =COUNTIFS(Consolidado!$AN:$AN,Análise!C$15,Consolidado!$AM:$AM,Análise!$C$7,Consolidado!$AL:$AL,IF(ISBLANK($C$2),"<>",$C$2),Consolidado!$Q:$Q,Análise!$B18,Consolidado!$C:$C,IF(ISBLANK($C$3),"<>",$C$3),Consolidado!$AU:$AU,"S") -> 0 | D18: =COUNTIFS(Consolidado!$AN:$AN,Análise!D$15,Consolidado!$AM:$AM,Análise!$C$7,Consolidado!$AL:$AL,IF(ISBLANK($C$2),"<>",$C$2),Consolidado!$Q:$Q,Análise!$B18,Consolidado!$C:$C,IF(ISBLANK($C$3),"<>",$C$3),Consolidado!$AU:$AU,"S") -> 0 | E18: =COUNTIFS(Consolidado!$AN:$AN,Análise!E$15,Consolidado!$AM:$AM,Análise!$C$7,Consolidado!$AL:$AL,IF(ISBLANK($C$2),"<>",$C$2),Consolidado!$Q:$Q,Análise!$B18,Consolidado!$C:$C,IF(ISBLANK($C$3),"<>",$C$3),Consolidado!$AU:$AU,"S") -> 0 | F18: =COUNTIFS(Consolidado!$AN:$AN,Análise!F$15,Consolidado!$AM:$AM,Análise!$C$7,Consolidado!$AL:$AL,IF(ISBLANK($C$2),"<>",$C$2),Consolidado!$Q:$Q,Análise!$B18,Consolidado!$C:$C,IF(ISBLANK($C$3),"<>",$C$3),Consolidado!$AU:$AU,"S") -> 0 | G18: =COUNTIFS(Consolidado!$AN:$AN,Análise!G$15,Consolidado!$AM:$AM,Análise!$C$7,Consolidado!$AL:$AL,IF(ISBLANK($C$2),"<>",$C$2),Consolidado!$Q:$Q,Análise!$B18,Consolidado!$C:$C,IF(ISBLANK($C$3),"<>",$C$3),Consolidado!$AU:$AU,"S") -> 0 | H18: =SUM(C18:G18) -> 0 | I18: =+IFERROR(H18/$H$41,0) -> 0 | K18: Taxa de Captação | L18: =IFERROR(L17/L16,"") | M18: =IFERROR(M17/M16,"") -> 0.78571429 | N18: =IFERROR(N17/N16,"") -> 1 | O18: =IFERROR(O17/O16,"") -> 0.75 | P18: =IFERROR(P17/P16,"") -> 0.30769231 | Q18: =IFERROR(Q17/Q16,"") -> 0.7037037 | S18: 3. Recusa por desconfiança do programa | T18: =COUNTIFS(Consolidado!$AL:$AL,IF(ISBLANK($C$2),"<>",$C$2),Consolidado!$Q:$Q,Análise!S18,Consolidado!$B:$B,"<="&Análise!$C$10,Consolidado!$B:$B,">="&Análise!$C$9,Consolidado!$C:$C,IF(ISBLANK($C$3),"<>",$C$3),Consolidado!$AU:$AU,"S") -> 2 | U18: =IFERROR(T18/$T$40,0) -> 0.0004492363 | W18: SLA Consulta Médio | Y18: =IFERROR(SUMIFS(Consolidado!AT:AT,Consolidado!$AL:$AL,IF(ISBLANK($C$2),"<>",$C$2),Consolidado!$B:$B,"<="&Análise!$C$10,Consolidado!$B:$B,">="&Análise!$C$9,Consolidado!$C:$C,IF(ISBLANK($C$3),"<>",$C$3))/COUNTIFS(Consolidado!$AL:$AL,IF(ISBLANK($C$2),"<>",$C$2),Consolidado!$Q:$Q,S$15,Consolidado!$B:$B,"<="&Análise!$C$10,Consolidado!$B:$B,">="&Análise!$C$9,Consolidado!$C:$C,IF(ISBLANK($C$3),"<>",$C$3),Consolidado!$AT:$AT,"<>"&0),0) -> 0
B19: 3. Recusa por desconfiança do programa | C19: =COUNTIFS(Consolidado!$AN:$AN,Análise!C$15,Consolidado!$AM:$AM,Análise!$C$7,Consolidado!$AL:$AL,IF(ISBLANK($C$2),"<>",$C$2),Consolidado!$Q:$Q,Análise!$B19,Consolidado!$C:$C,IF(ISBLANK($C$3),"<>",$C$3),Consolidado!$AU:$AU,"S") -> 0 | D19: =COUNTIFS(Consolidado!$AN:$AN,Análise!D$15,Consolidado!$AM:$AM,Análise!$C$7,Consolidado!$AL:$AL,IF(ISBLANK($C$2),"<>",$C$2),Consolidado!$Q:$Q,Análise!$B19,Consolidado!$C:$C,IF(ISBLANK($C$3),"<>",$C$3),Consolidado!$AU:$AU,"S") -> 0 | E19: =COUNTIFS(Consolidado!$AN:$AN,Análise!E$15,Consolidado!$AM:$AM,Análise!$C$7,Consolidado!$AL:$AL,IF(ISBLANK($C$2),"<>",$C$2),Consolidado!$Q:$Q,Análise!$B19,Consolidado!$C:$C,IF(ISBLANK($C$3),"<>",$C$3),Consolidado!$AU:$AU,"S") -> 0 | F19: =COUNTIFS(Consolidado!$AN:$AN,Análise!F$15,Consolidado!$AM:$AM,Análise!$C$7,Consolidado!$AL:$AL,IF(ISBLANK($C$2),"<>",$C$2),Consolidado!$Q:$Q,Análise!$B19,Consolidado!$C:$C,IF(ISBLANK($C$3),"<>",$C$3),Consolidado!$AU:$AU,"S") -> 0 | G19: =COUNTIFS(Consolidado!$AN:$AN,Análise!G$15,Consolidado!$AM:$AM,Análise!$C$7,Consolidado!$AL:$AL,IF(ISBLANK($C$2),"<>",$C$2),Consolidado!$Q:$Q,Análise!$B19,Consolidado!$C:$C,IF(ISBLANK($C$3),"<>",$C$3),Consolidado!$AU:$AU,"S") -> 0 | H19: =SUM(C19:G19) -> 0 | I19: =+IFERROR(H19/$H$41,0) -> 0 | K19: SLA Captação Médio | L19: =IFERROR(SUMIFS(Consolidado!$AQ:$AQ,Consolidado!$AN:$AN,Análise!L15,Consolidado!$AM:$AM,Análise!$C$7,Consolidado!$AL:$AL,IF(ISBLANK($C$2),"<>",$C$2),Consolidado!$C:$C,IF(ISBLANK($C$3),"<>",$C$3))/L$17,0) -> 0 | M19: =IFERROR(SUMIFS(Consolidado!$AQ:$AQ,Consolidado!$AN:$AN,Análise!M15,Consolidado!$AM:$AM,Análise!$C$7,Consolidado!$AL:$AL,IF(ISBLANK($C$2),"<>",$C$2),Consolidado!$C:$C,IF(ISBLANK($C$3),"<>",$C$3))/M$17,0) -> 17.454545 | N19: =IFERROR(SUMIFS(Consolidado!$AQ:$AQ,Consolidado!$AN:$AN,Análise!N15,Consolidado!$AM:$AM,Análise!$C$7,Consolidado!$AL:$AL,IF(ISBLANK($C$2),"<>",$C$2),Consolidado!$C:$C,IF(ISBLANK($C$3),"<>",$C$3))/N$17,0) -> 12.090909 | O19: =IFERROR(SUMIFS(Consolidado!$AQ:$AQ,Consolidado!$AN:$AN,Análise!O15,Consolidado!$AM:$AM,Análise!$C$7,Consolidado!$AL:$AL,IF(ISBLANK($C$2),"<>",$C$2),Consolidado!$C:$C,IF(ISBLANK($C$3),"<>",$C$3))/O$17,0) -> 4.1666667 | P19: =IFERROR(SUMIFS(Consolidado!$AQ:$AQ,Consolidado!$AN:$AN,Análise!P15,Consolidado!$AM:$AM,Análise!$C$7,Consolidado!$AL:$AL,IF(ISBLANK($C$2),"<>",$C$2),Consolidado!$C:$C,IF(ISBLANK($C$3),"<>",$C$3))/P$17,0) -> 1.5 | Q19: =IFERROR(SUMIFS(Consolidado!AQ:AQ,Consolidado!$AM:$AM,Análise!$C$7,Consolidado!$AL:$AL,IF(ISBLANK($C$2),"<>",$C$2),Consolidado!$C:$C,IF(ISBLANK($C$3),"<>",$C$3))/$Q17,0) -> 10.026316 | S19: 3. Recusa por falta de interesse | T19: =COUNTIFS(Consolidado!$AL:$AL,IF(ISBLANK($C$2),"<>",$C$2),Consolidado!$Q:$Q,Análise!S19,Consolidado!$B:$B,"<="&Análise!$C$10,Consolidado!$B:$B,">="&Análise!$C$9,Consolidado!$C:$C,IF(ISBLANK($C$3),"<>",$C$3),Consolidado!$AU:$AU,"S") -> 7 | U19: =IFERROR(T19/$T$40,0) -> 0.001572327 | W19: SLA Exclusão Médio | Y19: =IFERROR(SUMIFS(Consolidado!$AR:$AR,Consolidado!$B:$B,"<="&Análise!$C$10,Consolidado!$B:$B,">="&Análise!$C$9,Consolidado!$AM:$AM,Análise!$C$7,Consolidado!$AL:$AL,IF(ISBLANK($C$2),"<>",$C$2),Consolidado!$C:$C,IF(ISBLANK($C$3),"<>",$C$3))/COUNTIFS(Consolidado!$R:$R,"<>",Consolidado!$S:$S,"<>",Consolidado!$AM:$AM,Análise!$C$7,Consolidado!$AL:$AL,IF(ISBLANK($C$2),"<>",$C$2),Consolidado!$C:$C,IF(ISBLANK($C$3),"<>",$C$3),Consolidado!$B:$B,"<="&Análise!$C$10,Consolidado!$B:$B,">="&Análise!$C$9),0) -> 0
B20: 3. Recusa por falta de interesse | C20: =COUNTIFS(Consolidado!$AN:$AN,Análise!C$15,Consolidado!$AM:$AM,Análise!$C$7,Consolidado!$AL:$AL,IF(ISBLANK($C$2),"<>",$C$2),Consolidado!$Q:$Q,Análise!$B20,Consolidado!$C:$C,IF(ISBLANK($C$3),"<>",$C$3),Consolidado!$AU:$AU,"S") -> 0 | D20: =COUNTIFS(Consolidado!$AN:$AN,Análise!D$15,Consolidado!$AM:$AM,Análise!$C$7,Consolidado!$AL:$AL,IF(ISBLANK($C$2),"<>",$C$2),Consolidado!$Q:$Q,Análise!$B20,Consolidado!$C:$C,IF(ISBLANK($C$3),"<>",$C$3),Consolidado!$AU:$AU,"S") -> 0 | E20: =COUNTIFS(Consolidado!$AN:$AN,Análise!E$15,Consolidado!$AM:$AM,Análise!$C$7,Consolidado!$AL:$AL,IF(ISBLANK($C$2),"<>",$C$2),Consolidado!$Q:$Q,Análise!$B20,Consolidado!$C:$C,IF(ISBLANK($C$3),"<>",$C$3),Consolidado!$AU:$AU,"S") -> 0 | F20: =COUNTIFS(Consolidado!$AN:$AN,Análise!F$15,Consolidado!$AM:$AM,Análise!$C$7,Consolidado!$AL:$AL,IF(ISBLANK($C$2),"<>",$C$2),Consolidado!$Q:$Q,Análise!$B20,Consolidado!$C:$C,IF(ISBLANK($C$3),"<>",$C$3),Consolidado!$AU:$AU,"S") -> 0 | G20: =COUNTIFS(Consolidado!$AN:$AN,Análise!G$15,Consolidado!$AM:$AM,Análise!$C$7,Consolidado!$AL:$AL,IF(ISBLANK($C$2),"<>",$C$2),Consolidado!$Q:$Q,Análise!$B20,Consolidado!$C:$C,IF(ISBLANK($C$3),"<>",$C$3),Consolidado!$AU:$AU,"S") -> 0 | H20: =SUM(C20:G20) -> 0 | I20: =+IFERROR(H20/$H$41,0) -> 0 | K20: SLA Tent. Contato Médio | L20: =IFERROR(SUMIFS(Consolidado!$AS:$AS,Consolidado!$AN:$AN,Análise!L15,Consolidado!$AM:$AM,Análise!$C$7,Consolidado!$AL:$AL,IF(ISBLANK($C$2),"<>",$C$2),Consolidado!$C:$C,IF(ISBLANK($C$3),"<>",$C$3))/COUNTIFS(Consolidado!$AN:$AN,Análise!L15,Consolidado!$AM:$AM,Análise!$C$7,Consolidado!$AL:$AL,IF(ISBLANK($C$2),"<>",$C$2),Consolidado!$Q:$Q,$K17,Consolidado!$C:$C,IF(ISBLANK($C$3),"<>",$C$3),Consolidado!$AS:$AS,"<>"&0),0) -> 0 | M20: =IFERROR(SUMIFS(Consolidado!$AS:$AS,Consolidado!$AN:$AN,Análise!M15,Consolidado!$AM:$AM,Análise!$C$7,Consolidado!$AL:$AL,IF(ISBLANK($C$2),"<>",$C$2),Consolidado!$C:$C,IF(ISBLANK($C$3),"<>",$C$3))/COUNTIFS(Consolidado!$AN:$AN,Análise!M15,Consolidado!$AM:$AM,Análise!$C$7,Consolidado!$AL:$AL,IF(ISBLANK($C$2),"<>",$C$2),Consolidado!$Q:$Q,$K17,Consolidado!$C:$C,IF(ISBLANK($C$3),"<>",$C$3),Consolidado!$AS:$AS,"<>"&0),0) -> 5.7727273 | N20: =IFERROR(SUMIFS(Consolidado!$AS:$AS,Consolidado!$AN:$AN,Análise!N15,Consolidado!$AM:$AM,Análise!$C$7,Consolidado!$AL:$AL,IF(ISBLANK($C$2),"<>",$C$2),Consolidado!$C:$C,IF(ISBLANK($C$3),"<>",$C$3))/COUNTIFS(Consolidado!$AN:$AN,Análise!N15,Consolidado!$AM:$AM,Análise!$C$7,Consolidado!$AL:$AL,IF(ISBLANK($C$2),"<>",$C$2),Consolidado!$Q:$Q,$K17,Consolidado!$C:$C,IF(ISBLANK($C$3),"<>",$C$3),Consolidado!$AS:$AS,"<>"&0),0) -> 5.1428571 | O20: =IFERROR(SUMIFS(Consolidado!$AS:$AS,Consolidado!$AN:$AN,Análise!O15,Consolidado!$AM:$AM,Análise!$C$7,Consolidado!$AL:$AL,IF(ISBLANK($C$2),"<>",$C$2),Consolidado!$C:$C,IF(ISBLANK($C$3),"<>",$C$3))/COUNTIFS(Consolidado!$AN:$AN,Análise!O15,Consolidado!$AM:$AM,Análise!$C$7,Consolidado!$AL:$AL,IF(ISBLANK($C$2),"<>",$C$2),Consolidado!$Q:$Q,$K17,Consolidado!$C:$C,IF(ISBLANK($C$3),"<>",$C$3),Consolidado!$AS:$AS,"<>"&0),0) -> 3 | P20: =IFERROR(SUMIFS(Consolidado!$AS:$AS,Consolidado!$AN:$AN,Análise!P15,Consolidado!$AM:$AM,Análise!$C$7,Consolidado!$AL:$AL,IF(ISBLANK($C$2),"<>",$C$2),Consolidado!$C:$C,IF(ISBLANK($C$3),"<>",$C$3))/COUNTIFS(Consolidado!$AN:$AN,Análise!P15,Consolidado!$AM:$AM,Análise!$C$7,Consolidado!$AL:$AL,IF(ISBLANK($C$2),"<>",$C$2),Consolidado!$Q:$Q,$K17,Consolidado!$C:$C,IF(ISBLANK($C$3),"<>",$C$3),Consolidado!$AS:$AS,"<>"&0),0) -> 0 | Q20: =IFERROR(SUMIFS(Consolidado!AS:AS,Consolidado!$AM:$AM,Análise!$C$7,Consolidado!$AL:$AL,IF(ISBLANK($C$2),"<>",$C$2),Consolidado!$C:$C,IF(ISBLANK($C$3),"<>",$C$3))/COUNTIFS(Consolidado!$AM:$AM,Análise!$C$7,Consolidado!$AL:$AL,IF(ISBLANK($C$2),"<>",$C$2),Consolidado!$Q:$Q,K$17,Consolidado!$C:$C,IF(ISBLANK($C$3),"<>",$C$3),Consolidado!$AS:$AS,"<>"&0),0) -> 4.5166667 | S20: 3. Recusa pela coparticipação | T20: =COUNTIFS(Consolidado!$AL:$AL,IF(ISBLANK($C$2),"<>",$C$2),Consolidado!$Q:$Q,Análise!S20,Consolidado!$B:$B,"<="&Análise!$C$10,Consolidado!$B:$B,">="&Análise!$C$9,Consolidado!$C:$C,IF(ISBLANK($C$3),"<>",$C$3),Consolidado!$AU:$AU,"S") -> 0 | U20: =IFERROR(T20/$T$40,0) -> 0 | W20: Potencial de Conversão | Y20: =IFERROR((T15+T37)/T40,"") -> 0.46338724
B21: 3. Recusa pela coparticipação | C21: =COUNTIFS(Consolidado!$AN:$AN,Análise!C$15,Consolidado!$AM:$AM,Análise!$C$7,Consolidado!$AL:$AL,IF(ISBLANK($C$2),"<>",$C$2),Consolidado!$Q:$Q,Análise!$B21,Consolidado!$C:$C,IF(ISBLANK($C$3),"<>",$C$3),Consolidado!$AU:$AU,"S") -> 0 | D21: =COUNTIFS(Consolidado!$AN:$AN,Análise!D$15,Consolidado!$AM:$AM,Análise!$C$7,Consolidado!$AL:$AL,IF(ISBLANK($C$2),"<>",$C$2),Consolidado!$Q:$Q,Análise!$B21,Consolidado!$C:$C,IF(ISBLANK($C$3),"<>",$C$3),Consolidado!$AU:$AU,"S") -> 0 | E21: =COUNTIFS(Consolidado!$AN:$AN,Análise!E$15,Consolidado!$AM:$AM,Análise!$C$7,Consolidado!$AL:$AL,IF(ISBLANK($C$2),"<>",$C$2),Consolidado!$Q:$Q,Análise!$B21,Consolidado!$C:$C,IF(ISBLANK($C$3),"<>",$C$3),Consolidado!$AU:$AU,"S") -> 0 | F21: =COUNTIFS(Consolidado!$AN:$AN,Análise!F$15,Consolidado!$AM:$AM,Análise!$C$7,Consolidado!$AL:$AL,IF(ISBLANK($C$2),"<>",$C$2),Consolidado!$Q:$Q,Análise!$B21,Consolidado!$C:$C,IF(ISBLANK($C$3),"<>",$C$3),Consolidado!$AU:$AU,"S") -> 0 | G21: =COUNTIFS(Consolidado!$AN:$AN,Análise!G$15,Consolidado!$AM:$AM,Análise!$C$7,Consolidado!$AL:$AL,IF(ISBLANK($C$2),"<>",$C$2),Consolidado!$Q:$Q,Análise!$B21,Consolidado!$C:$C,IF(ISBLANK($C$3),"<>",$C$3),Consolidado!$AU:$AU,"S") -> 0 | H21: =SUM(C21:G21) -> 0 | I21: =+IFERROR(H21/$H$41,0) -> 0 | K21: SLA Consulta Médio | L21: =IFERROR(SUMIFS(Consolidado!$AT:$AT,Consolidado!$AN:$AN,Análise!L15,Consolidado!$AM:$AM,Análise!$C$7,Consolidado!$AL:$AL,IF(ISBLANK($C$2),"<>",$C$2),Consolidado!$C:$C,IF(ISBLANK($C$3),"<>",$C$3))/COUNTIFS(Consolidado!$AN:$AN,Análise!L15,Consolidado!$AM:$AM,Análise!$C$7,Consolidado!$AL:$AL,IF(ISBLANK($C$2),"<>",$C$2),Consolidado!$Q:$Q,$K17,Consolidado!$C:$C,IF(ISBLANK($C$3),"<>",$C$3),Consolidado!$AT:$AT,"<>"&0),0) -> 0 | M21: =IFERROR(SUMIFS(Consolidado!$AT:$AT,Consolidado!$AN:$AN,Análise!M15,Consolidado!$AM:$AM,Análise!$C$7,Consolidado!$AL:$AL,IF(ISBLANK($C$2),"<>",$C$2),Consolidado!$C:$C,IF(ISBLANK($C$3),"<>",$C$3))/COUNTIFS(Consolidado!$AN:$AN,Análise!M15,Consolidado!$AM:$AM,Análise!$C$7,Consolidado!$AL:$AL,IF(ISBLANK($C$2),"<>",$C$2),Consolidado!$Q:$Q,$K17,Consolidado!$C:$C,IF(ISBLANK($C$3),"<>",$C$3),Consolidado!$AT:$AT,"<>"&0),0) -> 0 | N21: =IFERROR(SUMIFS(Consolidado!$AT:$AT,Consolidado!$AN:$AN,Análise!N15,Consolidado!$AM:$AM,Análise!$C$7,Consolidado!$AL:$AL,IF(ISBLANK($C$2),"<>",$C$2),Consolidado!$C:$C,IF(ISBLANK($C$3),"<>",$C$3))/COUNTIFS(Consolidado!$AN:$AN,Análise!N15,Consolidado!$AM:$AM,Análise!$C$7,Consolidado!$AL:$AL,IF(ISBLANK($C$2),"<>",$C$2),Consolidado!$Q:$Q,$K17,Consolidado!$C:$C,IF(ISBLANK($C$3),"<>",$C$3),Consolidado!$AT:$AT,"<>"&0),0) -> 0 | O21: =IFERROR(SUMIFS(Consolidado!$AT:$AT,Consolidado!$AN:$AN,Análise!O15,Consolidado!$AM:$AM,Análise!$C$7,Consolidado!$AL:$AL,IF(ISBLANK($C$2),"<>",$C$2),Consolidado!$C:$C,IF(ISBLANK($C$3),"<>",$C$3))/COUNTIFS(Consolidado!$AN:$AN,Análise!O15,Consolidado!$AM:$AM,Análise!$C$7,Consolidado!$AL:$AL,IF(ISBLANK($C$2),"<>",$C$2),Consolidado!$Q:$Q,$K17,Consolidado!$C:$C,IF(ISBLANK($C$3),"<>",$C$3),Consolidado!$AT:$AT,"<>"&0),0) -> 0 | P21: =IFERROR(SUMIFS(Consolidado!$AT:$AT,Consolidado!$AN:$AN,Análise!P15,Consolidado!$AM:$AM,Análise!$C$7,Consolidado!$AL:$AL,IF(ISBLANK($C$2),"<>",$C$2),Consolidado!$C:$C,IF(ISBLANK($C$3),"<>",$C$3))/COUNTIFS(Consolidado!$AN:$AN,Análise!P15,Consolidado!$AM:$AM,Análise!$C$7,Consolidado!$AL:$AL,IF(ISBLANK($C$2),"<>",$C$2),Consolidado!$Q:$Q,$K17,Consolidado!$C:$C,IF(ISBLANK($C$3),"<>",$C$3),Consolidado!$AT:$AT,"<>"&0),0) -> 0 | Q21: =IFERROR(SUMIFS(Consolidado!AT:AT,Consolidado!$AM:$AM,Análise!$C$7,Consolidado!$AL:$AL,IF(ISBLANK($C$2),"<>",$C$2),Consolidado!$C:$C,IF(ISBLANK($C$3),"<>",$C$3))/COUNTIFS(Consolidado!$AM:$AM,Análise!$C$7,Consolidado!$AL:$AL,IF(ISBLANK($C$2),"<>",$C$2),Consolidado!$Q:$Q,K$17,Consolidado!$C:$C,IF(ISBLANK($C$3),"<>",$C$3),Consolidado!$AT:$AT,"<>"&0),0) -> 0 | S21: 3. Recusa por estar fora da região | T21: =COUNTIFS(Consolidado!$AL:$AL,IF(ISBLANK($C$2),"<>",$C$2),Consolidado!$Q:$Q,Análise!S21,Consolidado!$B:$B,"<="&Análise!$C$10,Consolidado!$B:$B,">="&Análise!$C$9,Consolidado!$C:$C,IF(ISBLANK($C$3),"<>",$C$3),Consolidado!$AU:$AU,"S") -> 0 | U21: =IFERROR(T21/$T$40,0) -> 0
B22: 3. Recusa por estar fora da região | C22: =COUNTIFS(Consolidado!$AN:$AN,Análise!C$15,Consolidado!$AM:$AM,Análise!$C$7,Consolidado!$AL:$AL,IF(ISBLANK($C$2),"<>",$C$2),Consolidado!$Q:$Q,Análise!$B22,Consolidado!$C:$C,IF(ISBLANK($C$3),"<>",$C$3),Consolidado!$AU:$AU,"S") -> 0 | D22: =COUNTIFS(Consolidado!$AN:$AN,Análise!D$15,Consolidado!$AM:$AM,Análise!$C$7,Consolidado!$AL:$AL,IF(ISBLANK($C$2),"<>",$C$2),Consolidado!$Q:$Q,Análise!$B22,Consolidado!$C:$C,IF(ISBLANK($C$3),"<>",$C$3),Consolidado!$AU:$AU,"S") -> 0 | E22: =COUNTIFS(Consolidado!$AN:$AN,Análise!E$15,Consolidado!$AM:$AM,Análise!$C$7,Consolidado!$AL:$AL,IF(ISBLANK($C$2),"<>",$C$2),Consolidado!$Q:$Q,Análise!$B22,Consolidado!$C:$C,IF(ISBLANK($C$3),"<>",$C$3),Consolidado!$AU:$AU,"S") -> 0 | F22: =COUNTIFS(Consolidado!$AN:$AN,Análise!F$15,Consolidado!$AM:$AM,Análise!$C$7,Consolidado!$AL:$AL,IF(ISBLANK($C$2),"<>",$C$2),Consolidado!$Q:$Q,Análise!$B22,Consolidado!$C:$C,IF(ISBLANK($C$3),"<>",$C$3),Consolidado!$AU:$AU,"S") -> 0 | G22: =COUNTIFS(Consolidado!$AN:$AN,Análise!G$15,Consolidado!$AM:$AM,Análise!$C$7,Consolidado!$AL:$AL,IF(ISBLANK($C$2),"<>",$C$2),Consolidado!$Q:$Q,Análise!$B22,Consolidado!$C:$C,IF(ISBLANK($C$3),"<>",$C$3),Consolidado!$AU:$AU,"S") -> 0 | H22: =SUM(C22:G22) -> 0 | I22: =+IFERROR(H22/$H$41,0) -> 0 | S22: 3. Recusa por outros motivos | T22: =COUNTIFS(Consolidado!$AL:$AL,IF(ISBLANK($C$2),"<>",$C$2),Consolidado!$Q:$Q,Análise!S22,Consolidado!$B:$B,"<="&Análise!$C$10,Consolidado!$B:$B,">="&Análise!$C$9,Consolidado!$C:$C,IF(ISBLANK($C$3),"<>",$C$3),Consolidado!$AU:$AU,"S") -> 4 | U22: =IFERROR(T22/$T$40,0) -> 0.0008984726 | W22: Por Gênero | X22: Absoluto | Y22: Percentual
B23: 3. Recusa por outros motivos | C23: =COUNTIFS(Consolidado!$AN:$AN,Análise!C$15,Consolidado!$AM:$AM,Análise!$C$7,Consolidado!$AL:$AL,IF(ISBLANK($C$2),"<>",$C$2),Consolidado!$Q:$Q,Análise!$B23,Consolidado!$C:$C,IF(ISBLANK($C$3),"<>",$C$3),Consolidado!$AU:$AU,"S") -> 0 | D23: =COUNTIFS(Consolidado!$AN:$AN,Análise!D$15,Consolidado!$AM:$AM,Análise!$C$7,Consolidado!$AL:$AL,IF(ISBLANK($C$2),"<>",$C$2),Consolidado!$Q:$Q,Análise!$B23,Consolidado!$C:$C,IF(ISBLANK($C$3),"<>",$C$3),Consolidado!$AU:$AU,"S") -> 0 | E23: =COUNTIFS(Consolidado!$AN:$AN,Análise!E$15,Consolidado!$AM:$AM,Análise!$C$7,Consolidado!$AL:$AL,IF(ISBLANK($C$2),"<>",$C$2),Consolidado!$Q:$Q,Análise!$B23,Consolidado!$C:$C,IF(ISBLANK($C$3),"<>",$C$3),Consolidado!$AU:$AU,"S") -> 0 | F23: =COUNTIFS(Consolidado!$AN:$AN,Análise!F$15,Consolidado!$AM:$AM,Análise!$C$7,Consolidado!$AL:$AL,IF(ISBLANK($C$2),"<>",$C$2),Consolidado!$Q:$Q,Análise!$B23,Consolidado!$C:$C,IF(ISBLANK($C$3),"<>",$C$3),Consolidado!$AU:$AU,"S") -> 0 | G23: =COUNTIFS(Consolidado!$AN:$AN,Análise!G$15,Consolidado!$AM:$AM,Análise!$C$7,Consolidado!$AL:$AL,IF(ISBLANK($C$2),"<>",$C$2),Consolidado!$Q:$Q,Análise!$B23,Consolidado!$C:$C,IF(ISBLANK($C$3),"<>",$C$3),Consolidado!$AU:$AU,"S") -> 0 | H23: =SUM(C23:G23) -> 0 | I23: =+IFERROR(H23/$H$41,0) -> 0 | S23: 4. Inelegível fora do escopo | T23: =COUNTIFS(Consolidado!$AL:$AL,IF(ISBLANK($C$2),"<>",$C$2),Consolidado!$Q:$Q,Análise!S23,Consolidado!$B:$B,"<="&Análise!$C$10,Consolidado!$B:$B,">="&Análise!$C$9,Consolidado!$C:$C,IF(ISBLANK($C$3),"<>",$C$3),Consolidado!$AU:$AU,"S") -> 4 | U23: =IFERROR(T23/$T$40,0) -> 0.0008984726 | W23: F | X23: =COUNTIFS(Consolidado!$AL:$AL,IF(ISBLANK($C$2),"<>",$C$2),Consolidado!$Q:$Q,Análise!S15,Consolidado!$B:$B,"<="&Análise!$C$10,Consolidado!$B:$B,">="&Análise!$C$9,Consolidado!$C:$C,IF(ISBLANK($C$3),"<>",$C$3),Consolidado!$J:$J,$W23,Consolidado!$AU:$AU,"S") -> 1394 | Y23: =IFERROR(X23/SUM($X$23:$X$24),"") -> 0.68
B24: 4. Inelegível fora do escopo | C24: =COUNTIFS(Consolidado!$AN:$AN,Análise!C$15,Consolidado!$AM:$AM,Análise!$C$7,Consolidado!$AL:$AL,IF(ISBLANK($C$2),"<>",$C$2),Consolidado!$Q:$Q,Análise!$B24,Consolidado!$C:$C,IF(ISBLANK($C$3),"<>",$C$3),Consolidado!$AU:$AU,"S") -> 0 | D24: =COUNTIFS(Consolidado!$AN:$AN,Análise!D$15,Consolidado!$AM:$AM,Análise!$C$7,Consolidado!$AL:$AL,IF(ISBLANK($C$2),"<>",$C$2),Consolidado!$Q:$Q,Análise!$B24,Consolidado!$C:$C,IF(ISBLANK($C$3),"<>",$C$3),Consolidado!$AU:$AU,"S") -> 1 | E24: =COUNTIFS(Consolidado!$AN:$AN,Análise!E$15,Consolidado!$AM:$AM,Análise!$C$7,Consolidado!$AL:$AL,IF(ISBLANK($C$2),"<>",$C$2),Consolidado!$Q:$Q,Análise!$B24,Consolidado!$C:$C,IF(ISBLANK($C$3),"<>",$C$3),Consolidado!$AU:$AU,"S") -> 0 | F24: =COUNTIFS(Consolidado!$AN:$AN,Análise!F$15,Consolidado!$AM:$AM,Análise!$C$7,Consolidado!$AL:$AL,IF(ISBLANK($C$2),"<>",$C$2),Consolidado!$Q:$Q,Análise!$B24,Consolidado!$C:$C,IF(ISBLANK($C$3),"<>",$C$3),Consolidado!$AU:$AU,"S") -> 0 | G24: =COUNTIFS(Consolidado!$AN:$AN,Análise!G$15,Consolidado!$AM:$AM,Análise!$C$7,Consolidado!$AL:$AL,IF(ISBLANK($C$2),"<>",$C$2),Consolidado!$Q:$Q,Análise!$B24,Consolidado!$C:$C,IF(ISBLANK($C$3),"<>",$C$3),Consolidado!$AU:$AU,"S") -> 0 | H24: =SUM(C24:G24) -> 1 | I24: =+IFERROR(H24/$H$41,0) -> 0.018518519 | K24: Parâmetros | L24: Semana | S24: 4. Exclusão do plano | T24: =COUNTIFS(Consolidado!$AL:$AL,IF(ISBLANK($C$2),"<>",$C$2),Consolidado!$Q:$Q,Análise!S24,Consolidado!$B:$B,"<="&Análise!$C$10,Consolidado!$B:$B,">="&Análise!$C$9,Consolidado!$C:$C,IF(ISBLANK($C$3),"<>",$C$3),Consolidado!$AU:$AU,"S") -> 47 | U24: =IFERROR(T24/$T$40,0) -> 0.010557053 | W24: M | X24: =COUNTIFS(Consolidado!$AL:$AL,IF(ISBLANK($C$2),"<>",$C$2),Consolidado!$Q:$Q,S15,Consolidado!$B:$B,"<="&Análise!$C$10,Consolidado!$B:$B,">="&Análise!$C$9,Consolidado!$C:$C,IF(ISBLANK($C$3),"<>",$C$3),Consolidado!$J:$J,$W24,Consolidado!$AU:$AU,"S") -> 656 | Y24: =IFERROR(X24/SUM($X$23:$X$24),"") -> 0.32
B25: 4. Exclusão do plano | C25: =COUNTIFS(Consolidado!$AN:$AN,Análise!C$15,Consolidado!$AM:$AM,Análise!$C$7,Consolidado!$AL:$AL,IF(ISBLANK($C$2),"<>",$C$2),Consolidado!$Q:$Q,Análise!$B25,Consolidado!$C:$C,IF(ISBLANK($C$3),"<>",$C$3),Consolidado!$AU:$AU,"S") -> 0 | D25: =COUNTIFS(Consolidado!$AN:$AN,Análise!D$15,Consolidado!$AM:$AM,Análise!$C$7,Consolidado!$AL:$AL,IF(ISBLANK($C$2),"<>",$C$2),Consolidado!$Q:$Q,Análise!$B25,Consolidado!$C:$C,IF(ISBLANK($C$3),"<>",$C$3),Consolidado!$AU:$AU,"S") -> 0 | E25: =COUNTIFS(Consolidado!$AN:$AN,Análise!E$15,Consolidado!$AM:$AM,Análise!$C$7,Consolidado!$AL:$AL,IF(ISBLANK($C$2),"<>",$C$2),Consolidado!$Q:$Q,Análise!$B25,Consolidado!$C:$C,IF(ISBLANK($C$3),"<>",$C$3),Consolidado!$AU:$AU,"S") -> 0 | F25: =COUNTIFS(Consolidado!$AN:$AN,Análise!F$15,Consolidado!$AM:$AM,Análise!$C$7,Consolidado!$AL:$AL,IF(ISBLANK($C$2),"<>",$C$2),Consolidado!$Q:$Q,Análise!$B25,Consolidado!$C:$C,IF(ISBLANK($C$3),"<>",$C$3),Consolidado!$AU:$AU,"S") -> 0 | G25: =COUNTIFS(Consolidado!$AN:$AN,Análise!G$15,Consolidado!$AM:$AM,Análise!$C$7,Consolidado!$AL:$AL,IF(ISBLANK($C$2),"<>",$C$2),Consolidado!$Q:$Q,Análise!$B25,Consolidado!$C:$C,IF(ISBLANK($C$3),"<>",$C$3),Consolidado!$AU:$AU,"S") -> 0 | H25: =SUM(C25:G25) -> 0 | I25: =+IFERROR(H25/$H$41,0) -> 0 | L25: 1 | M25: 2 | N25: 3 | O25: 4 | P25: 5 | Q25: Mês | S25: 4. Óbito | T25: =COUNTIFS(Consolidado!$AL:$AL,IF(ISBLANK($C$2),"<>",$C$2),Consolidado!$Q:$Q,Análise!S25,Consolidado!$B:$B,"<="&Análise!$C$10,Consolidado!$B:$B,">="&Análise!$C$9,Consolidado!$C:$C,IF(ISBLANK($C$3),"<>",$C$3),Consolidado!$AU:$AU,"S") -> 0 | U25: =IFERROR(T25/$T$40,0) -> 0
B26: 4. Óbito | C26: =COUNTIFS(Consolidado!$AN:$AN,Análise!C$15,Consolidado!$AM:$AM,Análise!$C$7,Consolidado!$AL:$AL,IF(ISBLANK($C$2),"<>",$C$2),Consolidado!$Q:$Q,Análise!$B26,Consolidado!$C:$C,IF(ISBLANK($C$3),"<>",$C$3),Consolidado!$AU:$AU,"S") -> 0 | D26: =COUNTIFS(Consolidado!$AN:$AN,Análise!D$15,Consolidado!$AM:$AM,Análise!$C$7,Consolidado!$AL:$AL,IF(ISBLANK($C$2),"<>",$C$2),Consolidado!$Q:$Q,Análise!$B26,Consolidado!$C:$C,IF(ISBLANK($C$3),"<>",$C$3),Consolidado!$AU:$AU,"S") -> 0 | E26: =COUNTIFS(Consolidado!$AN:$AN,Análise!E$15,Consolidado!$AM:$AM,Análise!$C$7,Consolidado!$AL:$AL,IF(ISBLANK($C$2),"<>",$C$2),Consolidado!$Q:$Q,Análise!$B26,Consolidado!$C:$C,IF(ISBLANK($C$3),"<>",$C$3),Consolidado!$AU:$AU,"S") -> 0 | F26: =COUNTIFS(Consolidado!$AN:$AN,Análise!F$15,Consolidado!$AM:$AM,Análise!$C$7,Consolidado!$AL:$AL,IF(ISBLANK($C$2),"<>",$C$2),Consolidado!$Q:$Q,Análise!$B26,Consolidado!$C:$C,IF(ISBLANK($C$3),"<>",$C$3),Consolidado!$AU:$AU,"S") -> 0 | G26: =COUNTIFS(Consolidado!$AN:$AN,Análise!G$15,Consolidado!$AM:$AM,Análise!$C$7,Consolidado!$AL:$AL,IF(ISBLANK($C$2),"<>",$C$2),Consolidado!$Q:$Q,Análise!$B26,Consolidado!$C:$C,IF(ISBLANK($C$3),"<>",$C$3),Consolidado!$AU:$AU,"S") -> 0 | H26: =SUM(C26:G26) -> 0 | I26: =+IFERROR(H26/$H$41,0) -> 0 | K26: SLA Exclusão Médio | L26: =IFERROR(SUMIFS(Consolidado!AR:AR,Consolidado!$AN:$AN,L25,Consolidado!$AM:$AM,Análise!$C$7,Consolidado!$AL:$AL,IF(ISBLANK($C$2),"<>",$C$2),Consolidado!$C:$C,IF(ISBLANK($C$3),"<>",$C$3))/COUNTIFS(Consolidado!$R:$R,"<>",Consolidado!$S:$S,"<>",Consolidado!$AM:$AM,Análise!$C$7,Consolidado!$AL:$AL,IF(ISBLANK($C$2),"<>",$C$2),Consolidado!$C:$C,IF(ISBLANK($C$3),"<>",$C$3),Consolidado!$AN:$AN,L25),0) -> 0 | M26: =IFERROR(SUMIFS(Consolidado!AR:AR,Consolidado!$AN:$AN,M25,Consolidado!$AM:$AM,Análise!$C$7,Consolidado!$AL:$AL,IF(ISBLANK($C$2),"<>",$C$2),Consolidado!$C:$C,IF(ISBLANK($C$3),"<>",$C$3))/COUNTIFS(Consolidado!$R:$R,"<>",Consolidado!$S:$S,"<>",Consolidado!$AM:$AM,Análise!$C$7,Consolidado!$AL:$AL,IF(ISBLANK($C$2),"<>",$C$2),Consolidado!$C:$C,IF(ISBLANK($C$3),"<>",$C$3),Consolidado!$AN:$AN,M25),0) -> 0 | N26: =IFERROR(SUMIFS(Consolidado!AR:AR,Consolidado!$AN:$AN,N25,Consolidado!$AM:$AM,Análise!$C$7,Consolidado!$AL:$AL,IF(ISBLANK($C$2),"<>",$C$2),Consolidado!$C:$C,IF(ISBLANK($C$3),"<>",$C$3))/COUNTIFS(Consolidado!$R:$R,"<>",Consolidado!$S:$S,"<>",Consolidado!$AM:$AM,Análise!$C$7,Consolidado!$AL:$AL,IF(ISBLANK($C$2),"<>",$C$2),Consolidado!$C:$C,IF(ISBLANK($C$3),"<>",$C$3),Consolidado!$AN:$AN,N25),0) -> 0 | O26: =IFERROR(SUMIFS(Consolidado!AR:AR,Consolidado!$AN:$AN,O25,Consolidado!$AM:$AM,Análise!$C$7,Consolidado!$AL:$AL,IF(ISBLANK($C$2),"<>",$C$2),Consolidado!$C:$C,IF(ISBLANK($C$3),"<>",$C$3))/COUNTIFS(Consolidado!$R:$R,"<>",Consolidado!$S:$S,"<>",Consolidado!$AM:$AM,Análise!$C$7,Consolidado!$AL:$AL,IF(ISBLANK($C$2),"<>",$C$2),Consolidado!$C:$C,IF(ISBLANK($C$3),"<>",$C$3),Consolidado!$AN:$AN,O25),0) -> 0 | P26: =IFERROR(SUMIFS(Consolidado!AR:AR,Consolidado!$AN:$AN,P25,Consolidado!$AM:$AM,Análise!$C$7,Consolidado!$AL:$AL,IF(ISBLANK($C$2),"<>",$C$2),Consolidado!$C:$C,IF(ISBLANK($C$3),"<>",$C$3))/COUNTIFS(Consolidado!$R:$R,"<>",Consolidado!$S:$S,"<>",Consolidado!$AM:$AM,Análise!$C$7,Consolidado!$AL:$AL,IF(ISBLANK($C$2),"<>",$C$2),Consolidado!$C:$C,IF(ISBLANK($C$3),"<>",$C$3),Consolidado!$AN:$AN,P25),0) -> 0 | Q26: =IFERROR(SUMIFS(Consolidado!AR:AR,Consolidado!$AM:$AM,Análise!$C$7,Consolidado!$AL:$AL,IF(ISBLANK($C$2),"<>",$C$2),Consolidado!$C:$C,IF(ISBLANK($C$3),"<>",$C$3))/COUNTIFS(Consolidado!$R:$R,"<>",Consolidado!$S:$S,"<>",Consolidado!$AM:$AM,Análise!$C$7,Consolidado!$AL:$AL,IF(ISBLANK($C$2),"<>",$C$2),Consolidado!$C:$C,IF(ISBLANK($C$3),"<>",$C$3)),0) -> 0 | S26: 4. Não Captar a pedido da Operadora | T26: =COUNTIFS(Consolidado!$AL:$AL,IF(ISBLANK($C$2),"<>",$C$2),Consolidado!$Q:$Q,Análise!S26,Consolidado!$B:$B,"<="&Análise!$C$10,Consolidado!$B:$B,">="&Análise!$C$9,Consolidado!$C:$C,IF(ISBLANK($C$3),"<>",$C$3),Consolidado!$AU:$AU,"S") -> 0 | U26: =IFERROR(T26/$T$40,0) -> 0
B27: 4. Não Captar a pedido da Operadora | C27: =COUNTIFS(Consolidado!$AN:$AN,Análise!C$15,Consolidado!$AM:$AM,Análise!$C$7,Consolidado!$AL:$AL,IF(ISBLANK($C$2),"<>",$C$2),Consolidado!$Q:$Q,Análise!$B27,Consolidado!$C:$C,IF(ISBLANK($C$3),"<>",$C$3),Consolidado!$AU:$AU,"S") -> 0 | D27: =COUNTIFS(Consolidado!$AN:$AN,Análise!D$15,Consolidado!$AM:$AM,Análise!$C$7,Consolidado!$AL:$AL,IF(ISBLANK($C$2),"<>",$C$2),Consolidado!$Q:$Q,Análise!$B27,Consolidado!$C:$C,IF(ISBLANK($C$3),"<>",$C$3),Consolidado!$AU:$AU,"S") -> 0 | E27: =COUNTIFS(Consolidado!$AN:$AN,Análise!E$15,Consolidado!$AM:$AM,Análise!$C$7,Consolidado!$AL:$AL,IF(ISBLANK($C$2),"<>",$C$2),Consolidado!$Q:$Q,Análise!$B27,Consolidado!$C:$C,IF(ISBLANK($C$3),"<>",$C$3),Consolidado!$AU:$AU,"S") -> 0 | F27: =COUNTIFS(Consolidado!$AN:$AN,Análise!F$15,Consolidado!$AM:$AM,Análise!$C$7,Consolidado!$AL:$AL,IF(ISBLANK($C$2),"<>",$C$2),Consolidado!$Q:$Q,Análise!$B27,Consolidado!$C:$C,IF(ISBLANK($C$3),"<>",$C$3),Consolidado!$AU:$AU,"S") -> 0 | G27: =COUNTIFS(Consolidado!$AN:$AN,Análise!G$15,Consolidado!$AM:$AM,Análise!$C$7,Consolidado!$AL:$AL,IF(ISBLANK($C$2),"<>",$C$2),Consolidado!$Q:$Q,Análise!$B27,Consolidado!$C:$C,IF(ISBLANK($C$3),"<>",$C$3),Consolidado!$AU:$AU,"S") -> 0 | H27: =SUM(C27:G27) -> 0 | I27: =+IFERROR(H27/$H$41,0) -> 0 | S27: 5. Alta por óbito | T27: =COUNTIFS(Consolidado!$AL:$AL,IF(ISBLANK($C$2),"<>",$C$2),Consolidado!$Q:$Q,Análise!S27,Consolidado!$B:$B,"<="&Análise!$C$10,Consolidado!$B:$B,">="&Análise!$C$9,Consolidado!$C:$C,IF(ISBLANK($C$3),"<>",$C$3),Consolidado!$AU:$AU,"S") -> 0 | U27: =IFERROR(T27/$T$40,0) -> 0
B28: 5. Alta por óbito | C28: =COUNTIFS(Consolidado!$AN:$AN,Análise!C$15,Consolidado!$AM:$AM,Análise!$C$7,Consolidado!$AL:$AL,IF(ISBLANK($C$2),"<>",$C$2),Consolidado!$Q:$Q,Análise!$B28,Consolidado!$C:$C,IF(ISBLANK($C$3),"<>",$C$3),Consolidado!$AU:$AU,"S") -> 0 | D28: =COUNTIFS(Consolidado!$AN:$AN,Análise!D$15,Consolidado!$AM:$AM,Análise!$C$7,Consolidado!$AL:$AL,IF(ISBLANK($C$2),"<>",$C$2),Consolidado!$Q:$Q,Análise!$B28,Consolidado!$C:$C,IF(ISBLANK($C$3),"<>",$C$3),Consolidado!$AU:$AU,"S") -> 0 | E28: =COUNTIFS(Consolidado!$AN:$AN,Análise!E$15,Consolidado!$AM:$AM,Análise!$C$7,Consolidado!$AL:$AL,IF(ISBLANK($C$2),"<>",$C$2),Consolidado!$Q:$Q,Análise!$B28,Consolidado!$C:$C,IF(ISBLANK($C$3),"<>",$C$3),Consolidado!$AU:$AU,"S") -> 0 | F28: =COUNTIFS(Consolidado!$AN:$AN,Análise!F$15,Consolidado!$AM:$AM,Análise!$C$7,Consolidado!$AL:$AL,IF(ISBLANK($C$2),"<>",$C$2),Consolidado!$Q:$Q,Análise!$B28,Consolidado!$C:$C,IF(ISBLANK($C$3),"<>",$C$3),Consolidado!$AU:$AU,"S") -> 0 | G28: =COUNTIFS(Consolidado!$AN:$AN,Análise!G$15,Consolidado!$AM:$AM,Análise!$C$7,Consolidado!$AL:$AL,IF(ISBLANK($C$2),"<>",$C$2),Consolidado!$Q:$Q,Análise!$B28,Consolidado!$C:$C,IF(ISBLANK($C$3),"<>",$C$3),Consolidado!$AU:$AU,"S") -> 0 | H28: =SUM(C28:G28) -> 0 | I28: =+IFERROR(H28/$H$41,0) -> 0 | S28: 5. Alta por inelegibilidade | T28: =COUNTIFS(Consolidado!$AL:$AL,IF(ISBLANK($C$2),"<>",$C$2),Consolidado!$Q:$Q,Análise!S28,Consolidado!$B:$B,"<="&Análise!$C$10,Consolidado!$B:$B,">="&Análise!$C$9,Consolidado!$C:$C,IF(ISBLANK($C$3),"<>",$C$3),Consolidado!$AU:$AU,"S") -> 0 | U28: =IFERROR(T28/$T$40,0) -> 0
B29: 5. Alta por inelegibilidade | C29: =COUNTIFS(Consolidado!$AN:$AN,Análise!C$15,Consolidado!$AM:$AM,Análise!$C$7,Consolidado!$AL:$AL,IF(ISBLANK($C$2),"<>",$C$2),Consolidado!$Q:$Q,Análise!$B29,Consolidado!$C:$C,IF(ISBLANK($C$3),"<>",$C$3),Consolidado!$AU:$AU,"S") -> 0 | D29: =COUNTIFS(Consolidado!$AN:$AN,Análise!D$15,Consolidado!$AM:$AM,Análise!$C$7,Consolidado!$AL:$AL,IF(ISBLANK($C$2),"<>",$C$2),Consolidado!$Q:$Q,Análise!$B29,Consolidado!$C:$C,IF(ISBLANK($C$3),"<>",$C$3),Consolidado!$AU:$AU,"S") -> 0 | E29: =COUNTIFS(Consolidado!$AN:$AN,Análise!E$15,Consolidado!$AM:$AM,Análise!$C$7,Consolidado!$AL:$AL,IF(ISBLANK($C$2),"<>",$C$2),Consolidado!$Q:$Q,Análise!$B29,Consolidado!$C:$C,IF(ISBLANK($C$3),"<>",$C$3),Consolidado!$AU:$AU,"S") -> 0 | F29: =COUNTIFS(Consolidado!$AN:$AN,Análise!F$15,Consolidado!$AM:$AM,Análise!$C$7,Consolidado!$AL:$AL,IF(ISBLANK($C$2),"<>",$C$2),Consolidado!$Q:$Q,Análise!$B29,Consolidado!$C:$C,IF(ISBLANK($C$3),"<>",$C$3),Consolidado!$AU:$AU,"S") -> 0 | G29: =COUNTIFS(Consolidado!$AN:$AN,Análise!G$15,Consolidado!$AM:$AM,Análise!$C$7,Consolidado!$AL:$AL,IF(ISBLANK($C$2),"<>",$C$2),Consolidado!$Q:$Q,Análise!$B29,Consolidado!$C:$C,IF(ISBLANK($C$3),"<>",$C$3),Consolidado!$AU:$AU,"S") -> 0 | H29: =SUM(C29:G29) -> 0 | I29: =+IFERROR(H29/$H$41,0) -> 0 | K29: Parâmetros | L29: Semana | S29: 5. Alta por múltiplas tentativas | T29: =COUNTIFS(Consolidado!$AL:$AL,IF(ISBLANK($C$2),"<>",$C$2),Consolidado!$Q:$Q,Análise!S29,Consolidado!$B:$B,"<="&Análise!$C$10,Consolidado!$B:$B,">="&Análise!$C$9,Consolidado!$C:$C,IF(ISBLANK($C$3),"<>",$C$3),Consolidado!$AU:$AU,"S") -> 0 | U29: =IFERROR(T29/$T$40,0) -> 0
B30: 5. Alta por múltiplas tentativas | C30: =COUNTIFS(Consolidado!$AN:$AN,Análise!C$15,Consolidado!$AM:$AM,Análise!$C$7,Consolidado!$AL:$AL,IF(ISBLANK($C$2),"<>",$C$2),Consolidado!$Q:$Q,Análise!$B30,Consolidado!$C:$C,IF(ISBLANK($C$3),"<>",$C$3),Consolidado!$AU:$AU,"S") -> 0 | D30: =COUNTIFS(Consolidado!$AN:$AN,Análise!D$15,Consolidado!$AM:$AM,Análise!$C$7,Consolidado!$AL:$AL,IF(ISBLANK($C$2),"<>",$C$2),Consolidado!$Q:$Q,Análise!$B30,Consolidado!$C:$C,IF(ISBLANK($C$3),"<>",$C$3),Consolidado!$AU:$AU,"S") -> 0 | E30: =COUNTIFS(Consolidado!$AN:$AN,Análise!E$15,Consolidado!$AM:$AM,Análise!$C$7,Consolidado!$AL:$AL,IF(ISBLANK($C$2),"<>",$C$2),Consolidado!$Q:$Q,Análise!$B30,Consolidado!$C:$C,IF(ISBLANK($C$3),"<>",$C$3),Consolidado!$AU:$AU,"S") -> 0 | F30: =COUNTIFS(Consolidado!$AN:$AN,Análise!F$15,Consolidado!$AM:$AM,Análise!$C$7,Consolidado!$AL:$AL,IF(ISBLANK($C$2),"<>",$C$2),Consolidado!$Q:$Q,Análise!$B30,Consolidado!$C:$C,IF(ISBLANK($C$3),"<>",$C$3),Consolidado!$AU:$AU,"S") -> 0 | G30: =COUNTIFS(Consolidado!$AN:$AN,Análise!G$15,Consolidado!$AM:$AM,Análise!$C$7,Consolidado!$AL:$AL,IF(ISBLANK($C$2),"<>",$C$2),Consolidado!$Q:$Q,Análise!$B30,Consolidado!$C:$C,IF(ISBLANK($C$3),"<>",$C$3),Consolidado!$AU:$AU,"S") -> 0 | H30: =SUM(C30:G30) -> 0 | I30: =+IFERROR(H30/$H$41,0) -> 0 | L30: 1 | M30: 2 | N30: 3 | O30: 4 | P30: 5 | Q30: Mês | S30: 5. Alta a pedido - recusa em assinar o termo | T30: =COUNTIFS(Consolidado!$AL:$AL,IF(ISBLANK($C$2),"<>",$C$2),Consolidado!$Q:$Q,Análise!S30,Consolidado!$B:$B,"<="&Análise!$C$10,Consolidado!$B:$B,">="&Análise!$C$9,Consolidado!$C:$C,IF(ISBLANK($C$3),"<>",$C$3),Consolidado!$AU:$AU,"S") -> 0 | U30: =IFERROR(T30/$T$40,0) -> 0
B31: 5. Alta a pedido - recusa em assinar o termo | C31: =COUNTIFS(Consolidado!$AN:$AN,Análise!C$15,Consolidado!$AM:$AM,Análise!$C$7,Consolidado!$AL:$AL,IF(ISBLANK($C$2),"<>",$C$2),Consolidado!$Q:$Q,Análise!$B31,Consolidado!$C:$C,IF(ISBLANK($C$3),"<>",$C$3),Consolidado!$AU:$AU,"S") -> 0 | D31: =COUNTIFS(Consolidado!$AN:$AN,Análise!D$15,Consolidado!$AM:$AM,Análise!$C$7,Consolidado!$AL:$AL,IF(ISBLANK($C$2),"<>",$C$2),Consolidado!$Q:$Q,Análise!$B31,Consolidado!$C:$C,IF(ISBLANK($C$3),"<>",$C$3),Consolidado!$AU:$AU,"S") -> 0 | E31: =COUNTIFS(Consolidado!$AN:$AN,Análise!E$15,Consolidado!$AM:$AM,Análise!$C$7,Consolidado!$AL:$AL,IF(ISBLANK($C$2),"<>",$C$2),Consolidado!$Q:$Q,Análise!$B31,Consolidado!$C:$C,IF(ISBLANK($C$3),"<>",$C$3),Consolidado!$AU:$AU,"S") -> 0 | F31: =COUNTIFS(Consolidado!$AN:$AN,Análise!F$15,Consolidado!$AM:$AM,Análise!$C$7,Consolidado!$AL:$AL,IF(ISBLANK($C$2),"<>",$C$2),Consolidado!$Q:$Q,Análise!$B31,Consolidado!$C:$C,IF(ISBLANK($C$3),"<>",$C$3),Consolidado!$AU:$AU,"S") -> 0 | G31: =COUNTIFS(Consolidado!$AN:$AN,Análise!G$15,Consolidado!$AM:$AM,Análise!$C$7,Consolidado!$AL:$AL,IF(ISBLANK($C$2),"<>",$C$2),Consolidado!$Q:$Q,Análise!$B31,Consolidado!$C:$C,IF(ISBLANK($C$3),"<>",$C$3),Consolidado!$AU:$AU,"S") -> 0 | H31: =SUM(C31:G31) -> 0 | I31: =+IFERROR(H31/$H$41,0) -> 0 | K31: Potencial de Conversão | L31: =IFERROR((C16+C38)/C41,"") | M31: =IFERROR((D16+D38)/D41,"") -> 0.78571429 | N31: =IFERROR((E16+E38)/E41,"") -> 1 | O31: =IFERROR((F16+F38)/F41,"") -> 0.75 | P31: =IFERROR((G16+G38)/G41,"") -> 1 | Q31: =IFERROR((H16+H38)/H41,"") -> 0.87037037 | S31: 5. Alta a pedido - perda de interesse | T31: =COUNTIFS(Consolidado!$AL:$AL,IF(ISBLANK($C$2),"<>",$C$2),Consolidado!$Q:$Q,Análise!S31,Consolidado!$B:$B,"<="&Análise!$C$10,Consolidado!$B:$B,">="&Análise!$C$9,Consolidado!$C:$C,IF(ISBLANK($C$3),"<>",$C$3),Consolidado!$AU:$AU,"S") -> 0 | U31: =IFERROR(T31/$T$40,0) -> 0
B32: 5. Alta a pedido - perda de interesse | C32: =COUNTIFS(Consolidado!$AN:$AN,Análise!C$15,Consolidado!$AM:$AM,Análise!$C$7,Consolidado!$AL:$AL,IF(ISBLANK($C$2),"<>",$C$2),Consolidado!$Q:$Q,Análise!$B32,Consolidado!$C:$C,IF(ISBLANK($C$3),"<>",$C$3),Consolidado!$AU:$AU,"S") -> 0 | D32: =COUNTIFS(Consolidado!$AN:$AN,Análise!D$15,Consolidado!$AM:$AM,Análise!$C$7,Consolidado!$AL:$AL,IF(ISBLANK($C$2),"<>",$C$2),Consolidado!$Q:$Q,Análise!$B32,Consolidado!$C:$C,IF(ISBLANK($C$3),"<>",$C$3),Consolidado!$AU:$AU,"S") -> 0 | E32: =COUNTIFS(Consolidado!$AN:$AN,Análise!E$15,Consolidado!$AM:$AM,Análise!$C$7,Consolidado!$AL:$AL,IF(ISBLANK($C$2),"<>",$C$2),Consolidado!$Q:$Q,Análise!$B32,Consolidado!$C:$C,IF(ISBLANK($C$3),"<>",$C$3),Consolidado!$AU:$AU,"S") -> 0 | F32: =COUNTIFS(Consolidado!$AN:$AN,Análise!F$15,Consolidado!$AM:$AM,Análise!$C$7,Consolidado!$AL:$AL,IF(ISBLANK($C$2),"<>",$C$2),Consolidado!$Q:$Q,Análise!$B32,Consolidado!$C:$C,IF(ISBLANK($C$3),"<>",$C$3),Consolidado!$AU:$AU,"S") -> 0 | G32: =COUNTIFS(Consolidado!$AN:$AN,Análise!G$15,Consolidado!$AM:$AM,Análise!$C$7,Consolidado!$AL:$AL,IF(ISBLANK($C$2),"<>",$C$2),Consolidado!$Q:$Q,Análise!$B32,Consolidado!$C:$C,IF(ISBLANK($C$3),"<>",$C$3),Consolidado!$AU:$AU,"S") -> 0 | H32: =SUM(C32:G32) -> 0 | I32: =+IFERROR(H32/$H$41,0) -> 0 | S32: 5. Alta a pedido - mudança de região | T32: =COUNTIFS(Consolidado!$AL:$AL,IF(ISBLANK($C$2),"<>",$C$2),Consolidado!$Q:$Q,Análise!S32,Consolidado!$B:$B,"<="&Análise!$C$10,Consolidado!$B:$B,">="&Análise!$C$9,Consolidado!$C:$C,IF(ISBLANK($C$3),"<>",$C$3),Consolidado!$AU:$AU,"S") -> 0 | U32: =IFERROR(T32/$T$40,0) -> 0
B33: 5. Alta a pedido - mudança de região | C33: =COUNTIFS(Consolidado!$AN:$AN,Análise!C$15,Consolidado!$AM:$AM,Análise!$C$7,Consolidado!$AL:$AL,IF(ISBLANK($C$2),"<>",$C$2),Consolidado!$Q:$Q,Análise!$B33,Consolidado!$C:$C,IF(ISBLANK($C$3),"<>",$C$3),Consolidado!$AU:$AU,"S") -> 0 | D33: =COUNTIFS(Consolidado!$AN:$AN,Análise!D$15,Consolidado!$AM:$AM,Análise!$C$7,Consolidado!$AL:$AL,IF(ISBLANK($C$2),"<>",$C$2),Consolidado!$Q:$Q,Análise!$B33,Consolidado!$C:$C,IF(ISBLANK($C$3),"<>",$C$3),Consolidado!$AU:$AU,"S") -> 0 | E33: =COUNTIFS(Consolidado!$AN:$AN,Análise!E$15,Consolidado!$AM:$AM,Análise!$C$7,Consolidado!$AL:$AL,IF(ISBLANK($C$2),"<>",$C$2),Consolidado!$Q:$Q,Análise!$B33,Consolidado!$C:$C,IF(ISBLANK($C$3),"<>",$C$3),Consolidado!$AU:$AU,"S") -> 0 | F33: =COUNTIFS(Consolidado!$AN:$AN,Análise!F$15,Consolidado!$AM:$AM,Análise!$C$7,Consolidado!$AL:$AL,IF(ISBLANK($C$2),"<>",$C$2),Consolidado!$Q:$Q,Análise!$B33,Consolidado!$C:$C,IF(ISBLANK($C$3),"<>",$C$3),Consolidado!$AU:$AU,"S") -> 0 | G33: =COUNTIFS(Consolidado!$AN:$AN,Análise!G$15,Consolidado!$AM:$AM,Análise!$C$7,Consolidado!$AL:$AL,IF(ISBLANK($C$2),"<>",$C$2),Consolidado!$Q:$Q,Análise!$B33,Consolidado!$C:$C,IF(ISBLANK($C$3),"<>",$C$3),Consolidado!$AU:$AU,"S") -> 0 | H33: =SUM(C33:G33) -> 0 | I33: =+IFERROR(H33/$H$41,0) -> 0 | S33: 5. Alta por exclusão do plano | T33: =COUNTIFS(Consolidado!$AL:$AL,IF(ISBLANK($C$2),"<>",$C$2),Consolidado!$Q:$Q,Análise!S33,Consolidado!$B:$B,"<="&Análise!$C$10,Consolidado!$B:$B,">="&Análise!$C$9,Consolidado!$C:$C,IF(ISBLANK($C$3),"<>",$C$3),Consolidado!$AU:$AU,"S") -> 0 | U33: =IFERROR(T33/$T$40,0) -> 0
B34: 5. Alta por exclusão do plano | C34: =COUNTIFS(Consolidado!$AN:$AN,Análise!C$15,Consolidado!$AM:$AM,Análise!$C$7,Consolidado!$AL:$AL,IF(ISBLANK($C$2),"<>",$C$2),Consolidado!$Q:$Q,Análise!$B34,Consolidado!$C:$C,IF(ISBLANK($C$3),"<>",$C$3),Consolidado!$AU:$AU,"S") -> 0 | D34: =COUNTIFS(Consolidado!$AN:$AN,Análise!D$15,Consolidado!$AM:$AM,Análise!$C$7,Consolidado!$AL:$AL,IF(ISBLANK($C$2),"<>",$C$2),Consolidado!$Q:$Q,Análise!$B34,Consolidado!$C:$C,IF(ISBLANK($C$3),"<>",$C$3),Consolidado!$AU:$AU,"S") -> 0 | E34: =COUNTIFS(Consolidado!$AN:$AN,Análise!E$15,Consolidado!$AM:$AM,Análise!$C$7,Consolidado!$AL:$AL,IF(ISBLANK($C$2),"<>",$C$2),Consolidado!$Q:$Q,Análise!$B34,Consolidado!$C:$C,IF(ISBLANK($C$3),"<>",$C$3),Consolidado!$AU:$AU,"S") -> 0 | F34: =COUNTIFS(Consolidado!$AN:$AN,Análise!F$15,Consolidado!$AM:$AM,Análise!$C$7,Consolidado!$AL:$AL,IF(ISBLANK($C$2),"<>",$C$2),Consolidado!$Q:$Q,Análise!$B34,Consolidado!$C:$C,IF(ISBLANK($C$3),"<>",$C$3),Consolidado!$AU:$AU,"S") -> 0 | G34: =COUNTIFS(Consolidado!$AN:$AN,Análise!G$15,Consolidado!$AM:$AM,Análise!$C$7,Consolidado!$AL:$AL,IF(ISBLANK($C$2),"<>",$C$2),Consolidado!$Q:$Q,Análise!$B34,Consolidado!$C:$C,IF(ISBLANK($C$3),"<>",$C$3),Consolidado!$AU:$AU,"S") -> 0 | H34: =SUM(C34:G34) -> 0 | I34: =+IFERROR(H34/$H$41,0) -> 0 | K34: Por Gênero | L34: Absoluto | M34: Percentual | S34: 5. Alta por outros motivos | T34: =COUNTIFS(Consolidado!$AL:$AL,IF(ISBLANK($C$2),"<>",$C$2),Consolidado!$Q:$Q,Análise!S34,Consolidado!$B:$B,"<="&Análise!$C$10,Consolidado!$B:$B,">="&Análise!$C$9,Consolidado!$C:$C,IF(ISBLANK($C$3),"<>",$C$3),Consolidado!$AU:$AU,"S") -> 0 | U34: =IFERROR(T34/$T$40,0) -> 0
B35: 5. Alta por outros motivos | C35: =COUNTIFS(Consolidado!$AN:$AN,Análise!C$15,Consolidado!$AM:$AM,Análise!$C$7,Consolidado!$AL:$AL,IF(ISBLANK($C$2),"<>",$C$2),Consolidado!$Q:$Q,Análise!$B35,Consolidado!$C:$C,IF(ISBLANK($C$3),"<>",$C$3),Consolidado!$AU:$AU,"S") -> 0 | D35: =COUNTIFS(Consolidado!$AN:$AN,Análise!D$15,Consolidado!$AM:$AM,Análise!$C$7,Consolidado!$AL:$AL,IF(ISBLANK($C$2),"<>",$C$2),Consolidado!$Q:$Q,Análise!$B35,Consolidado!$C:$C,IF(ISBLANK($C$3),"<>",$C$3),Consolidado!$AU:$AU,"S") -> 0 | E35: =COUNTIFS(Consolidado!$AN:$AN,Análise!E$15,Consolidado!$AM:$AM,Análise!$C$7,Consolidado!$AL:$AL,IF(ISBLANK($C$2),"<>",$C$2),Consolidado!$Q:$Q,Análise!$B35,Consolidado!$C:$C,IF(ISBLANK($C$3),"<>",$C$3),Consolidado!$AU:$AU,"S") -> 0 | F35: =COUNTIFS(Consolidado!$AN:$AN,Análise!F$15,Consolidado!$AM:$AM,Análise!$C$7,Consolidado!$AL:$AL,IF(ISBLANK($C$2),"<>",$C$2),Consolidado!$Q:$Q,Análise!$B35,Consolidado!$C:$C,IF(ISBLANK($C$3),"<>",$C$3),Consolidado!$AU:$AU,"S") -> 0 | G35: =COUNTIFS(Consolidado!$AN:$AN,Análise!G$15,Consolidado!$AM:$AM,Análise!$C$7,Consolidado!$AL:$AL,IF(ISBLANK($C$2),"<>",$C$2),Consolidado!$Q:$Q,Análise!$B35,Consolidado!$C:$C,IF(ISBLANK($C$3),"<>",$C$3),Consolidado!$AU:$AU,"S") -> 0 | H35: =SUM(C35:G35) -> 0 | I35: =+IFERROR(H35/$H$41,0) -> 0 | K35: F | L35: =COUNTIFS(Consolidado!$AM:$AM,Análise!$C$7,Consolidado!$AL:$AL,IF(ISBLANK($C$2),"<>",$C$2),Consolidado!$Q:$Q,Análise!$B16,Consolidado!$C:$C,IF(ISBLANK($C$3),"<>",$C$3),Consolidado!$J:$J,K35,Consolidado!$AU:$AU,"S") -> 28 | M35: =IFERROR(L35/SUM($L$35:$L$36),"") -> 0.73684211 | S35: 5. Alta a pedido da operadora | T35: =COUNTIFS(Consolidado!$AL:$AL,IF(ISBLANK($C$2),"<>",$C$2),Consolidado!$Q:$Q,Análise!S35,Consolidado!$B:$B,"<="&Análise!$C$10,Consolidado!$B:$B,">="&Análise!$C$9,Consolidado!$C:$C,IF(ISBLANK($C$3),"<>",$C$3),Consolidado!$AU:$AU,"S") -> 0 | U35: =IFERROR(T35/$T$40,0) -> 0
B36: 5. Alta a pedido da operadora | C36: =COUNTIFS(Consolidado!$AN:$AN,Análise!C$15,Consolidado!$AM:$AM,Análise!$C$7,Consolidado!$AL:$AL,IF(ISBLANK($C$2),"<>",$C$2),Consolidado!$Q:$Q,Análise!$B36,Consolidado!$C:$C,IF(ISBLANK($C$3),"<>",$C$3),Consolidado!$AU:$AU,"S") -> 0 | D36: =COUNTIFS(Consolidado!$AN:$AN,Análise!D$15,Consolidado!$AM:$AM,Análise!$C$7,Consolidado!$AL:$AL,IF(ISBLANK($C$2),"<>",$C$2),Consolidado!$Q:$Q,Análise!$B36,Consolidado!$C:$C,IF(ISBLANK($C$3),"<>",$C$3),Consolidado!$AU:$AU,"S") -> 0 | E36: =COUNTIFS(Consolidado!$AN:$AN,Análise!E$15,Consolidado!$AM:$AM,Análise!$C$7,Consolidado!$AL:$AL,IF(ISBLANK($C$2),"<>",$C$2),Consolidado!$Q:$Q,Análise!$B36,Consolidado!$C:$C,IF(ISBLANK($C$3),"<>",$C$3),Consolidado!$AU:$AU,"S") -> 0 | F36: =COUNTIFS(Consolidado!$AN:$AN,Análise!F$15,Consolidado!$AM:$AM,Análise!$C$7,Consolidado!$AL:$AL,IF(ISBLANK($C$2),"<>",$C$2),Consolidado!$Q:$Q,Análise!$B36,Consolidado!$C:$C,IF(ISBLANK($C$3),"<>",$C$3),Consolidado!$AU:$AU,"S") -> 0 | G36: =COUNTIFS(Consolidado!$AN:$AN,Análise!G$15,Consolidado!$AM:$AM,Análise!$C$7,Consolidado!$AL:$AL,IF(ISBLANK($C$2),"<>",$C$2),Consolidado!$Q:$Q,Análise!$B36,Consolidado!$C:$C,IF(ISBLANK($C$3),"<>",$C$3),Consolidado!$AU:$AU,"S") -> 0 | H36: =SUM(C36:G36) -> 0 | I36: =+IFERROR(H36/$H$41,0) -> 0 | K36: M | L36: =COUNTIFS(Consolidado!$AM:$AM,Análise!$C$7,Consolidado!$AL:$AL,IF(ISBLANK($C$2),"<>",$C$2),Consolidado!$Q:$Q,$B16,Consolidado!$C:$C,IF(ISBLANK($C$3),"<>",$C$3),Consolidado!$J:$J,K36,Consolidado!$AU:$AU,"S") -> 10 | M36: =IFERROR(L36/SUM($L$35:$L$36),"") -> 0.26315789 | S36: 6. Contato sem sucesso | T36: =COUNTIFS(Consolidado!$AL:$AL,IF(ISBLANK($C$2),"<>",$C$2),Consolidado!$Q:$Q,Análise!S36,Consolidado!$B:$B,"<="&Análise!$C$10,Consolidado!$B:$B,">="&Análise!$C$9,Consolidado!$C:$C,IF(ISBLANK($C$3),"<>",$C$3),Consolidado!$AU:$AU,"S") -> 2325 | U36: =IFERROR(T36/$T$40,0) -> 0.5222372
B37: 6. Contato sem sucesso | C37: =COUNTIFS(Consolidado!$AN:$AN,Análise!C$15,Consolidado!$AM:$AM,Análise!$C$7,Consolidado!$AL:$AL,IF(ISBLANK($C$2),"<>",$C$2),Consolidado!$Q:$Q,Análise!$B37,Consolidado!$C:$C,IF(ISBLANK($C$3),"<>",$C$3),Consolidado!$AU:$AU,"S") -> 0 | D37: =COUNTIFS(Consolidado!$AN:$AN,Análise!D$15,Consolidado!$AM:$AM,Análise!$C$7,Consolidado!$AL:$AL,IF(ISBLANK($C$2),"<>",$C$2),Consolidado!$Q:$Q,Análise!$B37,Consolidado!$C:$C,IF(ISBLANK($C$3),"<>",$C$3),Consolidado!$AU:$AU,"S") -> 2 | E37: =COUNTIFS(Consolidado!$AN:$AN,Análise!E$15,Consolidado!$AM:$AM,Análise!$C$7,Consolidado!$AL:$AL,IF(ISBLANK($C$2),"<>",$C$2),Consolidado!$Q:$Q,Análise!$B37,Consolidado!$C:$C,IF(ISBLANK($C$3),"<>",$C$3),Consolidado!$AU:$AU,"S") -> 0 | F37: =COUNTIFS(Consolidado!$AN:$AN,Análise!F$15,Consolidado!$AM:$AM,Análise!$C$7,Consolidado!$AL:$AL,IF(ISBLANK($C$2),"<>",$C$2),Consolidado!$Q:$Q,Análise!$B37,Consolidado!$C:$C,IF(ISBLANK($C$3),"<>",$C$3),Consolidado!$AU:$AU,"S") -> 4 | G37: =COUNTIFS(Consolidado!$AN:$AN,Análise!G$15,Consolidado!$AM:$AM,Análise!$C$7,Consolidado!$AL:$AL,IF(ISBLANK($C$2),"<>",$C$2),Consolidado!$Q:$Q,Análise!$B37,Consolidado!$C:$C,IF(ISBLANK($C$3),"<>",$C$3),Consolidado!$AU:$AU,"S") -> 0 | H37: =SUM(C37:G37) -> 6 | I37: =+IFERROR(H37/$H$41,0) -> 0.11111111 | S37: 7. Em fase de captação | T37: =COUNTIFS(Consolidado!$AL:$AL,IF(ISBLANK($C$2),"<>",$C$2),Consolidado!$Q:$Q,Análise!S37,Consolidado!$B:$B,"<="&Análise!$C$10,Consolidado!$B:$B,">="&Análise!$C$9,Consolidado!$C:$C,IF(ISBLANK($C$3),"<>",$C$3),Consolidado!$AU:$AU,"S") -> 13 | U37: =IFERROR(T37/$T$40,0) -> 0.0029200359
B38: 7. Em fase de captação | C38: =COUNTIFS(Consolidado!$AN:$AN,Análise!C$15,Consolidado!$AM:$AM,Análise!$C$7,Consolidado!$AL:$AL,IF(ISBLANK($C$2),"<>",$C$2),Consolidado!$Q:$Q,Análise!$B38,Consolidado!$C:$C,IF(ISBLANK($C$3),"<>",$C$3),Consolidado!$AU:$AU,"S") -> 0 | D38: =COUNTIFS(Consolidado!$AN:$AN,Análise!D$15,Consolidado!$AM:$AM,Análise!$C$7,Consolidado!$AL:$AL,IF(ISBLANK($C$2),"<>",$C$2),Consolidado!$Q:$Q,Análise!$B38,Consolidado!$C:$C,IF(ISBLANK($C$3),"<>",$C$3),Consolidado!$AU:$AU,"S") -> 0 | E38: =COUNTIFS(Consolidado!$AN:$AN,Análise!E$15,Consolidado!$AM:$AM,Análise!$C$7,Consolidado!$AL:$AL,IF(ISBLANK($C$2),"<>",$C$2),Consolidado!$Q:$Q,Análise!$B38,Consolidado!$C:$C,IF(ISBLANK($C$3),"<>",$C$3),Consolidado!$AU:$AU,"S") -> 0 | F38: =COUNTIFS(Consolidado!$AN:$AN,Análise!F$15,Consolidado!$AM:$AM,Análise!$C$7,Consolidado!$AL:$AL,IF(ISBLANK($C$2),"<>",$C$2),Consolidado!$Q:$Q,Análise!$B38,Consolidado!$C:$C,IF(ISBLANK($C$3),"<>",$C$3),Consolidado!$AU:$AU,"S") -> 0 | G38: =COUNTIFS(Consolidado!$AN:$AN,Análise!G$15,Consolidado!$AM:$AM,Análise!$C$7,Consolidado!$AL:$AL,IF(ISBLANK($C$2),"<>",$C$2),Consolidado!$Q:$Q,Análise!$B38,Consolidado!$C:$C,IF(ISBLANK($C$3),"<>",$C$3),Consolidado!$AU:$AU,"S") -> 9 | H38: =SUM(C38:G38) -> 9 | I38: =+IFERROR(H38/$H$41,0) -> 0.16666667 | S38: 8. Não contactado | T38: =COUNTIFS(Consolidado!$AL:$AL,IF(ISBLANK($C$2),"<>",$C$2),Consolidado!$Q:$Q,Análise!S38,Consolidado!$B:$B,"<="&Análise!$C$10,Consolidado!$B:$B,">="&Análise!$C$9,Consolidado!$C:$C,IF(ISBLANK($C$3),"<>",$C$3),Consolidado!$AU:$AU,"S") -> 0 | U38: =IFERROR(T38/$T$40,0) -> 0
B39: 8. Não contactado | C39: =COUNTIFS(Consolidado!$AN:$AN,Análise!C$15,Consolidado!$AM:$AM,Análise!$C$7,Consolidado!$AL:$AL,IF(ISBLANK($C$2),"<>",$C$2),Consolidado!$Q:$Q,Análise!$B39,Consolidado!$C:$C,IF(ISBLANK($C$3),"<>",$C$3),Consolidado!$AU:$AU,"S") -> 0 | D39: =COUNTIFS(Consolidado!$AN:$AN,Análise!D$15,Consolidado!$AM:$AM,Análise!$C$7,Consolidado!$AL:$AL,IF(ISBLANK($C$2),"<>",$C$2),Consolidado!$Q:$Q,Análise!$B39,Consolidado!$C:$C,IF(ISBLANK($C$3),"<>",$C$3),Consolidado!$AU:$AU,"S") -> 0 | E39: =COUNTIFS(Consolidado!$AN:$AN,Análise!E$15,Consolidado!$AM:$AM,Análise!$C$7,Consolidado!$AL:$AL,IF(ISBLANK($C$2),"<>",$C$2),Consolidado!$Q:$Q,Análise!$B39,Consolidado!$C:$C,IF(ISBLANK($C$3),"<>",$C$3),Consolidado!$AU:$AU,"S") -> 0 | F39: =COUNTIFS(Consolidado!$AN:$AN,Análise!F$15,Consolidado!$AM:$AM,Análise!$C$7,Consolidado!$AL:$AL,IF(ISBLANK($C$2),"<>",$C$2),Consolidado!$Q:$Q,Análise!$B39,Consolidado!$C:$C,IF(ISBLANK($C$3),"<>",$C$3),Consolidado!$AU:$AU,"S") -> 0 | G39: =COUNTIFS(Consolidado!$AN:$AN,Análise!G$15,Consolidado!$AM:$AM,Análise!$C$7,Consolidado!$AL:$AL,IF(ISBLANK($C$2),"<>",$C$2),Consolidado!$Q:$Q,Análise!$B39,Consolidado!$C:$C,IF(ISBLANK($C$3),"<>",$C$3),Consolidado!$AU:$AU,"S") -> 0 | H39: =SUM(C39:G39) -> 0 | I39: =+IFERROR(H39/$H$41,0) -> 0 | S39: 9. Não informado | T39: =COUNTIFS(Consolidado!$AL:$AL,IF(ISBLANK($C$2),"<>",$C$2),Consolidado!$Q:$Q,Análise!S39,Consolidado!$B:$B,"<="&Análise!$C$10,Consolidado!$B:$B,">="&Análise!$C$9,Consolidado!$C:$C,IF(ISBLANK($C$3),"<>",$C$3),Consolidado!$AU:$AU,"S") -> 0 | U39: =IFERROR(T39/$T$40,0) -> 0
